Cruise	Station	Type	mon/day/yr	hh:mm:ss	Longitude [degrees_east]	Latitude [degrees_north]	Bot. Depth [m]	Depth [m]	EchoInt [count]	Correl [count]	U [cm/s]	V [cm/s]	Err [cm/s]	Mag [cm/s]	Dir [deg]	Jrs. Cal
S201500200_PROTEVS	1	C	01/22/2015	07:08:29	8.55492442	42.72718719		18.68	140.0	237.0	-9.7	-1.0	0.5	9.8	264.1	22.2975578704
S201500200_PROTEVS	1	C	01/22/2015	07:08:29	8.55492442	42.72718719		26.68	125.0	239.0	-10.0	-1.0	-0.8	10.0	264.3	22.2975578704
S201500200_PROTEVS	1	C	01/22/2015	07:08:29	8.55492442	42.72718719		34.68	115.0	240.0	-4.8	3.8	1.3	6.1	308.4	22.2975578704
S201500200_PROTEVS	1	C	01/22/2015	07:08:29	8.55492442	42.72718719		42.68	108.0	240.0	1.8	8.3	-0.4	8.5	12.2	22.2975578704
S201500200_PROTEVS	1	C	01/22/2015	07:08:29	8.55492442	42.72718719		50.68	102.0	240.0	6.3	7.9	1.0	10.1	38.6	22.2975578704
S201500200_PROTEVS	1	C	01/22/2015	07:08:29	8.55492442	42.72718719		58.68	92.0	238.0	6.6	3.6	-0.2	7.5	61.4	22.2975578704
S201500200_PROTEVS	1	C	01/22/2015	07:08:29	8.55492442	42.72718719		66.68	81.0	239.0	11.7	2.1	-0.5	11.9	79.8	22.2975578704
S201500200_PROTEVS	1	C	01/22/2015	07:08:29	8.55492442	42.72718719		74.68	74.0	238.0	10.7	4.2	-0.3	11.5	68.6	22.2975578704
S201500200_PROTEVS	1	C	01/22/2015	07:08:29	8.55492442	42.72718719		82.68	66.0	237.0	10.0	4.8	1.0	11.1	64.4	22.2975578704
S201500200_PROTEVS	1	C	01/22/2015	07:08:29	8.55492442	42.72718719		90.68	56.0	234.0	11.1	11.0	0.0	15.6	45.3	22.2975578704
S201500200_PROTEVS	1	C	01/22/2015	07:08:29	8.55492442	42.72718719		98.68	46.0	226.0	9.4	9.5	-0.1	13.4	44.7	22.2975578704
S201500200_PROTEVS	1	C	01/22/2015	07:08:29	8.55492442	42.72718719		106.68	38.0	211.0	8.0	8.2	0.8	11.5	44.3	22.2975578704
S201500200_PROTEVS	1	C	01/22/2015	07:08:29	8.55492442	42.72718719		114.68	29.0	173.0	9.1	9.1	-2.1	12.9	45.0	22.2975578704
S201500200_PROTEVS	1	C	01/22/2015	07:08:29	8.55492442	42.72718719		122.68	24.0	135.0	7.6	37.3	-1.9	38.1	11.5	22.2975578704
S201500200_PROTEVS	1	C	01/22/2015	07:08:29	8.55492442	42.72718719		130.68	21.0	108.0	9.4	23.3		25.1	22.0	22.2975578704
S201500200_PROTEVS	1	C	01/22/2015	07:08:29	8.55492442	42.72718719		138.68	21.0	100.0	4.1	35.8	2.0	36.0	6.5	22.2975578704
S201500200_PROTEVS	1	C	01/22/2015	07:08:29	8.55492442	42.72718719		146.68	20.0	87.0	16.8	99.9	-4.9	101.3	9.5	22.2975578704
S201500200_PROTEVS	1	C	01/22/2015	07:08:29	8.55492442	42.72718719		154.68	20.0	82.0	-3.7	43.4	6.7	43.6	355.1	22.2975578704
S201500200_PROTEVS	1	C	01/22/2015	07:08:29	8.55492442	42.72718719		162.68	22.0	106.0	7.1	88.9	1.7	89.2	4.6	22.2975578704
S201500200_PROTEVS	1	C	01/22/2015	07:08:29	8.55492442	42.72718719		170.68	28.0	162.0	6.5	35.9	-4.0	36.5	10.3	22.2975578704
S201500200_PROTEVS	1	C	01/22/2015	07:08:29	8.55492442	42.72718719		178.68	34.0	196.0	7.3	12.9	0.4	14.8	29.5	22.2975578704
S201500200_PROTEVS	1	C	01/22/2015	07:08:29	8.55492442	42.72718719		186.68	36.0	214.0	5.4	8.2	-0.3	9.8	33.4	22.2975578704
S201500200_PROTEVS	1	C	01/22/2015	07:08:29	8.55492442	42.72718719		194.68	36.0	214.0	3.4	6.5	-0.2	7.3	27.6	22.2975578704
S201500200_PROTEVS	1	C	01/22/2015	07:08:29	8.55492442	42.72718719		202.68	33.0	203.0	3.8	7.9	1.1	8.8	25.7	22.2975578704
S201500200_PROTEVS	1	C	01/22/2015	07:08:29	8.55492442	42.72718719		210.68	30.0	190.0	6.4	6.5	2.2	9.1	44.6	22.2975578704
S201500200_PROTEVS	1	C	01/22/2015	07:08:29	8.55492442	42.72718719		218.68	29.0	183.0	6.6	5.2	0.6	8.4	51.8	22.2975578704
S201500200_PROTEVS	1	C	01/22/2015	07:08:29	8.55492442	42.72718719		226.68	26.0	170.0	6.6	7.3	2.9	9.8	42.1	22.2975578704
S201500200_PROTEVS	1	C	01/22/2015	07:08:29	8.55492442	42.72718719		234.68	24.0	152.0	4.0	2.7	0.1	4.8	56.0	22.2975578704
S201500200_PROTEVS	1	C	01/22/2015	07:08:29	8.55492442	42.72718719		242.68	24.0	148.0	8.8	-16.7	-0.4	18.9	152.2	22.2975578704
S201500200_PROTEVS	1	C	01/22/2015	07:08:29	8.55492442	42.72718719		250.68	22.0	129.0	3.9	-20.8	2.4	21.2	169.4	22.2975578704
S201500200_PROTEVS	1	C	01/22/2015	07:08:29	8.55492442	42.72718719		258.68	21.0	113.0	1.9	-43.0	-0.1	43.0	177.5	22.2975578704
S201500200_PROTEVS	1	C	01/22/2015	07:08:29	8.55492442	42.72718719		266.68	20.0	109.0	1.9	-19.9	6.9	20.0	174.5	22.2975578704
S201500200_PROTEVS	1	C	01/22/2015	07:08:29	8.55492442	42.72718719		274.68	19.0	88.0	-51.4	-25.1		57.2	244.0	22.2975578704
S201500200_PROTEVS	1	C	01/22/2015	07:08:29	8.55492442	42.72718719		282.68	19.0	70.0						22.2975578704
S201500200_PROTEVS	1	C	01/22/2015	07:08:29	8.55492442	42.72718719		290.68	18.0	57.0						22.2975578704
S201500200_PROTEVS	1	C	01/22/2015	07:08:29	8.55492442	42.72718719		298.68	17.0	47.0						22.2975578704
S201500200_PROTEVS	1	C	01/22/2015	07:08:29	8.55492442	42.72718719		306.68	17.0	43.0						22.2975578704
S201500200_PROTEVS	1	C	01/22/2015	07:08:29	8.55492442	42.72718719		314.68	17.0	42.0						22.2975578704
S201500200_PROTEVS	1	C	01/22/2015	07:08:29	8.55492442	42.72718719		322.68	17.0	46.0						22.2975578704
S201500200_PROTEVS	1	C	01/22/2015	07:08:29	8.55492442	42.72718719		330.68	18.0	48.0						22.2975578704
S201500200_PROTEVS	2	C	01/22/2015	07:18:35	8.54602004	42.73895513		18.68	141.0	234.0	-6.8	3.0	1.9	7.4	293.8	22.3045717593
S201500200_PROTEVS	2	C	01/22/2015	07:18:35	8.54602004	42.73895513		26.68	126.0	239.0	-4.5	3.8	0.1	5.9	310.2	22.3045717593
S201500200_PROTEVS	2	C	01/22/2015	07:18:35	8.54602004	42.73895513		34.68	115.0	239.0	-2.7	5.2	2.7	5.9	332.6	22.3045717593
S201500200_PROTEVS	2	C	01/22/2015	07:18:35	8.54602004	42.73895513		42.68	108.0	240.0	1.3	7.1	1.3	7.2	10.4	22.3045717593
S201500200_PROTEVS	2	C	01/22/2015	07:18:35	8.54602004	42.73895513		50.68	98.0	238.0	6.8	10.3	-0.8	12.3	33.4	22.3045717593
S201500200_PROTEVS	2	C	01/22/2015	07:18:35	8.54602004	42.73895513		58.68	82.0	236.0	9.8	10.8	0.9	14.6	42.2	22.3045717593
S201500200_PROTEVS	2	C	01/22/2015	07:18:35	8.54602004	42.73895513		66.68	73.0	238.0	7.7	8.4	1.8	11.4	42.5	22.3045717593
S201500200_PROTEVS	2	C	01/22/2015	07:18:35	8.54602004	42.73895513		74.68	67.0	237.0	6.6	6.1	0.0	9.0	47.3	22.3045717593
S201500200_PROTEVS	2	C	01/22/2015	07:18:35	8.54602004	42.73895513		82.68	58.0	235.0	6.5	9.7	-1.9	11.7	33.8	22.3045717593
S201500200_PROTEVS	2	C	01/22/2015	07:18:35	8.54602004	42.73895513		90.68	48.0	228.0	3.4	10.6	0.8	11.1	17.8	22.3045717593
S201500200_PROTEVS	2	C	01/22/2015	07:18:35	8.54602004	42.73895513		98.68	40.0	208.0	6.0	8.7	-0.6	10.6	34.6	22.3045717593
S201500200_PROTEVS	2	C	01/22/2015	07:18:35	8.54602004	42.73895513		106.68	31.0	177.0	8.0	12.5	0.9	14.8	32.6	22.3045717593
S201500200_PROTEVS	2	C	01/22/2015	07:18:35	8.54602004	42.73895513		114.68	26.0	150.0	0.8	7.5	-1.5	7.5	6.1	22.3045717593
S201500200_PROTEVS	2	C	01/22/2015	07:18:35	8.54602004	42.73895513		122.68	22.0	121.0	18.2	10.7	-6.8	21.1	59.5	22.3045717593
S201500200_PROTEVS	2	C	01/22/2015	07:18:35	8.54602004	42.73895513		130.68	21.0	98.0	11.1	21.8	-13.7	24.5	27.0	22.3045717593
S201500200_PROTEVS	2	C	01/22/2015	07:18:35	8.54602004	42.73895513		138.68	19.0	81.0	16.5	5.5		17.4	71.6	22.3045717593
S201500200_PROTEVS	2	C	01/22/2015	07:18:35	8.54602004	42.73895513		146.68	20.0	74.0	15.7	5.1		16.5	72.0	22.3045717593
S201500200_PROTEVS	2	C	01/22/2015	07:18:35	8.54602004	42.73895513		154.68	19.0	69.0	-8.5	36.3		37.3	346.8	22.3045717593
S201500200_PROTEVS	2	C	01/22/2015	07:18:35	8.54602004	42.73895513		162.68	18.0	64.0	-30.1	56.2		63.8	331.8	22.3045717593
S201500200_PROTEVS	2	C	01/22/2015	07:18:35	8.54602004	42.73895513		170.68	19.0	72.0	-22.0	14.7		26.5	303.8	22.3045717593
S201500200_PROTEVS	2	C	01/22/2015	07:18:35	8.54602004	42.73895513		178.68	22.0	106.0	-16.2	18.5	-25.6	24.6	318.8	22.3045717593
S201500200_PROTEVS	2	C	01/22/2015	07:18:35	8.54602004	42.73895513		186.68	27.0	163.0	4.8	14.4	-1.6	15.2	18.4	22.3045717593
S201500200_PROTEVS	2	C	01/22/2015	07:18:35	8.54602004	42.73895513		194.68	30.0	188.0	6.7	11.7	3.4	13.5	29.8	22.3045717593
S201500200_PROTEVS	2	C	01/22/2015	07:18:35	8.54602004	42.73895513		202.68	30.0	189.0	9.4	8.3	0.4	12.5	48.6	22.3045717593
S201500200_PROTEVS	2	C	01/22/2015	07:18:35	8.54602004	42.73895513		210.68	28.0	180.0	7.8	4.6	-0.1	9.1	59.5	22.3045717593
S201500200_PROTEVS	2	C	01/22/2015	07:18:35	8.54602004	42.73895513		218.68	26.0	170.0	6.4	4.6	-0.5	7.9	54.3	22.3045717593
S201500200_PROTEVS	2	C	01/22/2015	07:18:35	8.54602004	42.73895513		226.68	26.0	169.0	8.3	2.0	-0.3	8.5	76.5	22.3045717593
S201500200_PROTEVS	2	C	01/22/2015	07:18:35	8.54602004	42.73895513		234.68	27.0	169.0	5.5	3.2	1.1	6.4	59.8	22.3045717593
S201500200_PROTEVS	2	C	01/22/2015	07:18:35	8.54602004	42.73895513		242.68	25.0	160.0	7.7	5.3	1.0	9.3	55.5	22.3045717593
S201500200_PROTEVS	2	C	01/22/2015	07:18:35	8.54602004	42.73895513		250.68	23.0	144.0	-2.4	5.8	-0.2	6.3	337.5	22.3045717593
S201500200_PROTEVS	2	C	01/22/2015	07:18:35	8.54602004	42.73895513		258.68	22.0	124.0	-1.9	4.8	4.5	5.2	338.4	22.3045717593
S201500200_PROTEVS	2	C	01/22/2015	07:18:35	8.54602004	42.73895513		266.68	20.0	107.0	-9.3	26.3		27.9	340.5	22.3045717593
S201500200_PROTEVS	2	C	01/22/2015	07:18:35	8.54602004	42.73895513		274.68	19.0	88.0	36.7	3.8	18.3	36.9	84.1	22.3045717593
S201500200_PROTEVS	2	C	01/22/2015	07:18:35	8.54602004	42.73895513		282.68	19.0	73.0						22.3045717593
S201500200_PROTEVS	2	C	01/22/2015	07:18:35	8.54602004	42.73895513		290.68	18.0	62.0						22.3045717593
S201500200_PROTEVS	2	C	01/22/2015	07:18:35	8.54602004	42.73895513		298.68	17.0	51.0						22.3045717593
S201500200_PROTEVS	2	C	01/22/2015	07:18:35	8.54602004	42.73895513		306.68	17.0	45.0						22.3045717593
S201500200_PROTEVS	2	C	01/22/2015	07:18:35	8.54602004	42.73895513		314.68	17.0	41.0						22.3045717593
S201500200_PROTEVS	2	C	01/22/2015	07:18:35	8.54602004	42.73895513		322.68	17.0	38.0						22.3045717593
S201500200_PROTEVS	2	C	01/22/2015	07:18:35	8.54602004	42.73895513		330.68	17.0	27.0						22.3045717593
S201500200_PROTEVS	3	C	01/22/2015	07:28:31	8.53315076	42.75460469		18.68	144.0	236.0	-4.0	1.7	0.7	4.3	293.0	22.3114699074
S201500200_PROTEVS	3	C	01/22/2015	07:28:31	8.53315076	42.75460469		26.68	126.0	239.0	-1.3	2.1	-0.6	2.5	328.2	22.3114699074
S201500200_PROTEVS	3	C	01/22/2015	07:28:31	8.53315076	42.75460469		34.68	115.0	239.0	-2.8	2.5	-0.3	3.8	311.8	22.3114699074
S201500200_PROTEVS	3	C	01/22/2015	07:28:31	8.53315076	42.75460469		42.68	105.0	238.0	-4.1	2.7	1.1	4.9	303.4	22.3114699074
S201500200_PROTEVS	3	C	01/22/2015	07:28:31	8.53315076	42.75460469		50.68	98.0	240.0	-2.1	7.5	0.0	7.8	344.4	22.3114699074
S201500200_PROTEVS	3	C	01/22/2015	07:28:31	8.53315076	42.75460469		58.68	89.0	238.0	0.1	9.7	0.0	9.7	0.6	22.3114699074
S201500200_PROTEVS	3	C	01/22/2015	07:28:31	8.53315076	42.75460469		66.68	74.0	238.0	1.3	11.3	0.4	11.4	6.6	22.3114699074
S201500200_PROTEVS	3	C	01/22/2015	07:28:31	8.53315076	42.75460469		74.68	70.0	239.0	2.0	11.2	0.2	11.4	10.1	22.3114699074
S201500200_PROTEVS	3	C	01/22/2015	07:28:31	8.53315076	42.75460469		82.68	65.0	237.0	3.1	11.2	2.9	11.6	15.5	22.3114699074
S201500200_PROTEVS	3	C	01/22/2015	07:28:31	8.53315076	42.75460469		90.68	54.0	230.0	-1.0	11.9	2.1	11.9	355.2	22.3114699074
S201500200_PROTEVS	3	C	01/22/2015	07:28:31	8.53315076	42.75460469		98.68	42.0	215.0	3.0	11.6	0.8	12.0	14.5	22.3114699074
S201500200_PROTEVS	3	C	01/22/2015	07:28:31	8.53315076	42.75460469		106.68	32.0	186.0	3.1	11.5	1.0	11.9	15.1	22.3114699074
S201500200_PROTEVS	3	C	01/22/2015	07:28:31	8.53315076	42.75460469		114.68	26.0	149.0	9.8	11.7	-3.5	15.3	39.9	22.3114699074
S201500200_PROTEVS	3	C	01/22/2015	07:28:31	8.53315076	42.75460469		122.68	24.0	134.0	8.5	5.7	3.3	10.2	56.2	22.3114699074
S201500200_PROTEVS	3	C	01/22/2015	07:28:31	8.53315076	42.75460469		130.68	21.0	108.0	-10.4	12.1	-24.2	16.0	319.3	22.3114699074
S201500200_PROTEVS	3	C	01/22/2015	07:28:31	8.53315076	42.75460469		138.68	20.0	88.0	16.9	-12.7		21.1	126.9	22.3114699074
S201500200_PROTEVS	3	C	01/22/2015	07:28:31	8.53315076	42.75460469		146.68	19.0	77.0	-11.3	-10.6		15.5	226.8	22.3114699074
S201500200_PROTEVS	3	C	01/22/2015	07:28:31	8.53315076	42.75460469		154.68	19.0	68.0						22.3114699074
S201500200_PROTEVS	3	C	01/22/2015	07:28:31	8.53315076	42.75460469		162.68	19.0	73.0	24.8	16.7		29.9	56.0	22.3114699074
S201500200_PROTEVS	3	C	01/22/2015	07:28:31	8.53315076	42.75460469		170.68	20.0	88.0	14.4	-23.6		27.6	148.6	22.3114699074
S201500200_PROTEVS	3	C	01/22/2015	07:28:31	8.53315076	42.75460469		178.68	23.0	128.0	17.6	2.8	-3.8	17.8	81.0	22.3114699074
S201500200_PROTEVS	3	C	01/22/2015	07:28:31	8.53315076	42.75460469		186.68	26.0	163.0	9.1	14.7	3.7	17.3	31.8	22.3114699074
S201500200_PROTEVS	3	C	01/22/2015	07:28:31	8.53315076	42.75460469		194.68	29.0	184.0	4.8	8.0	2.8	9.3	31.0	22.3114699074
S201500200_PROTEVS	3	C	01/22/2015	07:28:31	8.53315076	42.75460469		202.68	30.0	184.0	5.6	6.9	1.9	8.9	39.1	22.3114699074
S201500200_PROTEVS	3	C	01/22/2015	07:28:31	8.53315076	42.75460469		210.68	29.0	182.0	9.1	6.7	1.2	11.3	53.6	22.3114699074
S201500200_PROTEVS	3	C	01/22/2015	07:28:31	8.53315076	42.75460469		218.68	27.0	171.0	5.1	6.5	0.6	8.3	38.1	22.3114699074
S201500200_PROTEVS	3	C	01/22/2015	07:28:31	8.53315076	42.75460469		226.68	26.0	168.0	8.5	1.1	-0.3	8.6	82.6	22.3114699074
S201500200_PROTEVS	3	C	01/22/2015	07:28:31	8.53315076	42.75460469		234.68	26.0	159.0	9.4	3.2	5.1	9.9	71.2	22.3114699074
S201500200_PROTEVS	3	C	01/22/2015	07:28:31	8.53315076	42.75460469		242.68	23.0	141.0	12.3	-5.7	2.8	13.6	114.9	22.3114699074
S201500200_PROTEVS	3	C	01/22/2015	07:28:31	8.53315076	42.75460469		250.68	22.0	120.0	21.7	-8.9	1.4	23.5	112.3	22.3114699074
S201500200_PROTEVS	3	C	01/22/2015	07:28:31	8.53315076	42.75460469		258.68	21.0	103.0	29.9	-18.4		35.1	121.6	22.3114699074
S201500200_PROTEVS	3	C	01/22/2015	07:28:31	8.53315076	42.75460469		266.68	19.0	84.0	2.4	14.8		15.0	9.2	22.3114699074
S201500200_PROTEVS	3	C	01/22/2015	07:28:31	8.53315076	42.75460469		274.68	18.0	75.0						22.3114699074
S201500200_PROTEVS	3	C	01/22/2015	07:28:31	8.53315076	42.75460469		282.68	18.0	63.0						22.3114699074
S201500200_PROTEVS	3	C	01/22/2015	07:28:31	8.53315076	42.75460469		290.68	18.0	56.0						22.3114699074
S201500200_PROTEVS	3	C	01/22/2015	07:28:31	8.53315076	42.75460469		298.68	18.0	51.0						22.3114699074
S201500200_PROTEVS	3	C	01/22/2015	07:28:31	8.53315076	42.75460469		306.68	18.0	47.0						22.3114699074
S201500200_PROTEVS	3	C	01/22/2015	07:28:31	8.53315076	42.75460469		314.68	17.0	45.0						22.3114699074
S201500200_PROTEVS	3	C	01/22/2015	07:28:31	8.53315076	42.75460469		322.68	17.0	41.0						22.3114699074
S201500200_PROTEVS	3	C	01/22/2015	07:28:31	8.53315076	42.75460469		330.68	17.0	42.0						22.3114699074
S201500200_PROTEVS	4	C	01/22/2015	07:38:35	8.51705667	42.77176769		18.68	145.0	237.0	-0.1	3.1	2.3	3.1	358.2	22.3184606481
S201500200_PROTEVS	4	C	01/22/2015	07:38:35	8.51705667	42.77176769		26.68	128.0	239.0	0.6	4.3	0.7	4.3	7.9	22.3184606481
S201500200_PROTEVS	4	C	01/22/2015	07:38:35	8.51705667	42.77176769		34.68	116.0	239.0	-0.2	5.7	0.6	5.7	358.0	22.3184606481
S201500200_PROTEVS	4	C	01/22/2015	07:38:35	8.51705667	42.77176769		42.68	108.0	239.0	-0.5	12.2	0.3	12.2	357.7	22.3184606481
S201500200_PROTEVS	4	C	01/22/2015	07:38:35	8.51705667	42.77176769		50.68	99.0	239.0	-0.4	14.4	-0.8	14.4	358.4	22.3184606481
S201500200_PROTEVS	4	C	01/22/2015	07:38:35	8.51705667	42.77176769		58.68	84.0	237.0	0.6	16.8	0.2	16.8	2.0	22.3184606481
S201500200_PROTEVS	4	C	01/22/2015	07:38:35	8.51705667	42.77176769		66.68	74.0	238.0	1.3	18.4	0.3	18.4	4.0	22.3184606481
S201500200_PROTEVS	4	C	01/22/2015	07:38:35	8.51705667	42.77176769		74.68	74.0	240.0	2.6	18.5	0.1	18.7	8.0	22.3184606481
S201500200_PROTEVS	4	C	01/22/2015	07:38:35	8.51705667	42.77176769		82.68	67.0	237.0	5.0	14.7	1.4	15.5	18.8	22.3184606481
S201500200_PROTEVS	4	C	01/22/2015	07:38:35	8.51705667	42.77176769		90.68	56.0	233.0	2.5	15.7	0.6	15.9	9.0	22.3184606481
S201500200_PROTEVS	4	C	01/22/2015	07:38:35	8.51705667	42.77176769		98.68	47.0	226.0	0.1	14.4	1.0	14.4	0.4	22.3184606481
S201500200_PROTEVS	4	C	01/22/2015	07:38:35	8.51705667	42.77176769		106.68	37.0	204.0	3.5	15.2	1.0	15.6	13.0	22.3184606481
S201500200_PROTEVS	4	C	01/22/2015	07:38:35	8.51705667	42.77176769		114.68	29.0	169.0	6.1	14.1	2.8	15.4	23.4	22.3184606481
S201500200_PROTEVS	4	C	01/22/2015	07:38:35	8.51705667	42.77176769		122.68	25.0	144.0	8.4	10.3	2.5	13.3	39.2	22.3184606481
S201500200_PROTEVS	4	C	01/22/2015	07:38:35	8.51705667	42.77176769		130.68	21.0	106.0	5.3	9.6	-2.8	11.0	28.9	22.3184606481
S201500200_PROTEVS	4	C	01/22/2015	07:38:35	8.51705667	42.77176769		138.68	20.0	84.0	-15.3	-24.9		29.2	211.6	22.3184606481
S201500200_PROTEVS	4	C	01/22/2015	07:38:35	8.51705667	42.77176769		146.68	20.0	76.0	-23.2	14.2		27.2	301.5	22.3184606481
S201500200_PROTEVS	4	C	01/22/2015	07:38:35	8.51705667	42.77176769		154.68	19.0	70.0	-25.9	-64.6		69.6	201.8	22.3184606481
S201500200_PROTEVS	4	C	01/22/2015	07:38:35	8.51705667	42.77176769		162.68	19.0	71.0						22.3184606481
S201500200_PROTEVS	4	C	01/22/2015	07:38:35	8.51705667	42.77176769		170.68	20.0	80.0						22.3184606481
S201500200_PROTEVS	4	C	01/22/2015	07:38:35	8.51705667	42.77176769		178.68	23.0	123.0	-4.8	13.7	0.9	14.5	340.7	22.3184606481
S201500200_PROTEVS	4	C	01/22/2015	07:38:35	8.51705667	42.77176769		186.68	28.0	172.0	5.9	6.6	1.8	8.9	41.8	22.3184606481
S201500200_PROTEVS	4	C	01/22/2015	07:38:35	8.51705667	42.77176769		194.68	32.0	196.0	5.9	8.6	1.1	10.4	34.5	22.3184606481
S201500200_PROTEVS	4	C	01/22/2015	07:38:35	8.51705667	42.77176769		202.68	34.0	203.0	6.4	7.4	1.8	9.8	40.9	22.3184606481
S201500200_PROTEVS	4	C	01/22/2015	07:38:35	8.51705667	42.77176769		210.68	34.0	200.0	5.3	8.2	0.9	9.8	32.9	22.3184606481
S201500200_PROTEVS	4	C	01/22/2015	07:38:35	8.51705667	42.77176769		218.68	32.0	194.0	5.8	5.6	3.7	8.1	46.0	22.3184606481
S201500200_PROTEVS	4	C	01/22/2015	07:38:35	8.51705667	42.77176769		226.68	29.0	183.0	1.4	0.5	2.1	1.5	70.3	22.3184606481
S201500200_PROTEVS	4	C	01/22/2015	07:38:35	8.51705667	42.77176769		234.68	27.0	170.0	2.2	1.4	1.9	2.6	57.5	22.3184606481
S201500200_PROTEVS	4	C	01/22/2015	07:38:35	8.51705667	42.77176769		242.68	25.0	155.0	-2.8	4.0	3.8	4.9	325.0	22.3184606481
S201500200_PROTEVS	4	C	01/22/2015	07:38:35	8.51705667	42.77176769		250.68	23.0	139.0	0.0	1.5	-3.4	1.5	0.0	22.3184606481
S201500200_PROTEVS	4	C	01/22/2015	07:38:35	8.51705667	42.77176769		258.68	22.0	122.0	2.7	4.2	16.2	5.0	32.7	22.3184606481
S201500200_PROTEVS	4	C	01/22/2015	07:38:35	8.51705667	42.77176769		266.68	21.0	106.0	-4.9	-13.1	17.0	14.0	200.5	22.3184606481
S201500200_PROTEVS	4	C	01/22/2015	07:38:35	8.51705667	42.77176769		274.68	20.0	93.0	-0.4	-28.2		28.2	180.8	22.3184606481
S201500200_PROTEVS	4	C	01/22/2015	07:38:35	8.51705667	42.77176769		282.68	18.0	80.0						22.3184606481
S201500200_PROTEVS	4	C	01/22/2015	07:38:35	8.51705667	42.77176769		290.68	18.0	70.0						22.3184606481
S201500200_PROTEVS	4	C	01/22/2015	07:38:35	8.51705667	42.77176769		298.68	18.0	59.0						22.3184606481
S201500200_PROTEVS	4	C	01/22/2015	07:38:35	8.51705667	42.77176769		306.68	18.0	55.0						22.3184606481
S201500200_PROTEVS	4	C	01/22/2015	07:38:35	8.51705667	42.77176769		314.68	18.0	56.0						22.3184606481
S201500200_PROTEVS	4	C	01/22/2015	07:38:35	8.51705667	42.77176769		322.68	18.0	58.0						22.3184606481
S201500200_PROTEVS	4	C	01/22/2015	07:38:35	8.51705667	42.77176769		330.68	18.0	44.0						22.3184606481
S201500200_PROTEVS	5	C	01/22/2015	07:48:30	8.49932618	42.79023742		18.68	141.0	235.0	2.7	13.3	1.5	13.6	11.5	22.3253472222
S201500200_PROTEVS	5	C	01/22/2015	07:48:30	8.49932618	42.79023742		26.68	125.0	240.0	6.8	13.7	-1.8	15.3	26.4	22.3253472222
S201500200_PROTEVS	5	C	01/22/2015	07:48:30	8.49932618	42.79023742		34.68	112.0	240.0	7.8	12.4	0.6	14.6	32.2	22.3253472222
S201500200_PROTEVS	5	C	01/22/2015	07:48:30	8.49932618	42.79023742		42.68	100.0	238.0	7.9	15.5	1.2	17.4	27.0	22.3253472222
S201500200_PROTEVS	5	C	01/22/2015	07:48:30	8.49932618	42.79023742		50.68	88.0	240.0	5.4	18.2	2.7	19.0	16.5	22.3253472222
S201500200_PROTEVS	5	C	01/22/2015	07:48:30	8.49932618	42.79023742		58.68	82.0	239.0	7.0	17.0	1.7	18.4	22.4	22.3253472222
S201500200_PROTEVS	5	C	01/22/2015	07:48:30	8.49932618	42.79023742		66.68	76.0	240.0	10.5	15.6	1.1	18.8	33.9	22.3253472222
S201500200_PROTEVS	5	C	01/22/2015	07:48:30	8.49932618	42.79023742		74.68	72.0	239.0	11.3	13.0	0.3	17.2	41.0	22.3253472222
S201500200_PROTEVS	5	C	01/22/2015	07:48:30	8.49932618	42.79023742		82.68	65.0	238.0	10.9	13.6	1.2	17.4	38.7	22.3253472222
S201500200_PROTEVS	5	C	01/22/2015	07:48:30	8.49932618	42.79023742		90.68	56.0	235.0	8.1	13.1	1.6	15.4	31.7	22.3253472222
S201500200_PROTEVS	5	C	01/22/2015	07:48:30	8.49932618	42.79023742		98.68	46.0	226.0	8.0	11.4	0.7	13.9	35.1	22.3253472222
S201500200_PROTEVS	5	C	01/22/2015	07:48:30	8.49932618	42.79023742		106.68	38.0	211.0	7.7	12.7	0.7	14.9	31.2	22.3253472222
S201500200_PROTEVS	5	C	01/22/2015	07:48:30	8.49932618	42.79023742		114.68	30.0	183.0	8.8	10.6	2.6	13.8	39.7	22.3253472222
S201500200_PROTEVS	5	C	01/22/2015	07:48:30	8.49932618	42.79023742		122.68	24.0	141.0	9.3	10.2	-0.1	13.8	42.4	22.3253472222
S201500200_PROTEVS	5	C	01/22/2015	07:48:30	8.49932618	42.79023742		130.68	21.0	101.0	7.2	20.0	14.4	21.3	19.8	22.3253472222
S201500200_PROTEVS	5	C	01/22/2015	07:48:30	8.49932618	42.79023742		138.68	19.0	75.0						22.3253472222
S201500200_PROTEVS	5	C	01/22/2015	07:48:30	8.49932618	42.79023742		146.68	18.0	59.0						22.3253472222
S201500200_PROTEVS	5	C	01/22/2015	07:48:30	8.49932618	42.79023742		154.68	18.0	51.0						22.3253472222
S201500200_PROTEVS	5	C	01/22/2015	07:48:30	8.49932618	42.79023742		162.68	18.0	48.0	-3.7	26.9		27.2	352.2	22.3253472222
S201500200_PROTEVS	5	C	01/22/2015	07:48:30	8.49932618	42.79023742		170.68	18.0	45.0						22.3253472222
S201500200_PROTEVS	5	C	01/22/2015	07:48:30	8.49932618	42.79023742		178.68	18.0	44.0						22.3253472222
S201500200_PROTEVS	5	C	01/22/2015	07:48:30	8.49932618	42.79023742		186.68	18.0	54.0	20.9	26.2		33.5	38.6	22.3253472222
S201500200_PROTEVS	5	C	01/22/2015	07:48:30	8.49932618	42.79023742		194.68	20.0	81.0	13.4	27.4	25.7	30.5	26.1	22.3253472222
S201500200_PROTEVS	5	C	01/22/2015	07:48:30	8.49932618	42.79023742		202.68	23.0	120.0	3.0	11.1	1.9	11.5	15.1	22.3253472222
S201500200_PROTEVS	5	C	01/22/2015	07:48:30	8.49932618	42.79023742		210.68	26.0	151.0	4.5	10.9	5.7	11.8	22.4	22.3253472222
S201500200_PROTEVS	5	C	01/22/2015	07:48:30	8.49932618	42.79023742		218.68	28.0	166.0	5.8	2.8	1.6	6.4	64.2	22.3253472222
S201500200_PROTEVS	5	C	01/22/2015	07:48:30	8.49932618	42.79023742		226.68	29.0	172.0	2.8	-3.3	2.9	4.3	139.7	22.3253472222
S201500200_PROTEVS	5	C	01/22/2015	07:48:30	8.49932618	42.79023742		234.68	27.0	165.0	1.4	-0.6	1.7	1.5	113.2	22.3253472222
S201500200_PROTEVS	5	C	01/22/2015	07:48:30	8.49932618	42.79023742		242.68	25.0	157.0	5.6	-1.7	1.7	5.9	106.9	22.3253472222
S201500200_PROTEVS	5	C	01/22/2015	07:48:30	8.49932618	42.79023742		250.68	24.0	147.0	3.0	-1.6	1.6	3.4	118.1	22.3253472222
S201500200_PROTEVS	5	C	01/22/2015	07:48:30	8.49932618	42.79023742		258.68	22.0	131.0	-2.2	-4.0	5.2	4.6	208.8	22.3253472222
S201500200_PROTEVS	5	C	01/22/2015	07:48:30	8.49932618	42.79023742		266.68	21.0	112.0	-7.8	-2.6		8.2	251.6	22.3253472222
S201500200_PROTEVS	5	C	01/22/2015	07:48:30	8.49932618	42.79023742		274.68	19.0	92.0	23.4	26.3		35.2	41.7	22.3253472222
S201500200_PROTEVS	5	C	01/22/2015	07:48:30	8.49932618	42.79023742		282.68	19.0	75.0						22.3253472222
S201500200_PROTEVS	5	C	01/22/2015	07:48:30	8.49932618	42.79023742		290.68	18.0	62.0						22.3253472222
S201500200_PROTEVS	5	C	01/22/2015	07:48:30	8.49932618	42.79023742		298.68	18.0	52.0						22.3253472222
S201500200_PROTEVS	5	C	01/22/2015	07:48:30	8.49932618	42.79023742		306.68	18.0	52.0						22.3253472222
S201500200_PROTEVS	5	C	01/22/2015	07:48:30	8.49932618	42.79023742		314.68	17.0	52.0						22.3253472222
S201500200_PROTEVS	5	C	01/22/2015	07:48:30	8.49932618	42.79023742		322.68	18.0	50.0						22.3253472222
S201500200_PROTEVS	5	C	01/22/2015	07:48:30	8.49932618	42.79023742		330.68	17.0	43.0						22.3253472222
S201500200_PROTEVS	6	C	01/22/2015	07:58:31	8.48005450	42.81041752		18.68	147.0	234.0	5.9	25.4	1.4	26.1	13.1	22.3323032407
S201500200_PROTEVS	6	C	01/22/2015	07:58:31	8.48005450	42.81041752		26.68	127.0	239.0	9.8	27.6	2.6	29.3	19.5	22.3323032407
S201500200_PROTEVS	6	C	01/22/2015	07:58:31	8.48005450	42.81041752		34.68	111.0	239.0	9.8	24.5	-0.4	26.4	21.8	22.3323032407
S201500200_PROTEVS	6	C	01/22/2015	07:58:31	8.48005450	42.81041752		42.68	100.0	240.0	8.2	20.7	1.3	22.3	21.6	22.3323032407
S201500200_PROTEVS	6	C	01/22/2015	07:58:31	8.48005450	42.81041752		50.68	95.0	241.0	9.8	19.3	-0.8	21.6	26.9	22.3323032407
S201500200_PROTEVS	6	C	01/22/2015	07:58:31	8.48005450	42.81041752		58.68	88.0	240.0	8.3	17.0	0.4	18.9	26.0	22.3323032407
S201500200_PROTEVS	6	C	01/22/2015	07:58:31	8.48005450	42.81041752		66.68	80.0	239.0	7.6	16.2	1.5	17.9	25.1	22.3323032407
S201500200_PROTEVS	6	C	01/22/2015	07:58:31	8.48005450	42.81041752		74.68	74.0	238.0	8.4	17.0	1.0	19.0	26.3	22.3323032407
S201500200_PROTEVS	6	C	01/22/2015	07:58:31	8.48005450	42.81041752		82.68	68.0	238.0	10.2	16.6	0.4	19.5	31.6	22.3323032407
S201500200_PROTEVS	6	C	01/22/2015	07:58:31	8.48005450	42.81041752		90.68	59.0	234.0	11.8	15.0	-0.3	19.1	38.2	22.3323032407
S201500200_PROTEVS	6	C	01/22/2015	07:58:31	8.48005450	42.81041752		98.68	50.0	230.0	8.3	14.9	-0.8	17.1	29.1	22.3323032407
S201500200_PROTEVS	6	C	01/22/2015	07:58:31	8.48005450	42.81041752		106.68	42.0	220.0	8.6	14.2	3.1	16.6	31.2	22.3323032407
S201500200_PROTEVS	6	C	01/22/2015	07:58:31	8.48005450	42.81041752		114.68	34.0	194.0	7.3	15.3	3.0	17.0	25.5	22.3323032407
S201500200_PROTEVS	6	C	01/22/2015	07:58:31	8.48005450	42.81041752		122.68	28.0	167.0	9.3	6.6	-0.9	11.4	54.6	22.3323032407
S201500200_PROTEVS	6	C	01/22/2015	07:58:31	8.48005450	42.81041752		130.68	24.0	130.0	13.5	8.1	-3.2	15.7	59.0	22.3323032407
S201500200_PROTEVS	6	C	01/22/2015	07:58:31	8.48005450	42.81041752		138.68	21.0	105.0	19.0	22.3	4.7	29.3	40.4	22.3323032407
S201500200_PROTEVS	6	C	01/22/2015	07:58:31	8.48005450	42.81041752		146.68	20.0	86.0	14.5	29.0		32.4	26.6	22.3323032407
S201500200_PROTEVS	6	C	01/22/2015	07:58:31	8.48005450	42.81041752		154.68	20.0	75.0						22.3323032407
S201500200_PROTEVS	6	C	01/22/2015	07:58:31	8.48005450	42.81041752		162.68	18.0	65.0	14.0	27.1		30.5	27.3	22.3323032407
S201500200_PROTEVS	6	C	01/22/2015	07:58:31	8.48005450	42.81041752		170.68	18.0	54.0						22.3323032407
S201500200_PROTEVS	6	C	01/22/2015	07:58:31	8.48005450	42.81041752		178.68	18.0	44.0						22.3323032407
S201500200_PROTEVS	6	C	01/22/2015	07:58:31	8.48005450	42.81041752		186.68	17.0	38.0						22.3323032407
S201500200_PROTEVS	6	C	01/22/2015	07:58:31	8.48005450	42.81041752		194.68	17.0	34.0						22.3323032407
S201500200_PROTEVS	6	C	01/22/2015	07:58:31	8.48005450	42.81041752		202.68	17.0	36.0						22.3323032407
S201500200_PROTEVS	6	C	01/22/2015	07:58:31	8.48005450	42.81041752		210.68	18.0	56.0						22.3323032407
S201500200_PROTEVS	6	C	01/22/2015	07:58:31	8.48005450	42.81041752		218.68	20.0	84.0						22.3323032407
S201500200_PROTEVS	6	C	01/22/2015	07:58:31	8.48005450	42.81041752		226.68	22.0	113.0	4.5	11.2	3.1	12.1	21.9	22.3323032407
S201500200_PROTEVS	6	C	01/22/2015	07:58:31	8.48005450	42.81041752		234.68	24.0	131.0	2.4	7.1	1.7	7.5	18.7	22.3323032407
S201500200_PROTEVS	6	C	01/22/2015	07:58:31	8.48005450	42.81041752		242.68	24.0	140.0	4.7	9.1	-0.7	10.2	27.3	22.3323032407
S201500200_PROTEVS	6	C	01/22/2015	07:58:31	8.48005450	42.81041752		250.68	23.0	128.0	-1.4	3.0	-5.2	3.3	335.0	22.3323032407
S201500200_PROTEVS	6	C	01/22/2015	07:58:31	8.48005450	42.81041752		258.68	22.0	120.0	9.3	9.4	0.4	13.2	44.7	22.3323032407
S201500200_PROTEVS	6	C	01/22/2015	07:58:31	8.48005450	42.81041752		266.68	21.0	117.0	4.8	13.0		13.9	20.3	22.3323032407
S201500200_PROTEVS	6	C	01/22/2015	07:58:31	8.48005450	42.81041752		274.68	20.0	105.0	16.4	-7.1		17.9	113.4	22.3323032407
S201500200_PROTEVS	6	C	01/22/2015	07:58:31	8.48005450	42.81041752		282.68	20.0	89.0	-8.6	-2.2		8.9	255.7	22.3323032407
S201500200_PROTEVS	6	C	01/22/2015	07:58:31	8.48005450	42.81041752		290.68	19.0	72.0						22.3323032407
S201500200_PROTEVS	6	C	01/22/2015	07:58:31	8.48005450	42.81041752		298.68	18.0	55.0						22.3323032407
S201500200_PROTEVS	6	C	01/22/2015	07:58:31	8.48005450	42.81041752		306.68	17.0	47.0						22.3323032407
S201500200_PROTEVS	6	C	01/22/2015	07:58:31	8.48005450	42.81041752		314.68	17.0	43.0						22.3323032407
S201500200_PROTEVS	6	C	01/22/2015	07:58:31	8.48005450	42.81041752		322.68	17.0	44.0						22.3323032407
S201500200_PROTEVS	6	C	01/22/2015	07:58:31	8.48005450	42.81041752		330.68	18.0	32.0						22.3323032407
S201500200_PROTEVS	7	C	01/22/2015	08:08:33	8.45954591	42.83139001		18.68	143.0	232.0	-8.6	22.4	0.1	24.0	339.0	22.3392708333
S201500200_PROTEVS	7	C	01/22/2015	08:08:33	8.45954591	42.83139001		26.68	124.0	238.0	-3.0	21.8	-0.3	22.0	352.2	22.3392708333
S201500200_PROTEVS	7	C	01/22/2015	08:08:33	8.45954591	42.83139001		34.68	112.0	239.0	-0.1	16.9	-0.6	16.9	359.7	22.3392708333
S201500200_PROTEVS	7	C	01/22/2015	08:08:33	8.45954591	42.83139001		42.68	101.0	238.0	-0.2	15.2	2.0	15.2	359.2	22.3392708333
S201500200_PROTEVS	7	C	01/22/2015	08:08:33	8.45954591	42.83139001		50.68	92.0	239.0	2.9	15.9	2.3	16.2	10.3	22.3392708333
S201500200_PROTEVS	7	C	01/22/2015	08:08:33	8.45954591	42.83139001		58.68	80.0	237.0	3.9	15.5	1.9	16.0	14.1	22.3392708333
S201500200_PROTEVS	7	C	01/22/2015	08:08:33	8.45954591	42.83139001		66.68	72.0	238.0	6.8	14.5	1.5	16.0	25.1	22.3392708333
S201500200_PROTEVS	7	C	01/22/2015	08:08:33	8.45954591	42.83139001		74.68	64.0	236.0	6.2	13.9	1.7	15.2	24.0	22.3392708333
S201500200_PROTEVS	7	C	01/22/2015	08:08:33	8.45954591	42.83139001		82.68	58.0	236.0	4.8	11.0	2.6	12.0	23.6	22.3392708333
S201500200_PROTEVS	7	C	01/22/2015	08:08:33	8.45954591	42.83139001		90.68	51.0	232.0	6.9	9.0	1.6	11.3	37.5	22.3392708333
S201500200_PROTEVS	7	C	01/22/2015	08:08:33	8.45954591	42.83139001		98.68	44.0	221.0	10.6	9.6	1.4	14.3	47.8	22.3392708333
S201500200_PROTEVS	7	C	01/22/2015	08:08:33	8.45954591	42.83139001		106.68	38.0	206.0	7.3	8.9	0.1	11.5	39.4	22.3392708333
S201500200_PROTEVS	7	C	01/22/2015	08:08:33	8.45954591	42.83139001		114.68	32.0	181.0	10.3	8.5	1.3	13.4	50.5	22.3392708333
S201500200_PROTEVS	7	C	01/22/2015	08:08:33	8.45954591	42.83139001		122.68	29.0	164.0	9.1	8.2	-1.7	12.2	48.0	22.3392708333
S201500200_PROTEVS	7	C	01/22/2015	08:08:33	8.45954591	42.83139001		130.68	25.0	138.0	13.6	3.6	-3.2	14.1	75.2	22.3392708333
S201500200_PROTEVS	7	C	01/22/2015	08:08:33	8.45954591	42.83139001		138.68	22.0	112.0	9.5	2.3	-13.7	9.8	76.4	22.3392708333
S201500200_PROTEVS	7	C	01/22/2015	08:08:33	8.45954591	42.83139001		146.68	20.0	93.0	17.3	-17.9		24.9	136.0	22.3392708333
S201500200_PROTEVS	7	C	01/22/2015	08:08:33	8.45954591	42.83139001		154.68	19.0	72.0	19.0	-9.2		21.1	115.8	22.3392708333
S201500200_PROTEVS	7	C	01/22/2015	08:08:33	8.45954591	42.83139001		162.68	18.0	55.0						22.3392708333
S201500200_PROTEVS	7	C	01/22/2015	08:08:33	8.45954591	42.83139001		170.68	18.0	43.0						22.3392708333
S201500200_PROTEVS	7	C	01/22/2015	08:08:33	8.45954591	42.83139001		178.68	18.0	40.0						22.3392708333
S201500200_PROTEVS	7	C	01/22/2015	08:08:33	8.45954591	42.83139001		186.68	18.0	34.0						22.3392708333
S201500200_PROTEVS	7	C	01/22/2015	08:08:33	8.45954591	42.83139001		194.68	17.0	36.0						22.3392708333
S201500200_PROTEVS	7	C	01/22/2015	08:08:33	8.45954591	42.83139001		202.68	17.0	33.0						22.3392708333
S201500200_PROTEVS	7	C	01/22/2015	08:08:33	8.45954591	42.83139001		210.68	17.0	32.0						22.3392708333
S201500200_PROTEVS	7	C	01/22/2015	08:08:33	8.45954591	42.83139001		218.68	16.0	33.0						22.3392708333
S201500200_PROTEVS	7	C	01/22/2015	08:08:33	8.45954591	42.83139001		226.68	17.0	34.0						22.3392708333
S201500200_PROTEVS	7	C	01/22/2015	08:08:33	8.45954591	42.83139001		234.68	17.0	42.0	3.3	-16.8		17.1	168.9	22.3392708333
S201500200_PROTEVS	7	C	01/22/2015	08:08:33	8.45954591	42.83139001		242.68	18.0	51.0						22.3392708333
S201500200_PROTEVS	7	C	01/22/2015	08:08:33	8.45954591	42.83139001		250.68	18.0	58.0						22.3392708333
S201500200_PROTEVS	7	C	01/22/2015	08:08:33	8.45954591	42.83139001		258.68	19.0	66.0						22.3392708333
S201500200_PROTEVS	7	C	01/22/2015	08:08:33	8.45954591	42.83139001		266.68	18.0	65.0	-27.2	-25.1		37.0	227.3	22.3392708333
S201500200_PROTEVS	7	C	01/22/2015	08:08:33	8.45954591	42.83139001		274.68	18.0	58.0						22.3392708333
S201500200_PROTEVS	7	C	01/22/2015	08:08:33	8.45954591	42.83139001		282.68	19.0	51.0						22.3392708333
S201500200_PROTEVS	7	C	01/22/2015	08:08:33	8.45954591	42.83139001		290.68	18.0	48.0						22.3392708333
S201500200_PROTEVS	7	C	01/22/2015	08:08:33	8.45954591	42.83139001		298.68	18.0	44.0						22.3392708333
S201500200_PROTEVS	7	C	01/22/2015	08:08:33	8.45954591	42.83139001		306.68	18.0	42.0						22.3392708333
S201500200_PROTEVS	7	C	01/22/2015	08:08:33	8.45954591	42.83139001		314.68	18.0	39.0						22.3392708333
S201500200_PROTEVS	7	C	01/22/2015	08:08:33	8.45954591	42.83139001		322.68	17.0	36.0						22.3392708333
S201500200_PROTEVS	7	C	01/22/2015	08:08:33	8.45954591	42.83139001		330.68	18.0	28.0						22.3392708333
S201500200_PROTEVS	8	C	01/22/2015	08:18:34	8.43856870	42.85205965		18.68	140.0	230.0	-23.8	8.0	2.9	25.1	288.6	22.3462268519
S201500200_PROTEVS	8	C	01/22/2015	08:18:34	8.43856870	42.85205965		26.68	120.0	238.0	-16.6	9.0	1.0	18.9	298.5	22.3462268519
S201500200_PROTEVS	8	C	01/22/2015	08:18:34	8.43856870	42.85205965		34.68	104.0	238.0	-9.4	8.8	0.9	12.9	313.1	22.3462268519
S201500200_PROTEVS	8	C	01/22/2015	08:18:34	8.43856870	42.85205965		42.68	88.0	236.0	0.8	7.8	2.0	7.8	5.9	22.3462268519
S201500200_PROTEVS	8	C	01/22/2015	08:18:34	8.43856870	42.85205965		50.68	77.0	237.0	0.8	9.9	2.2	9.9	4.6	22.3462268519
S201500200_PROTEVS	8	C	01/22/2015	08:18:34	8.43856870	42.85205965		58.68	75.0	239.0	0.2	9.4	0.2	9.4	1.2	22.3462268519
S201500200_PROTEVS	8	C	01/22/2015	08:18:34	8.43856870	42.85205965		66.68	71.0	238.0	1.6	5.9	0.5	6.1	15.2	22.3462268519
S201500200_PROTEVS	8	C	01/22/2015	08:18:34	8.43856870	42.85205965		74.68	64.0	237.0	5.5	0.3	2.5	5.5	86.9	22.3462268519
S201500200_PROTEVS	8	C	01/22/2015	08:18:34	8.43856870	42.85205965		82.68	56.0	235.0	6.3	-1.3	1.9	6.4	101.7	22.3462268519
S201500200_PROTEVS	8	C	01/22/2015	08:18:34	8.43856870	42.85205965		90.68	48.0	227.0	11.6	1.4	0.9	11.7	83.1	22.3462268519
S201500200_PROTEVS	8	C	01/22/2015	08:18:34	8.43856870	42.85205965		98.68	40.0	210.0	9.9	2.4	2.2	10.2	76.4	22.3462268519
S201500200_PROTEVS	8	C	01/22/2015	08:18:34	8.43856870	42.85205965		106.68	34.0	195.0	7.1	-1.6	5.4	7.3	102.7	22.3462268519
S201500200_PROTEVS	8	C	01/22/2015	08:18:34	8.43856870	42.85205965		114.68	30.0	178.0	2.5	3.4	-1.0	4.2	36.3	22.3462268519
S201500200_PROTEVS	8	C	01/22/2015	08:18:34	8.43856870	42.85205965		122.68	26.0	154.0	-0.4	-6.4	4.4	6.4	183.6	22.3462268519
S201500200_PROTEVS	8	C	01/22/2015	08:18:34	8.43856870	42.85205965		130.68	22.0	116.0	-5.8	-11.8	2.9	13.1	206.2	22.3462268519
S201500200_PROTEVS	8	C	01/22/2015	08:18:34	8.43856870	42.85205965		138.68	20.0	90.0						22.3462268519
S201500200_PROTEVS	8	C	01/22/2015	08:18:34	8.43856870	42.85205965		146.68	19.0	70.0						22.3462268519
S201500200_PROTEVS	8	C	01/22/2015	08:18:34	8.43856870	42.85205965		154.68	19.0	53.0						22.3462268519
S201500200_PROTEVS	8	C	01/22/2015	08:18:34	8.43856870	42.85205965		162.68	18.0	42.0						22.3462268519
S201500200_PROTEVS	8	C	01/22/2015	08:18:34	8.43856870	42.85205965		170.68	17.0	34.0						22.3462268519
S201500200_PROTEVS	8	C	01/22/2015	08:18:34	8.43856870	42.85205965		178.68	17.0	31.0						22.3462268519
S201500200_PROTEVS	8	C	01/22/2015	08:18:34	8.43856870	42.85205965		186.68	16.0	27.0						22.3462268519
S201500200_PROTEVS	8	C	01/22/2015	08:18:34	8.43856870	42.85205965		194.68	17.0	26.0						22.3462268519
S201500200_PROTEVS	8	C	01/22/2015	08:18:34	8.43856870	42.85205965		202.68	17.0	25.0						22.3462268519
S201500200_PROTEVS	8	C	01/22/2015	08:18:34	8.43856870	42.85205965		210.68	17.0	26.0						22.3462268519
S201500200_PROTEVS	8	C	01/22/2015	08:18:34	8.43856870	42.85205965		218.68	17.0	27.0						22.3462268519
S201500200_PROTEVS	8	C	01/22/2015	08:18:34	8.43856870	42.85205965		226.68	16.0	24.0						22.3462268519
S201500200_PROTEVS	8	C	01/22/2015	08:18:34	8.43856870	42.85205965		234.68	17.0	25.0						22.3462268519
S201500200_PROTEVS	8	C	01/22/2015	08:18:34	8.43856870	42.85205965		242.68	16.0	26.0						22.3462268519
S201500200_PROTEVS	8	C	01/22/2015	08:18:34	8.43856870	42.85205965		250.68	16.0	25.0						22.3462268519
S201500200_PROTEVS	8	C	01/22/2015	08:18:34	8.43856870	42.85205965		258.68	16.0	25.0						22.3462268519
S201500200_PROTEVS	8	C	01/22/2015	08:18:34	8.43856870	42.85205965		266.68	16.0	25.0						22.3462268519
S201500200_PROTEVS	8	C	01/22/2015	08:18:34	8.43856870	42.85205965		274.68	16.0	31.0						22.3462268519
S201500200_PROTEVS	8	C	01/22/2015	08:18:34	8.43856870	42.85205965		282.68	17.0	37.0						22.3462268519
S201500200_PROTEVS	8	C	01/22/2015	08:18:34	8.43856870	42.85205965		290.68	18.0	41.0						22.3462268519
S201500200_PROTEVS	8	C	01/22/2015	08:18:34	8.43856870	42.85205965		298.68	18.0	44.0						22.3462268519
S201500200_PROTEVS	8	C	01/22/2015	08:18:34	8.43856870	42.85205965		306.68	18.0	44.0						22.3462268519
S201500200_PROTEVS	8	C	01/22/2015	08:18:34	8.43856870	42.85205965		314.68	18.0	46.0						22.3462268519
S201500200_PROTEVS	8	C	01/22/2015	08:18:34	8.43856870	42.85205965		322.68	18.0	44.0						22.3462268519
S201500200_PROTEVS	8	C	01/22/2015	08:18:34	8.43856870	42.85205965		330.68	18.0	33.0						22.3462268519
S201500200_PROTEVS	9	C	01/22/2015	08:28:33	8.41866850	42.87314220		18.68	140.0	228.0	-20.8	11.7	3.1	23.9	299.4	22.3531597222
S201500200_PROTEVS	9	C	01/22/2015	08:28:33	8.41866850	42.87314220		26.68	119.0	238.0	-17.5	8.2	0.5	19.3	295.1	22.3531597222
S201500200_PROTEVS	9	C	01/22/2015	08:28:33	8.41866850	42.87314220		34.68	108.0	239.0	-12.7	7.5	2.5	14.7	300.6	22.3531597222
S201500200_PROTEVS	9	C	01/22/2015	08:28:33	8.41866850	42.87314220		42.68	96.0	238.0	-6.0	7.4	1.4	9.5	321.0	22.3531597222
S201500200_PROTEVS	9	C	01/22/2015	08:28:33	8.41866850	42.87314220		50.68	81.0	236.0	-0.6	7.6	0.7	7.6	355.5	22.3531597222
S201500200_PROTEVS	9	C	01/22/2015	08:28:33	8.41866850	42.87314220		58.68	76.0	239.0	2.7	6.3	1.1	6.9	23.2	22.3531597222
S201500200_PROTEVS	9	C	01/22/2015	08:28:33	8.41866850	42.87314220		66.68	75.0	240.0	4.2	4.8	2.2	6.4	41.2	22.3531597222
S201500200_PROTEVS	9	C	01/22/2015	08:28:33	8.41866850	42.87314220		74.68	70.0	238.0	7.0	4.9	1.7	8.5	55.0	22.3531597222
S201500200_PROTEVS	9	C	01/22/2015	08:28:33	8.41866850	42.87314220		82.68	66.0	237.0	8.4	4.3	-0.8	9.4	62.9	22.3531597222
S201500200_PROTEVS	9	C	01/22/2015	08:28:33	8.41866850	42.87314220		90.68	62.0	236.0	7.6	3.5	0.6	8.4	65.3	22.3531597222
S201500200_PROTEVS	9	C	01/22/2015	08:28:33	8.41866850	42.87314220		98.68	54.0	231.0	5.0	1.1	1.6	5.1	77.6	22.3531597222
S201500200_PROTEVS	9	C	01/22/2015	08:28:33	8.41866850	42.87314220		106.68	47.0	225.0	5.6	-0.1	3.0	5.6	91.0	22.3531597222
S201500200_PROTEVS	9	C	01/22/2015	08:28:33	8.41866850	42.87314220		114.68	40.0	212.0	3.6	-2.0	3.0	4.1	119.1	22.3531597222
S201500200_PROTEVS	9	C	01/22/2015	08:28:33	8.41866850	42.87314220		122.68	33.0	191.0	4.8	-4.4	3.4	6.5	132.5	22.3531597222
S201500200_PROTEVS	9	C	01/22/2015	08:28:33	8.41866850	42.87314220		130.68	26.0	153.0	6.3	-4.9	1.0	8.0	127.9	22.3531597222
S201500200_PROTEVS	9	C	01/22/2015	08:28:33	8.41866850	42.87314220		138.68	22.0	113.0	10.5	0.8	6.8	10.5	85.6	22.3531597222
S201500200_PROTEVS	9	C	01/22/2015	08:28:33	8.41866850	42.87314220		146.68	19.0	80.0	29.2	-12.5		31.8	113.2	22.3531597222
S201500200_PROTEVS	9	C	01/22/2015	08:28:33	8.41866850	42.87314220		154.68	19.0	64.0						22.3531597222
S201500200_PROTEVS	9	C	01/22/2015	08:28:33	8.41866850	42.87314220		162.68	19.0	55.0						22.3531597222
S201500200_PROTEVS	9	C	01/22/2015	08:28:33	8.41866850	42.87314220		170.68	18.0	48.0						22.3531597222
S201500200_PROTEVS	9	C	01/22/2015	08:28:33	8.41866850	42.87314220		178.68	18.0	43.0						22.3531597222
S201500200_PROTEVS	9	C	01/22/2015	08:28:33	8.41866850	42.87314220		186.68	17.0	40.0						22.3531597222
S201500200_PROTEVS	9	C	01/22/2015	08:28:33	8.41866850	42.87314220		194.68	18.0	35.0						22.3531597222
S201500200_PROTEVS	9	C	01/22/2015	08:28:33	8.41866850	42.87314220		202.68	16.0	36.0						22.3531597222
S201500200_PROTEVS	9	C	01/22/2015	08:28:33	8.41866850	42.87314220		210.68	16.0	34.0						22.3531597222
S201500200_PROTEVS	9	C	01/22/2015	08:28:33	8.41866850	42.87314220		218.68	17.0	36.0						22.3531597222
S201500200_PROTEVS	9	C	01/22/2015	08:28:33	8.41866850	42.87314220		226.68	17.0	34.0						22.3531597222
S201500200_PROTEVS	9	C	01/22/2015	08:28:33	8.41866850	42.87314220		234.68	17.0	34.0						22.3531597222
S201500200_PROTEVS	9	C	01/22/2015	08:28:33	8.41866850	42.87314220		242.68	17.0	34.0						22.3531597222
S201500200_PROTEVS	9	C	01/22/2015	08:28:33	8.41866850	42.87314220		250.68	18.0	39.0						22.3531597222
S201500200_PROTEVS	9	C	01/22/2015	08:28:33	8.41866850	42.87314220		258.68	18.0	44.0						22.3531597222
S201500200_PROTEVS	9	C	01/22/2015	08:28:33	8.41866850	42.87314220		266.68	18.0	54.0						22.3531597222
S201500200_PROTEVS	9	C	01/22/2015	08:28:33	8.41866850	42.87314220		274.68	19.0	61.0	32.8	24.9		41.2	52.8	22.3531597222
S201500200_PROTEVS	9	C	01/22/2015	08:28:33	8.41866850	42.87314220		282.68	19.0	65.0	33.4	5.9	-46.0	33.9	80.0	22.3531597222
S201500200_PROTEVS	9	C	01/22/2015	08:28:33	8.41866850	42.87314220		290.68	19.0	65.0	9.4	15.7		18.3	30.9	22.3531597222
S201500200_PROTEVS	9	C	01/22/2015	08:28:33	8.41866850	42.87314220		298.68	19.0	60.0						22.3531597222
S201500200_PROTEVS	9	C	01/22/2015	08:28:33	8.41866850	42.87314220		306.68	18.0	52.0						22.3531597222
S201500200_PROTEVS	9	C	01/22/2015	08:28:33	8.41866850	42.87314220		314.68	18.0	49.0						22.3531597222
S201500200_PROTEVS	9	C	01/22/2015	08:28:33	8.41866850	42.87314220		322.68	18.0	45.0						22.3531597222
S201500200_PROTEVS	9	C	01/22/2015	08:28:33	8.41866850	42.87314220		330.68	18.0	31.0						22.3531597222
S201500200_PROTEVS	10	C	01/22/2015	08:38:35	8.39916633	42.89410873		18.68	143.0	230.0	-15.7	7.2	3.1	17.3	294.6	22.3601273148
S201500200_PROTEVS	10	C	01/22/2015	08:38:35	8.39916633	42.89410873		26.68	125.0	238.0	-7.6	8.6	2.1	11.5	318.5	22.3601273148
S201500200_PROTEVS	10	C	01/22/2015	08:38:35	8.39916633	42.89410873		34.68	113.0	240.0	-0.1	6.5	1.4	6.5	359.1	22.3601273148
S201500200_PROTEVS	10	C	01/22/2015	08:38:35	8.39916633	42.89410873		42.68	100.0	238.0	5.3	10.1	0.1	11.4	27.7	22.3601273148
S201500200_PROTEVS	10	C	01/22/2015	08:38:35	8.39916633	42.89410873		50.68	92.0	240.0	10.1	10.3	0.3	14.4	44.4	22.3601273148
S201500200_PROTEVS	10	C	01/22/2015	08:38:35	8.39916633	42.89410873		58.68	86.0	238.0	9.1	7.8	0.3	12.0	49.4	22.3601273148
S201500200_PROTEVS	10	C	01/22/2015	08:38:35	8.39916633	42.89410873		66.68	83.0	239.0	11.2	6.7	0.7	13.1	59.1	22.3601273148
S201500200_PROTEVS	10	C	01/22/2015	08:38:35	8.39916633	42.89410873		74.68	83.0	240.0	11.8	6.5	0.0	13.5	61.2	22.3601273148
S201500200_PROTEVS	10	C	01/22/2015	08:38:35	8.39916633	42.89410873		82.68	84.0	240.0	11.3	3.2	3.0	11.7	74.2	22.3601273148
S201500200_PROTEVS	10	C	01/22/2015	08:38:35	8.39916633	42.89410873		90.68	78.0	239.0	8.5	2.3	2.0	8.8	74.9	22.3601273148
S201500200_PROTEVS	10	C	01/22/2015	08:38:35	8.39916633	42.89410873		98.68	68.0	237.0	7.1	0.8	1.3	7.1	83.6	22.3601273148
S201500200_PROTEVS	10	C	01/22/2015	08:38:35	8.39916633	42.89410873		106.68	58.0	235.0	5.5	-0.2	0.5	5.5	92.1	22.3601273148
S201500200_PROTEVS	10	C	01/22/2015	08:38:35	8.39916633	42.89410873		114.68	50.0	231.0	5.6	-1.3	0.8	5.7	103.1	22.3601273148
S201500200_PROTEVS	10	C	01/22/2015	08:38:35	8.39916633	42.89410873		122.68	42.0	220.0	5.0	-3.1	3.4	5.9	121.8	22.3601273148
S201500200_PROTEVS	10	C	01/22/2015	08:38:35	8.39916633	42.89410873		130.68	34.0	196.0	4.1	-0.9	0.0	4.2	102.4	22.3601273148
S201500200_PROTEVS	10	C	01/22/2015	08:38:35	8.39916633	42.89410873		138.68	27.0	156.0	4.5	-4.4	0.9	6.3	134.4	22.3601273148
S201500200_PROTEVS	10	C	01/22/2015	08:38:35	8.39916633	42.89410873		146.68	22.0	120.0	9.4	-3.7	0.2	10.1	111.5	22.3601273148
S201500200_PROTEVS	10	C	01/22/2015	08:38:35	8.39916633	42.89410873		154.68	20.0	93.0	-6.9	2.8		7.4	292.1	22.3601273148
S201500200_PROTEVS	10	C	01/22/2015	08:38:35	8.39916633	42.89410873		162.68	20.0	82.0	-48.9	-5.5		49.2	263.6	22.3601273148
S201500200_PROTEVS	10	C	01/22/2015	08:38:35	8.39916633	42.89410873		170.68	19.0	71.0	-4.3	37.1		37.3	353.4	22.3601273148
S201500200_PROTEVS	10	C	01/22/2015	08:38:35	8.39916633	42.89410873		178.68	18.0	61.0						22.3601273148
S201500200_PROTEVS	10	C	01/22/2015	08:38:35	8.39916633	42.89410873		186.68	18.0	54.0						22.3601273148
S201500200_PROTEVS	10	C	01/22/2015	08:38:35	8.39916633	42.89410873		194.68	18.0	51.0						22.3601273148
S201500200_PROTEVS	10	C	01/22/2015	08:38:35	8.39916633	42.89410873		202.68	18.0	46.0						22.3601273148
S201500200_PROTEVS	10	C	01/22/2015	08:38:35	8.39916633	42.89410873		210.68	18.0	47.0						22.3601273148
S201500200_PROTEVS	10	C	01/22/2015	08:38:35	8.39916633	42.89410873		218.68	18.0	48.0	-28.0	-4.4		28.3	261.1	22.3601273148
S201500200_PROTEVS	10	C	01/22/2015	08:38:35	8.39916633	42.89410873		226.68	18.0	48.0						22.3601273148
S201500200_PROTEVS	10	C	01/22/2015	08:38:35	8.39916633	42.89410873		234.68	18.0	52.0						22.3601273148
S201500200_PROTEVS	10	C	01/22/2015	08:38:35	8.39916633	42.89410873		242.68	19.0	63.0	9.7	19.0		21.3	27.0	22.3601273148
S201500200_PROTEVS	10	C	01/22/2015	08:38:35	8.39916633	42.89410873		250.68	21.0	86.0	3.6	15.3		15.7	13.2	22.3601273148
S201500200_PROTEVS	10	C	01/22/2015	08:38:35	8.39916633	42.89410873		258.68	22.0	107.0	9.5	4.4	-16.3	10.5	65.1	22.3601273148
S201500200_PROTEVS	10	C	01/22/2015	08:38:35	8.39916633	42.89410873		266.68	23.0	126.0	4.7	10.1	1.9	11.1	25.0	22.3601273148
S201500200_PROTEVS	10	C	01/22/2015	08:38:35	8.39916633	42.89410873		274.68	24.0	140.0	0.5	4.5	-0.4	4.5	6.3	22.3601273148
S201500200_PROTEVS	10	C	01/22/2015	08:38:35	8.39916633	42.89410873		282.68	25.0	138.0	0.1	4.3	0.3	4.3	1.3	22.3601273148
S201500200_PROTEVS	10	C	01/22/2015	08:38:35	8.39916633	42.89410873		290.68	24.0	129.0	12.1	9.8	-1.0	15.6	51.0	22.3601273148
S201500200_PROTEVS	10	C	01/22/2015	08:38:35	8.39916633	42.89410873		298.68	22.0	113.0	-2.1	10.4	-9.0	10.6	348.6	22.3601273148
S201500200_PROTEVS	10	C	01/22/2015	08:38:35	8.39916633	42.89410873		306.68	20.0	94.0	30.7	31.9		44.3	43.9	22.3601273148
S201500200_PROTEVS	10	C	01/22/2015	08:38:35	8.39916633	42.89410873		314.68	19.0	77.0	7.7	30.5		31.5	14.2	22.3601273148
S201500200_PROTEVS	10	C	01/22/2015	08:38:35	8.39916633	42.89410873		322.68	18.0	66.0						22.3601273148
S201500200_PROTEVS	10	C	01/22/2015	08:38:35	8.39916633	42.89410873		330.68	18.0	45.0						22.3601273148
S201500200_PROTEVS	11	C	01/22/2015	08:48:34	8.37901891	42.91501558		18.68	145.0	229.0	-12.3	19.1	2.2	22.7	327.2	22.3670601852
S201500200_PROTEVS	11	C	01/22/2015	08:48:34	8.37901891	42.91501558		26.68	127.0	238.0	-0.5	14.2	0.8	14.2	358.0	22.3670601852
S201500200_PROTEVS	11	C	01/22/2015	08:48:34	8.37901891	42.91501558		34.68	113.0	238.0	7.5	12.9	-0.6	14.9	30.2	22.3670601852
S201500200_PROTEVS	11	C	01/22/2015	08:48:34	8.37901891	42.91501558		42.68	99.0	238.0	8.3	8.5	-0.8	11.9	44.3	22.3670601852
S201500200_PROTEVS	11	C	01/22/2015	08:48:34	8.37901891	42.91501558		50.68	91.0	239.0	10.2	6.7	0.4	12.2	56.7	22.3670601852
S201500200_PROTEVS	11	C	01/22/2015	08:48:34	8.37901891	42.91501558		58.68	84.0	238.0	9.1	7.1	0.8	11.5	52.0	22.3670601852
S201500200_PROTEVS	11	C	01/22/2015	08:48:34	8.37901891	42.91501558		66.68	80.0	239.0	9.2	1.9	4.1	9.4	78.3	22.3670601852
S201500200_PROTEVS	11	C	01/22/2015	08:48:34	8.37901891	42.91501558		74.68	76.0	240.0	10.0	0.9	1.8	10.0	84.9	22.3670601852
S201500200_PROTEVS	11	C	01/22/2015	08:48:34	8.37901891	42.91501558		82.68	75.0	238.0	5.4	-0.2	2.6	5.4	92.1	22.3670601852
S201500200_PROTEVS	11	C	01/22/2015	08:48:34	8.37901891	42.91501558		90.68	70.0	238.0	2.8	3.9	0.5	4.8	35.7	22.3670601852
S201500200_PROTEVS	11	C	01/22/2015	08:48:34	8.37901891	42.91501558		98.68	65.0	238.0	0.5	0.2	0.8	0.5	68.2	22.3670601852
S201500200_PROTEVS	11	C	01/22/2015	08:48:34	8.37901891	42.91501558		106.68	60.0	234.0	2.2	0.7	0.4	2.3	72.3	22.3670601852
S201500200_PROTEVS	11	C	01/22/2015	08:48:34	8.37901891	42.91501558		114.68	53.0	233.0	0.8	1.4	1.5	1.6	29.7	22.3670601852
S201500200_PROTEVS	11	C	01/22/2015	08:48:34	8.37901891	42.91501558		122.68	46.0	226.0	0.2	1.3	-0.6	1.3	8.7	22.3670601852
S201500200_PROTEVS	11	C	01/22/2015	08:48:34	8.37901891	42.91501558		130.68	38.0	211.0	2.4	3.3	-1.3	4.1	36.0	22.3670601852
S201500200_PROTEVS	11	C	01/22/2015	08:48:34	8.37901891	42.91501558		138.68	32.0	188.0	0.1	1.5	2.3	1.5	3.8	22.3670601852
S201500200_PROTEVS	11	C	01/22/2015	08:48:34	8.37901891	42.91501558		146.68	28.0	157.0	-0.2	-0.7	-2.4	0.7	195.9	22.3670601852
S201500200_PROTEVS	11	C	01/22/2015	08:48:34	8.37901891	42.91501558		154.68	23.0	120.0	0.2	-2.1	-4.2	2.1	174.6	22.3670601852
S201500200_PROTEVS	11	C	01/22/2015	08:48:34	8.37901891	42.91501558		162.68	20.0	95.0	2.3	-9.8	-5.0	10.1	166.8	22.3670601852
S201500200_PROTEVS	11	C	01/22/2015	08:48:34	8.37901891	42.91501558		170.68	20.0	72.0						22.3670601852
S201500200_PROTEVS	11	C	01/22/2015	08:48:34	8.37901891	42.91501558		178.68	19.0	60.0						22.3670601852
S201500200_PROTEVS	11	C	01/22/2015	08:48:34	8.37901891	42.91501558		186.68	18.0	52.0						22.3670601852
S201500200_PROTEVS	11	C	01/22/2015	08:48:34	8.37901891	42.91501558		194.68	18.0	46.0						22.3670601852
S201500200_PROTEVS	11	C	01/22/2015	08:48:34	8.37901891	42.91501558		202.68	17.0	41.0						22.3670601852
S201500200_PROTEVS	11	C	01/22/2015	08:48:34	8.37901891	42.91501558		210.68	18.0	39.0						22.3670601852
S201500200_PROTEVS	11	C	01/22/2015	08:48:34	8.37901891	42.91501558		218.68	17.0	34.0						22.3670601852
S201500200_PROTEVS	11	C	01/22/2015	08:48:34	8.37901891	42.91501558		226.68	17.0	33.0						22.3670601852
S201500200_PROTEVS	11	C	01/22/2015	08:48:34	8.37901891	42.91501558		234.68	17.0	34.0						22.3670601852
S201500200_PROTEVS	11	C	01/22/2015	08:48:34	8.37901891	42.91501558		242.68	17.0	36.0						22.3670601852
S201500200_PROTEVS	11	C	01/22/2015	08:48:34	8.37901891	42.91501558		250.68	18.0	41.0						22.3670601852
S201500200_PROTEVS	11	C	01/22/2015	08:48:34	8.37901891	42.91501558		258.68	18.0	53.0						22.3670601852
S201500200_PROTEVS	11	C	01/22/2015	08:48:34	8.37901891	42.91501558		266.68	20.0	69.0						22.3670601852
S201500200_PROTEVS	11	C	01/22/2015	08:48:34	8.37901891	42.91501558		274.68	21.0	92.0	-14.5	-1.5	-1.3	14.6	264.1	22.3670601852
S201500200_PROTEVS	11	C	01/22/2015	08:48:34	8.37901891	42.91501558		282.68	22.0	109.0	-12.3	6.4	0.5	13.9	297.5	22.3670601852
S201500200_PROTEVS	11	C	01/22/2015	08:48:34	8.37901891	42.91501558		290.68	22.0	118.0	4.6	3.7	8.2	5.9	51.2	22.3670601852
S201500200_PROTEVS	11	C	01/22/2015	08:48:34	8.37901891	42.91501558		298.68	22.0	111.0	-7.0	4.9		8.5	305.0	22.3670601852
S201500200_PROTEVS	11	C	01/22/2015	08:48:34	8.37901891	42.91501558		306.68	20.0	102.0	-11.0	-3.6		11.6	251.9	22.3670601852
S201500200_PROTEVS	11	C	01/22/2015	08:48:34	8.37901891	42.91501558		314.68	19.0	82.0						22.3670601852
S201500200_PROTEVS	11	C	01/22/2015	08:48:34	8.37901891	42.91501558		322.68	18.0	62.0						22.3670601852
S201500200_PROTEVS	11	C	01/22/2015	08:48:34	8.37901891	42.91501558		330.68	18.0	46.0						22.3670601852
S201500200_PROTEVS	12	C	01/22/2015	08:58:35	8.35852253	42.93625361		18.68	144.0	228.0	-12.2	5.0	2.4	13.2	292.3	22.3740162037
S201500200_PROTEVS	12	C	01/22/2015	08:58:35	8.35852253	42.93625361		26.68	124.0	238.0	-5.5	4.0	-0.5	6.8	306.0	22.3740162037
S201500200_PROTEVS	12	C	01/22/2015	08:58:35	8.35852253	42.93625361		34.68	110.0	238.0	-4.7	0.0	2.9	4.7	270.0	22.3740162037
S201500200_PROTEVS	12	C	01/22/2015	08:58:35	8.35852253	42.93625361		42.68	98.0	239.0	-1.3	-1.7	1.0	2.1	217.4	22.3740162037
S201500200_PROTEVS	12	C	01/22/2015	08:58:35	8.35852253	42.93625361		50.68	89.0	239.0	2.2	-3.0	-0.8	3.7	143.7	22.3740162037
S201500200_PROTEVS	12	C	01/22/2015	08:58:35	8.35852253	42.93625361		58.68	79.0	239.0	3.0	-4.9	-0.2	5.7	148.5	22.3740162037
S201500200_PROTEVS	12	C	01/22/2015	08:58:35	8.35852253	42.93625361		66.68	73.0	238.0	3.5	-7.8	0.0	8.5	155.8	22.3740162037
S201500200_PROTEVS	12	C	01/22/2015	08:58:35	8.35852253	42.93625361		74.68	72.0	239.0	1.2	-5.3	-0.1	5.4	167.2	22.3740162037
S201500200_PROTEVS	12	C	01/22/2015	08:58:35	8.35852253	42.93625361		82.68	71.0	238.0	-0.2	-3.5	1.2	3.5	183.3	22.3740162037
S201500200_PROTEVS	12	C	01/22/2015	08:58:35	8.35852253	42.93625361		90.68	66.0	238.0	-1.4	-1.9	-0.3	2.4	216.4	22.3740162037
S201500200_PROTEVS	12	C	01/22/2015	08:58:35	8.35852253	42.93625361		98.68	59.0	236.0	-2.7	-3.1	0.6	4.1	221.1	22.3740162037
S201500200_PROTEVS	12	C	01/22/2015	08:58:35	8.35852253	42.93625361		106.68	53.0	232.0	-3.6	-1.8	0.3	4.0	243.4	22.3740162037
S201500200_PROTEVS	12	C	01/22/2015	08:58:35	8.35852253	42.93625361		114.68	46.0	228.0	-5.4	-0.9	1.3	5.5	260.5	22.3740162037
S201500200_PROTEVS	12	C	01/22/2015	08:58:35	8.35852253	42.93625361		122.68	40.0	215.0	-3.5	-6.7	4.8	7.6	207.6	22.3740162037
S201500200_PROTEVS	12	C	01/22/2015	08:58:35	8.35852253	42.93625361		130.68	34.0	192.0	-5.1	-6.6	2.7	8.3	217.7	22.3740162037
S201500200_PROTEVS	12	C	01/22/2015	08:58:35	8.35852253	42.93625361		138.68	28.0	170.0	-0.6	-4.8	-0.7	4.8	187.1	22.3740162037
S201500200_PROTEVS	12	C	01/22/2015	08:58:35	8.35852253	42.93625361		146.68	24.0	133.0	2.2	-4.9	-6.7	5.4	155.8	22.3740162037
S201500200_PROTEVS	12	C	01/22/2015	08:58:35	8.35852253	42.93625361		154.68	21.0	98.0	7.8	0.4	-9.5	7.8	87.1	22.3740162037
S201500200_PROTEVS	12	C	01/22/2015	08:58:35	8.35852253	42.93625361		162.68	19.0	70.0						22.3740162037
S201500200_PROTEVS	12	C	01/22/2015	08:58:35	8.35852253	42.93625361		170.68	18.0	50.0						22.3740162037
S201500200_PROTEVS	12	C	01/22/2015	08:58:35	8.35852253	42.93625361		178.68	18.0	38.0						22.3740162037
S201500200_PROTEVS	12	C	01/22/2015	08:58:35	8.35852253	42.93625361		186.68	18.0	35.0						22.3740162037
S201500200_PROTEVS	12	C	01/22/2015	08:58:35	8.35852253	42.93625361		194.68	17.0	30.0						22.3740162037
S201500200_PROTEVS	12	C	01/22/2015	08:58:35	8.35852253	42.93625361		202.68	16.0	29.0						22.3740162037
S201500200_PROTEVS	12	C	01/22/2015	08:58:35	8.35852253	42.93625361		210.68	17.0	28.0						22.3740162037
S201500200_PROTEVS	12	C	01/22/2015	08:58:35	8.35852253	42.93625361		218.68	16.0	28.0						22.3740162037
S201500200_PROTEVS	12	C	01/22/2015	08:58:35	8.35852253	42.93625361		226.68	17.0	29.0						22.3740162037
S201500200_PROTEVS	12	C	01/22/2015	08:58:35	8.35852253	42.93625361		234.68	16.0	29.0						22.3740162037
S201500200_PROTEVS	12	C	01/22/2015	08:58:35	8.35852253	42.93625361		242.68	17.0	29.0						22.3740162037
S201500200_PROTEVS	12	C	01/22/2015	08:58:35	8.35852253	42.93625361		250.68	17.0	30.0						22.3740162037
S201500200_PROTEVS	12	C	01/22/2015	08:58:35	8.35852253	42.93625361		258.68	17.0	33.0						22.3740162037
S201500200_PROTEVS	12	C	01/22/2015	08:58:35	8.35852253	42.93625361		266.68	18.0	40.0						22.3740162037
S201500200_PROTEVS	12	C	01/22/2015	08:58:35	8.35852253	42.93625361		274.68	18.0	49.0						22.3740162037
S201500200_PROTEVS	12	C	01/22/2015	08:58:35	8.35852253	42.93625361		282.68	19.0	64.0						22.3740162037
S201500200_PROTEVS	12	C	01/22/2015	08:58:35	8.35852253	42.93625361		290.68	20.0	76.0	-0.5	-11.1		11.1	182.6	22.3740162037
S201500200_PROTEVS	12	C	01/22/2015	08:58:35	8.35852253	42.93625361		298.68	20.0	79.0						22.3740162037
S201500200_PROTEVS	12	C	01/22/2015	08:58:35	8.35852253	42.93625361		306.68	19.0	75.0						22.3740162037
S201500200_PROTEVS	12	C	01/22/2015	08:58:35	8.35852253	42.93625361		314.68	18.0	68.0						22.3740162037
S201500200_PROTEVS	12	C	01/22/2015	08:58:35	8.35852253	42.93625361		322.68	18.0	55.0						22.3740162037
S201500200_PROTEVS	12	C	01/22/2015	08:58:35	8.35852253	42.93625361		330.68	17.0	32.0						22.3740162037
S201500200_PROTEVS	13	C	01/22/2015	09:08:38	8.33769701	42.95714206		18.68	148.0	234.0	-22.3	1.8	1.5	22.4	274.6	22.3809953704
S201500200_PROTEVS	13	C	01/22/2015	09:08:38	8.33769701	42.95714206		26.68	126.0	238.0	-19.5	4.0	1.4	19.9	281.6	22.3809953704
S201500200_PROTEVS	13	C	01/22/2015	09:08:38	8.33769701	42.95714206		34.68	111.0	238.0	-14.0	0.7	-0.6	14.0	272.9	22.3809953704
S201500200_PROTEVS	13	C	01/22/2015	09:08:38	8.33769701	42.95714206		42.68	100.0	239.0	-12.1	-2.1	-0.5	12.3	260.2	22.3809953704
S201500200_PROTEVS	13	C	01/22/2015	09:08:38	8.33769701	42.95714206		50.68	88.0	239.0	-7.7	-7.9	1.8	11.0	224.3	22.3809953704
S201500200_PROTEVS	13	C	01/22/2015	09:08:38	8.33769701	42.95714206		58.68	76.0	238.0	-4.2	-2.7	2.8	5.0	237.3	22.3809953704
S201500200_PROTEVS	13	C	01/22/2015	09:08:38	8.33769701	42.95714206		66.68	74.0	239.0	-4.4	0.9	2.3	4.5	281.6	22.3809953704
S201500200_PROTEVS	13	C	01/22/2015	09:08:38	8.33769701	42.95714206		74.68	73.0	239.0	-6.1	-0.6	1.9	6.1	264.4	22.3809953704
S201500200_PROTEVS	13	C	01/22/2015	09:08:38	8.33769701	42.95714206		82.68	70.0	239.0	-6.7	0.3	2.6	6.7	272.6	22.3809953704
S201500200_PROTEVS	13	C	01/22/2015	09:08:38	8.33769701	42.95714206		90.68	65.0	238.0	-7.1	-0.2	2.3	7.1	268.4	22.3809953704
S201500200_PROTEVS	13	C	01/22/2015	09:08:38	8.33769701	42.95714206		98.68	60.0	236.0	-5.3	0.9	-0.4	5.4	279.6	22.3809953704
S201500200_PROTEVS	13	C	01/22/2015	09:08:38	8.33769701	42.95714206		106.68	54.0	234.0	-4.8	-2.8	0.4	5.6	239.7	22.3809953704
S201500200_PROTEVS	13	C	01/22/2015	09:08:38	8.33769701	42.95714206		114.68	47.0	229.0	-6.3	-2.4	1.8	6.7	249.1	22.3809953704
S201500200_PROTEVS	13	C	01/22/2015	09:08:38	8.33769701	42.95714206		122.68	42.0	220.0	-5.0	-4.8	2.4	6.9	226.2	22.3809953704
S201500200_PROTEVS	13	C	01/22/2015	09:08:38	8.33769701	42.95714206		130.68	35.0	205.0	-1.6	-6.5	0.7	6.7	193.8	22.3809953704
S201500200_PROTEVS	13	C	01/22/2015	09:08:38	8.33769701	42.95714206		138.68	30.0	178.0	-1.1	-4.6	2.7	4.7	193.4	22.3809953704
S201500200_PROTEVS	13	C	01/22/2015	09:08:38	8.33769701	42.95714206		146.68	25.0	143.0	-3.7	-2.9	2.9	4.7	231.9	22.3809953704
S201500200_PROTEVS	13	C	01/22/2015	09:08:38	8.33769701	42.95714206		154.68	22.0	107.0	-4.8	2.9	6.8	5.6	301.1	22.3809953704
S201500200_PROTEVS	13	C	01/22/2015	09:08:38	8.33769701	42.95714206		162.68	20.0	74.0	23.9	-9.5		25.7	111.7	22.3809953704
S201500200_PROTEVS	13	C	01/22/2015	09:08:38	8.33769701	42.95714206		170.68	19.0	57.0						22.3809953704
S201500200_PROTEVS	13	C	01/22/2015	09:08:38	8.33769701	42.95714206		178.68	18.0	40.0						22.3809953704
S201500200_PROTEVS	13	C	01/22/2015	09:08:38	8.33769701	42.95714206		186.68	18.0	35.0						22.3809953704
S201500200_PROTEVS	13	C	01/22/2015	09:08:38	8.33769701	42.95714206		194.68	18.0	32.0						22.3809953704
S201500200_PROTEVS	13	C	01/22/2015	09:08:38	8.33769701	42.95714206		202.68	17.0	30.0						22.3809953704
S201500200_PROTEVS	13	C	01/22/2015	09:08:38	8.33769701	42.95714206		210.68	16.0	30.0						22.3809953704
S201500200_PROTEVS	13	C	01/22/2015	09:08:38	8.33769701	42.95714206		218.68	17.0	27.0						22.3809953704
S201500200_PROTEVS	13	C	01/22/2015	09:08:38	8.33769701	42.95714206		226.68	17.0	28.0						22.3809953704
S201500200_PROTEVS	13	C	01/22/2015	09:08:38	8.33769701	42.95714206		234.68	16.0	27.0						22.3809953704
S201500200_PROTEVS	13	C	01/22/2015	09:08:38	8.33769701	42.95714206		242.68	17.0	28.0						22.3809953704
S201500200_PROTEVS	13	C	01/22/2015	09:08:38	8.33769701	42.95714206		250.68	18.0	28.0						22.3809953704
S201500200_PROTEVS	13	C	01/22/2015	09:08:38	8.33769701	42.95714206		258.68	18.0	31.0						22.3809953704
S201500200_PROTEVS	13	C	01/22/2015	09:08:38	8.33769701	42.95714206		266.68	18.0	29.0						22.3809953704
S201500200_PROTEVS	13	C	01/22/2015	09:08:38	8.33769701	42.95714206		274.68	17.0	30.0						22.3809953704
S201500200_PROTEVS	13	C	01/22/2015	09:08:38	8.33769701	42.95714206		282.68	17.0	38.0						22.3809953704
S201500200_PROTEVS	13	C	01/22/2015	09:08:38	8.33769701	42.95714206		290.68	18.0	47.0						22.3809953704
S201500200_PROTEVS	13	C	01/22/2015	09:08:38	8.33769701	42.95714206		298.68	18.0	58.0						22.3809953704
S201500200_PROTEVS	13	C	01/22/2015	09:08:38	8.33769701	42.95714206		306.68	19.0	66.0						22.3809953704
S201500200_PROTEVS	13	C	01/22/2015	09:08:38	8.33769701	42.95714206		314.68	20.0	64.0						22.3809953704
S201500200_PROTEVS	13	C	01/22/2015	09:08:38	8.33769701	42.95714206		322.68	18.0	58.0						22.3809953704
S201500200_PROTEVS	13	C	01/22/2015	09:08:38	8.33769701	42.95714206		330.68	17.0	38.0						22.3809953704
S201500200_PROTEVS	14	C	01/22/2015	09:18:36	8.31740900	42.97811585		18.68	144.0	229.0	-24.6	2.6	4.0	24.7	276.0	22.3879166667
S201500200_PROTEVS	14	C	01/22/2015	09:18:36	8.31740900	42.97811585		26.68	124.0	237.0	-17.6	1.5	3.3	17.7	274.9	22.3879166667
S201500200_PROTEVS	14	C	01/22/2015	09:18:36	8.31740900	42.97811585		34.68	110.0	238.0	-18.9	-2.6	2.0	19.1	262.2	22.3879166667
S201500200_PROTEVS	14	C	01/22/2015	09:18:36	8.31740900	42.97811585		42.68	98.0	238.0	-14.2	-4.0	0.3	14.8	254.3	22.3879166667
S201500200_PROTEVS	14	C	01/22/2015	09:18:36	8.31740900	42.97811585		50.68	90.0	239.0	-4.5	-3.7	-0.5	5.8	230.6	22.3879166667
S201500200_PROTEVS	14	C	01/22/2015	09:18:36	8.31740900	42.97811585		58.68	82.0	238.0	-2.1	-3.7	-0.2	4.3	209.6	22.3879166667
S201500200_PROTEVS	14	C	01/22/2015	09:18:36	8.31740900	42.97811585		66.68	76.0	238.0	-0.8	-2.8	0.1	2.9	195.9	22.3879166667
S201500200_PROTEVS	14	C	01/22/2015	09:18:36	8.31740900	42.97811585		74.68	73.0	239.0	-3.5	-2.4	-0.9	4.2	235.6	22.3879166667
S201500200_PROTEVS	14	C	01/22/2015	09:18:36	8.31740900	42.97811585		82.68	71.0	238.0	-4.3	-1.4	-1.0	4.5	252.0	22.3879166667
S201500200_PROTEVS	14	C	01/22/2015	09:18:36	8.31740900	42.97811585		90.68	68.0	237.0	-5.1	-3.2	-0.1	6.0	237.9	22.3879166667
S201500200_PROTEVS	14	C	01/22/2015	09:18:36	8.31740900	42.97811585		98.68	64.0	236.0	-6.7	-4.2	0.2	7.9	237.9	22.3879166667
S201500200_PROTEVS	14	C	01/22/2015	09:18:36	8.31740900	42.97811585		106.68	57.0	235.0	-3.3	-5.4	1.8	6.3	211.4	22.3879166667
S201500200_PROTEVS	14	C	01/22/2015	09:18:36	8.31740900	42.97811585		114.68	49.0	228.0	-6.3	-5.8	-0.1	8.6	227.4	22.3879166667
S201500200_PROTEVS	14	C	01/22/2015	09:18:36	8.31740900	42.97811585		122.68	41.0	215.0	-2.1	-7.1	-0.2	7.4	196.5	22.3879166667
S201500200_PROTEVS	14	C	01/22/2015	09:18:36	8.31740900	42.97811585		130.68	33.0	191.0	-1.8	-9.5	-0.4	9.7	190.7	22.3879166667
S201500200_PROTEVS	14	C	01/22/2015	09:18:36	8.31740900	42.97811585		138.68	28.0	152.0	-0.3	-5.1	-3.7	5.1	183.4	22.3879166667
S201500200_PROTEVS	14	C	01/22/2015	09:18:36	8.31740900	42.97811585		146.68	22.0	108.0	7.4	-10.4	-7.4	12.8	144.6	22.3879166667
S201500200_PROTEVS	14	C	01/22/2015	09:18:36	8.31740900	42.97811585		154.68	20.0	80.0	0.2	0.6	-18.2	0.6	18.4	22.3879166667
S201500200_PROTEVS	14	C	01/22/2015	09:18:36	8.31740900	42.97811585		162.68	18.0	52.0						22.3879166667
S201500200_PROTEVS	14	C	01/22/2015	09:18:36	8.31740900	42.97811585		170.68	18.0	42.0						22.3879166667
S201500200_PROTEVS	14	C	01/22/2015	09:18:36	8.31740900	42.97811585		178.68	16.0	34.0						22.3879166667
S201500200_PROTEVS	14	C	01/22/2015	09:18:36	8.31740900	42.97811585		186.68	16.0	31.0						22.3879166667
S201500200_PROTEVS	14	C	01/22/2015	09:18:36	8.31740900	42.97811585		194.68	17.0	30.0						22.3879166667
S201500200_PROTEVS	14	C	01/22/2015	09:18:36	8.31740900	42.97811585		202.68	16.0	28.0						22.3879166667
S201500200_PROTEVS	14	C	01/22/2015	09:18:36	8.31740900	42.97811585		210.68	17.0	26.0						22.3879166667
S201500200_PROTEVS	14	C	01/22/2015	09:18:36	8.31740900	42.97811585		218.68	17.0	26.0						22.3879166667
S201500200_PROTEVS	14	C	01/22/2015	09:18:36	8.31740900	42.97811585		226.68	17.0	27.0						22.3879166667
S201500200_PROTEVS	14	C	01/22/2015	09:18:36	8.31740900	42.97811585		234.68	16.0	25.0						22.3879166667
S201500200_PROTEVS	14	C	01/22/2015	09:18:36	8.31740900	42.97811585		242.68	16.0	26.0						22.3879166667
S201500200_PROTEVS	14	C	01/22/2015	09:18:36	8.31740900	42.97811585		250.68	17.0	29.0						22.3879166667
S201500200_PROTEVS	14	C	01/22/2015	09:18:36	8.31740900	42.97811585		258.68	16.0	30.0						22.3879166667
S201500200_PROTEVS	14	C	01/22/2015	09:18:36	8.31740900	42.97811585		266.68	17.0	36.0						22.3879166667
S201500200_PROTEVS	14	C	01/22/2015	09:18:36	8.31740900	42.97811585		274.68	18.0	44.0						22.3879166667
S201500200_PROTEVS	14	C	01/22/2015	09:18:36	8.31740900	42.97811585		282.68	18.0	51.0						22.3879166667
S201500200_PROTEVS	14	C	01/22/2015	09:18:36	8.31740900	42.97811585		290.68	18.0	55.0						22.3879166667
S201500200_PROTEVS	14	C	01/22/2015	09:18:36	8.31740900	42.97811585		298.68	18.0	55.0						22.3879166667
S201500200_PROTEVS	14	C	01/22/2015	09:18:36	8.31740900	42.97811585		306.68	18.0	51.0						22.3879166667
S201500200_PROTEVS	14	C	01/22/2015	09:18:36	8.31740900	42.97811585		314.68	18.0	50.0						22.3879166667
S201500200_PROTEVS	14	C	01/22/2015	09:18:36	8.31740900	42.97811585		322.68	18.0	45.0						22.3879166667
S201500200_PROTEVS	14	C	01/22/2015	09:18:36	8.31740900	42.97811585		330.68	17.0	33.0						22.3879166667
S201500200_PROTEVS	15	C	01/22/2015	09:28:31	8.29739552	42.99901181		18.68	144.0	226.0	-28.0	-2.9	2.3	28.1	264.1	22.3948032407
S201500200_PROTEVS	15	C	01/22/2015	09:28:31	8.29739552	42.99901181		26.68	123.0	237.0	-20.0	-2.4	1.5	20.1	263.2	22.3948032407
S201500200_PROTEVS	15	C	01/22/2015	09:28:31	8.29739552	42.99901181		34.68	110.0	238.0	-17.0	-4.5	1.7	17.6	255.2	22.3948032407
S201500200_PROTEVS	15	C	01/22/2015	09:28:31	8.29739552	42.99901181		42.68	100.0	238.0	-12.0	-0.6	1.4	12.0	267.1	22.3948032407
S201500200_PROTEVS	15	C	01/22/2015	09:28:31	8.29739552	42.99901181		50.68	92.0	240.0	-6.4	-3.5	0.3	7.3	241.3	22.3948032407
S201500200_PROTEVS	15	C	01/22/2015	09:28:31	8.29739552	42.99901181		58.68	82.0	240.0	-3.2	-5.2	1.1	6.1	211.6	22.3948032407
S201500200_PROTEVS	15	C	01/22/2015	09:28:31	8.29739552	42.99901181		66.68	73.0	238.0	-5.2	-6.1	2.0	8.0	220.4	22.3948032407
S201500200_PROTEVS	15	C	01/22/2015	09:28:31	8.29739552	42.99901181		74.68	70.0	238.0	-3.9	-8.5	0.0	9.4	204.6	22.3948032407
S201500200_PROTEVS	15	C	01/22/2015	09:28:31	8.29739552	42.99901181		82.68	66.0	237.0	-4.0	-11.4	1.1	12.1	199.3	22.3948032407
S201500200_PROTEVS	15	C	01/22/2015	09:28:31	8.29739552	42.99901181		90.68	62.0	236.0	-6.4	-7.5	2.3	9.9	220.5	22.3948032407
S201500200_PROTEVS	15	C	01/22/2015	09:28:31	8.29739552	42.99901181		98.68	56.0	234.0	-7.1	-5.4	1.7	8.9	232.7	22.3948032407
S201500200_PROTEVS	15	C	01/22/2015	09:28:31	8.29739552	42.99901181		106.68	47.0	227.0	-5.2	-8.3	-0.4	9.8	212.1	22.3948032407
S201500200_PROTEVS	15	C	01/22/2015	09:28:31	8.29739552	42.99901181		114.68	39.0	208.0	-7.7	-6.7	1.4	10.2	229.0	22.3948032407
S201500200_PROTEVS	15	C	01/22/2015	09:28:31	8.29739552	42.99901181		122.68	32.0	184.0	-3.6	-8.8	0.3	9.5	202.2	22.3948032407
S201500200_PROTEVS	15	C	01/22/2015	09:28:31	8.29739552	42.99901181		130.68	25.0	134.0	-12.1	-14.7	2.9	19.0	219.5	22.3948032407
S201500200_PROTEVS	15	C	01/22/2015	09:28:31	8.29739552	42.99901181		138.68	21.0	92.0	26.8	-13.7		30.1	117.1	22.3948032407
S201500200_PROTEVS	15	C	01/22/2015	09:28:31	8.29739552	42.99901181		146.68	19.0	68.0	30.1	16.5		34.3	61.3	22.3948032407
S201500200_PROTEVS	15	C	01/22/2015	09:28:31	8.29739552	42.99901181		154.68	18.0	50.0						22.3948032407
S201500200_PROTEVS	15	C	01/22/2015	09:28:31	8.29739552	42.99901181		162.68	18.0	39.0						22.3948032407
S201500200_PROTEVS	15	C	01/22/2015	09:28:31	8.29739552	42.99901181		170.68	17.0	31.0						22.3948032407
S201500200_PROTEVS	15	C	01/22/2015	09:28:31	8.29739552	42.99901181		178.68	18.0	30.0						22.3948032407
S201500200_PROTEVS	15	C	01/22/2015	09:28:31	8.29739552	42.99901181		186.68	16.0	28.0						22.3948032407
S201500200_PROTEVS	15	C	01/22/2015	09:28:31	8.29739552	42.99901181		194.68	18.0	25.0						22.3948032407
S201500200_PROTEVS	15	C	01/22/2015	09:28:31	8.29739552	42.99901181		202.68	17.0	25.0						22.3948032407
S201500200_PROTEVS	15	C	01/22/2015	09:28:31	8.29739552	42.99901181		210.68	16.0	24.0						22.3948032407
S201500200_PROTEVS	15	C	01/22/2015	09:28:31	8.29739552	42.99901181		218.68	17.0	24.0						22.3948032407
S201500200_PROTEVS	15	C	01/22/2015	09:28:31	8.29739552	42.99901181		226.68	17.0	25.0						22.3948032407
S201500200_PROTEVS	15	C	01/22/2015	09:28:31	8.29739552	42.99901181		234.68	17.0	27.0						22.3948032407
S201500200_PROTEVS	15	C	01/22/2015	09:28:31	8.29739552	42.99901181		242.68	17.0	25.0						22.3948032407
S201500200_PROTEVS	15	C	01/22/2015	09:28:31	8.29739552	42.99901181		250.68	17.0	24.0						22.3948032407
S201500200_PROTEVS	15	C	01/22/2015	09:28:31	8.29739552	42.99901181		258.68	16.0	24.0						22.3948032407
S201500200_PROTEVS	15	C	01/22/2015	09:28:31	8.29739552	42.99901181		266.68	16.0	25.0						22.3948032407
S201500200_PROTEVS	15	C	01/22/2015	09:28:31	8.29739552	42.99901181		274.68	16.0	30.0						22.3948032407
S201500200_PROTEVS	15	C	01/22/2015	09:28:31	8.29739552	42.99901181		282.68	17.0	34.0						22.3948032407
S201500200_PROTEVS	15	C	01/22/2015	09:28:31	8.29739552	42.99901181		290.68	18.0	35.0						22.3948032407
S201500200_PROTEVS	15	C	01/22/2015	09:28:31	8.29739552	42.99901181		298.68	18.0	35.0						22.3948032407
S201500200_PROTEVS	15	C	01/22/2015	09:28:31	8.29739552	42.99901181		306.68	18.0	34.0						22.3948032407
S201500200_PROTEVS	15	C	01/22/2015	09:28:31	8.29739552	42.99901181		314.68	17.0	34.0						22.3948032407
S201500200_PROTEVS	15	C	01/22/2015	09:28:31	8.29739552	42.99901181		322.68	18.0	36.0						22.3948032407
S201500200_PROTEVS	15	C	01/22/2015	09:28:31	8.29739552	42.99901181		330.68	17.0	26.0						22.3948032407
S201500200_PROTEVS	16	C	01/22/2015	09:38:30	8.27723440	43.01986586		18.68	148.0	227.0	-28.4	0.4	0.7	28.4	270.8	22.4017361111
S201500200_PROTEVS	16	C	01/22/2015	09:38:30	8.27723440	43.01986586		26.68	124.0	235.0	-22.6	0.2	3.2	22.6	270.5	22.4017361111
S201500200_PROTEVS	16	C	01/22/2015	09:38:30	8.27723440	43.01986586		34.68	108.0	237.0	-20.6	-1.3	0.8	20.6	266.4	22.4017361111
S201500200_PROTEVS	16	C	01/22/2015	09:38:30	8.27723440	43.01986586		42.68	96.0	238.0	-15.4	-2.7	-0.1	15.6	260.1	22.4017361111
S201500200_PROTEVS	16	C	01/22/2015	09:38:30	8.27723440	43.01986586		50.68	90.0	239.0	-11.4	-3.0	-2.3	11.8	255.3	22.4017361111
S201500200_PROTEVS	16	C	01/22/2015	09:38:30	8.27723440	43.01986586		58.68	79.0	237.0	-5.1	-1.6	1.6	5.3	252.6	22.4017361111
S201500200_PROTEVS	16	C	01/22/2015	09:38:30	8.27723440	43.01986586		66.68	66.0	235.0	-3.2	-1.0	0.3	3.4	252.6	22.4017361111
S201500200_PROTEVS	16	C	01/22/2015	09:38:30	8.27723440	43.01986586		74.68	63.0	235.0	-1.4	-0.7	-0.4	1.6	243.4	22.4017361111
S201500200_PROTEVS	16	C	01/22/2015	09:38:30	8.27723440	43.01986586		82.68	61.0	237.0	-2.2	-1.2	2.4	2.5	241.4	22.4017361111
S201500200_PROTEVS	16	C	01/22/2015	09:38:30	8.27723440	43.01986586		90.68	59.0	235.0	-2.2	-7.7	1.8	8.0	195.9	22.4017361111
S201500200_PROTEVS	16	C	01/22/2015	09:38:30	8.27723440	43.01986586		98.68	54.0	235.0	-3.9	-10.2	0.4	10.9	200.9	22.4017361111
S201500200_PROTEVS	16	C	01/22/2015	09:38:30	8.27723440	43.01986586		106.68	49.0	230.0	-3.5	-11.7	-0.9	12.2	196.7	22.4017361111
S201500200_PROTEVS	16	C	01/22/2015	09:38:30	8.27723440	43.01986586		114.68	42.0	219.0	-4.0	-10.8	-0.2	11.5	200.3	22.4017361111
S201500200_PROTEVS	16	C	01/22/2015	09:38:30	8.27723440	43.01986586		122.68	35.0	201.0	-3.7	-13.3	-1.0	13.8	195.5	22.4017361111
S201500200_PROTEVS	16	C	01/22/2015	09:38:30	8.27723440	43.01986586		130.68	29.0	168.0	-7.3	-14.5	1.5	16.2	206.7	22.4017361111
S201500200_PROTEVS	16	C	01/22/2015	09:38:30	8.27723440	43.01986586		138.68	24.0	129.0	-4.9	-12.7	3.7	13.6	201.1	22.4017361111
S201500200_PROTEVS	16	C	01/22/2015	09:38:30	8.27723440	43.01986586		146.68	20.0	82.0	29.2	0.8		29.2	88.4	22.4017361111
S201500200_PROTEVS	16	C	01/22/2015	09:38:30	8.27723440	43.01986586		154.68	19.0	50.0						22.4017361111
S201500200_PROTEVS	16	C	01/22/2015	09:38:30	8.27723440	43.01986586		162.68	18.0	38.0						22.4017361111
S201500200_PROTEVS	16	C	01/22/2015	09:38:30	8.27723440	43.01986586		170.68	17.0	31.0						22.4017361111
S201500200_PROTEVS	16	C	01/22/2015	09:38:30	8.27723440	43.01986586		178.68	17.0	29.0						22.4017361111
S201500200_PROTEVS	16	C	01/22/2015	09:38:30	8.27723440	43.01986586		186.68	17.0	25.0						22.4017361111
S201500200_PROTEVS	16	C	01/22/2015	09:38:30	8.27723440	43.01986586		194.68	17.0	24.0						22.4017361111
S201500200_PROTEVS	16	C	01/22/2015	09:38:30	8.27723440	43.01986586		202.68	16.0	25.0						22.4017361111
S201500200_PROTEVS	16	C	01/22/2015	09:38:30	8.27723440	43.01986586		210.68	17.0	23.0						22.4017361111
S201500200_PROTEVS	16	C	01/22/2015	09:38:30	8.27723440	43.01986586		218.68	17.0	23.0						22.4017361111
S201500200_PROTEVS	16	C	01/22/2015	09:38:30	8.27723440	43.01986586		226.68	16.0	24.0						22.4017361111
S201500200_PROTEVS	16	C	01/22/2015	09:38:30	8.27723440	43.01986586		234.68	17.0	26.0						22.4017361111
S201500200_PROTEVS	16	C	01/22/2015	09:38:30	8.27723440	43.01986586		242.68	17.0	24.0						22.4017361111
S201500200_PROTEVS	16	C	01/22/2015	09:38:30	8.27723440	43.01986586		250.68	17.0	22.0						22.4017361111
S201500200_PROTEVS	16	C	01/22/2015	09:38:30	8.27723440	43.01986586		258.68	17.0	24.0						22.4017361111
S201500200_PROTEVS	16	C	01/22/2015	09:38:30	8.27723440	43.01986586		266.68	16.0	24.0						22.4017361111
S201500200_PROTEVS	16	C	01/22/2015	09:38:30	8.27723440	43.01986586		274.68	16.0	24.0						22.4017361111
S201500200_PROTEVS	16	C	01/22/2015	09:38:30	8.27723440	43.01986586		282.68	17.0	28.0						22.4017361111
S201500200_PROTEVS	16	C	01/22/2015	09:38:30	8.27723440	43.01986586		290.68	17.0	30.0						22.4017361111
S201500200_PROTEVS	16	C	01/22/2015	09:38:30	8.27723440	43.01986586		298.68	17.0	31.0						22.4017361111
S201500200_PROTEVS	16	C	01/22/2015	09:38:30	8.27723440	43.01986586		306.68	17.0	31.0						22.4017361111
S201500200_PROTEVS	16	C	01/22/2015	09:38:30	8.27723440	43.01986586		314.68	17.0	28.0						22.4017361111
S201500200_PROTEVS	16	C	01/22/2015	09:38:30	8.27723440	43.01986586		322.68	17.0	28.0						22.4017361111
S201500200_PROTEVS	16	C	01/22/2015	09:38:30	8.27723440	43.01986586		330.68	16.0	20.0						22.4017361111
S201500200_PROTEVS	17	C	01/22/2015	09:48:32	8.25729792	43.04081106		18.68	152.0	229.0	-14.9	-7.4	3.0	16.6	243.6	22.4087037037
S201500200_PROTEVS	17	C	01/22/2015	09:48:32	8.25729792	43.04081106		26.68	128.0	235.0	-13.9	-7.5	0.7	15.8	241.7	22.4087037037
S201500200_PROTEVS	17	C	01/22/2015	09:48:32	8.25729792	43.04081106		34.68	111.0	238.0	-14.6	-7.2	-1.9	16.3	243.7	22.4087037037
S201500200_PROTEVS	17	C	01/22/2015	09:48:32	8.25729792	43.04081106		42.68	99.0	238.0	-9.5	-8.3	0.5	12.6	228.9	22.4087037037
S201500200_PROTEVS	17	C	01/22/2015	09:48:32	8.25729792	43.04081106		50.68	88.0	237.0	-4.9	-9.1	1.8	10.3	208.3	22.4087037037
S201500200_PROTEVS	17	C	01/22/2015	09:48:32	8.25729792	43.04081106		58.68	74.0	234.0	1.4	-5.6	2.2	5.8	166.0	22.4087037037
S201500200_PROTEVS	17	C	01/22/2015	09:48:32	8.25729792	43.04081106		66.68	70.0	237.0	2.8	-3.0	0.7	4.1	137.0	22.4087037037
S201500200_PROTEVS	17	C	01/22/2015	09:48:32	8.25729792	43.04081106		74.68	68.0	236.0	2.6	-4.5	1.9	5.2	150.0	22.4087037037
S201500200_PROTEVS	17	C	01/22/2015	09:48:32	8.25729792	43.04081106		82.68	68.0	238.0	2.7	-7.7	1.0	8.2	160.7	22.4087037037
S201500200_PROTEVS	17	C	01/22/2015	09:48:32	8.25729792	43.04081106		90.68	63.0	237.0	1.3	-7.5	0.0	7.6	170.2	22.4087037037
S201500200_PROTEVS	17	C	01/22/2015	09:48:32	8.25729792	43.04081106		98.68	56.0	235.0	-1.1	-11.1	1.0	11.2	185.7	22.4087037037
S201500200_PROTEVS	17	C	01/22/2015	09:48:32	8.25729792	43.04081106		106.68	48.0	229.0	-5.6	-7.3	-1.1	9.2	217.5	22.4087037037
S201500200_PROTEVS	17	C	01/22/2015	09:48:32	8.25729792	43.04081106		114.68	40.0	216.0	-2.5	-11.0	0.4	11.3	192.8	22.4087037037
S201500200_PROTEVS	17	C	01/22/2015	09:48:32	8.25729792	43.04081106		122.68	32.0	184.0	-5.3	-9.7	-0.1	11.1	208.7	22.4087037037
S201500200_PROTEVS	17	C	01/22/2015	09:48:32	8.25729792	43.04081106		130.68	26.0	144.0	4.1	-12.1	6.5	12.8	161.3	22.4087037037
S201500200_PROTEVS	17	C	01/22/2015	09:48:32	8.25729792	43.04081106		138.68	23.0	114.0	0.0	-4.9	10.8	4.9	180.0	22.4087037037
S201500200_PROTEVS	17	C	01/22/2015	09:48:32	8.25729792	43.04081106		146.68	21.0	76.0	-30.0	-46.9		55.7	212.6	22.4087037037
S201500200_PROTEVS	17	C	01/22/2015	09:48:32	8.25729792	43.04081106		154.68	18.0	57.0						22.4087037037
S201500200_PROTEVS	17	C	01/22/2015	09:48:32	8.25729792	43.04081106		162.68	18.0	39.0						22.4087037037
S201500200_PROTEVS	17	C	01/22/2015	09:48:32	8.25729792	43.04081106		170.68	17.0	33.0						22.4087037037
S201500200_PROTEVS	17	C	01/22/2015	09:48:32	8.25729792	43.04081106		178.68	17.0	29.0						22.4087037037
S201500200_PROTEVS	17	C	01/22/2015	09:48:32	8.25729792	43.04081106		186.68	18.0	28.0						22.4087037037
S201500200_PROTEVS	17	C	01/22/2015	09:48:32	8.25729792	43.04081106		194.68	17.0	26.0						22.4087037037
S201500200_PROTEVS	17	C	01/22/2015	09:48:32	8.25729792	43.04081106		202.68	18.0	24.0						22.4087037037
S201500200_PROTEVS	17	C	01/22/2015	09:48:32	8.25729792	43.04081106		210.68	16.0	25.0						22.4087037037
S201500200_PROTEVS	17	C	01/22/2015	09:48:32	8.25729792	43.04081106		218.68	16.0	24.0						22.4087037037
S201500200_PROTEVS	17	C	01/22/2015	09:48:32	8.25729792	43.04081106		226.68	17.0	22.0						22.4087037037
S201500200_PROTEVS	17	C	01/22/2015	09:48:32	8.25729792	43.04081106		234.68	17.0	24.0						22.4087037037
S201500200_PROTEVS	17	C	01/22/2015	09:48:32	8.25729792	43.04081106		242.68	18.0	24.0						22.4087037037
S201500200_PROTEVS	17	C	01/22/2015	09:48:32	8.25729792	43.04081106		250.68	17.0	25.0						22.4087037037
S201500200_PROTEVS	17	C	01/22/2015	09:48:32	8.25729792	43.04081106		258.68	18.0	23.0						22.4087037037
S201500200_PROTEVS	17	C	01/22/2015	09:48:32	8.25729792	43.04081106		266.68	17.0	24.0						22.4087037037
S201500200_PROTEVS	17	C	01/22/2015	09:48:32	8.25729792	43.04081106		274.68	17.0	23.0						22.4087037037
S201500200_PROTEVS	17	C	01/22/2015	09:48:32	8.25729792	43.04081106		282.68	16.0	24.0						22.4087037037
S201500200_PROTEVS	17	C	01/22/2015	09:48:32	8.25729792	43.04081106		290.68	17.0	24.0						22.4087037037
S201500200_PROTEVS	17	C	01/22/2015	09:48:32	8.25729792	43.04081106		298.68	17.0	25.0						22.4087037037
S201500200_PROTEVS	17	C	01/22/2015	09:48:32	8.25729792	43.04081106		306.68	17.0	25.0						22.4087037037
S201500200_PROTEVS	17	C	01/22/2015	09:48:32	8.25729792	43.04081106		314.68	16.0	26.0						22.4087037037
S201500200_PROTEVS	17	C	01/22/2015	09:48:32	8.25729792	43.04081106		322.68	16.0	25.0						22.4087037037
S201500200_PROTEVS	17	C	01/22/2015	09:48:32	8.25729792	43.04081106		330.68	16.0	18.0						22.4087037037
S201500200_PROTEVS	18	C	01/22/2015	09:58:32	8.23768850	43.06155053		18.68	151.0	232.0	-10.4	-8.0	0.8	13.1	232.4	22.4156481481
S201500200_PROTEVS	18	C	01/22/2015	09:58:32	8.23768850	43.06155053		26.68	131.0	238.0	-9.0	-7.3	0.5	11.6	231.0	22.4156481481
S201500200_PROTEVS	18	C	01/22/2015	09:58:32	8.23768850	43.06155053		34.68	114.0	238.0	-6.8	-6.8	-0.7	9.6	225.0	22.4156481481
S201500200_PROTEVS	18	C	01/22/2015	09:58:32	8.23768850	43.06155053		42.68	101.0	237.0	-6.9	-7.4	1.9	10.1	223.0	22.4156481481
S201500200_PROTEVS	18	C	01/22/2015	09:58:32	8.23768850	43.06155053		50.68	92.0	238.0	-1.2	-5.1	0.9	5.2	193.2	22.4156481481
S201500200_PROTEVS	18	C	01/22/2015	09:58:32	8.23768850	43.06155053		58.68	80.0	235.0	3.1	-3.3	-0.8	4.5	136.8	22.4156481481
S201500200_PROTEVS	18	C	01/22/2015	09:58:32	8.23768850	43.06155053		66.68	72.0	237.0	1.6	-2.2	1.7	2.7	144.0	22.4156481481
S201500200_PROTEVS	18	C	01/22/2015	09:58:32	8.23768850	43.06155053		74.68	70.0	238.0	0.1	-3.2	0.9	3.2	178.2	22.4156481481
S201500200_PROTEVS	18	C	01/22/2015	09:58:32	8.23768850	43.06155053		82.68	67.0	238.0	1.4	-4.1	1.6	4.3	161.1	22.4156481481
S201500200_PROTEVS	18	C	01/22/2015	09:58:32	8.23768850	43.06155053		90.68	62.0	236.0	-0.1	-4.7	-0.6	4.7	181.2	22.4156481481
S201500200_PROTEVS	18	C	01/22/2015	09:58:32	8.23768850	43.06155053		98.68	56.0	235.0	-2.9	-4.5	0.9	5.4	212.8	22.4156481481
S201500200_PROTEVS	18	C	01/22/2015	09:58:32	8.23768850	43.06155053		106.68	49.0	231.0	-2.8	-4.2	1.4	5.0	213.7	22.4156481481
S201500200_PROTEVS	18	C	01/22/2015	09:58:32	8.23768850	43.06155053		114.68	42.0	220.0	-5.6	-5.3	2.3	7.7	226.6	22.4156481481
S201500200_PROTEVS	18	C	01/22/2015	09:58:32	8.23768850	43.06155053		122.68	35.0	194.0	-3.1	-8.1	3.3	8.7	200.9	22.4156481481
S201500200_PROTEVS	18	C	01/22/2015	09:58:32	8.23768850	43.06155053		130.68	28.0	163.0	-5.7	-6.7	-0.4	8.8	220.4	22.4156481481
S201500200_PROTEVS	18	C	01/22/2015	09:58:32	8.23768850	43.06155053		138.68	24.0	128.0	-3.2	-12.1	1.1	12.5	194.8	22.4156481481
S201500200_PROTEVS	18	C	01/22/2015	09:58:32	8.23768850	43.06155053		146.68	21.0	95.0	8.5	-6.9	23.3	10.9	129.1	22.4156481481
S201500200_PROTEVS	18	C	01/22/2015	09:58:32	8.23768850	43.06155053		154.68	19.0	59.0						22.4156481481
S201500200_PROTEVS	18	C	01/22/2015	09:58:32	8.23768850	43.06155053		162.68	17.0	38.0						22.4156481481
S201500200_PROTEVS	18	C	01/22/2015	09:58:32	8.23768850	43.06155053		170.68	18.0	33.0						22.4156481481
S201500200_PROTEVS	18	C	01/22/2015	09:58:32	8.23768850	43.06155053		178.68	18.0	29.0						22.4156481481
S201500200_PROTEVS	18	C	01/22/2015	09:58:32	8.23768850	43.06155053		186.68	17.0	27.0						22.4156481481
S201500200_PROTEVS	18	C	01/22/2015	09:58:32	8.23768850	43.06155053		194.68	17.0	26.0						22.4156481481
S201500200_PROTEVS	18	C	01/22/2015	09:58:32	8.23768850	43.06155053		202.68	16.0	25.0						22.4156481481
S201500200_PROTEVS	18	C	01/22/2015	09:58:32	8.23768850	43.06155053		210.68	16.0	24.0						22.4156481481
S201500200_PROTEVS	18	C	01/22/2015	09:58:32	8.23768850	43.06155053		218.68	17.0	24.0						22.4156481481
S201500200_PROTEVS	18	C	01/22/2015	09:58:32	8.23768850	43.06155053		226.68	17.0	22.0						22.4156481481
S201500200_PROTEVS	18	C	01/22/2015	09:58:32	8.23768850	43.06155053		234.68	17.0	25.0						22.4156481481
S201500200_PROTEVS	18	C	01/22/2015	09:58:32	8.23768850	43.06155053		242.68	17.0	23.0						22.4156481481
S201500200_PROTEVS	18	C	01/22/2015	09:58:32	8.23768850	43.06155053		250.68	17.0	24.0						22.4156481481
S201500200_PROTEVS	18	C	01/22/2015	09:58:32	8.23768850	43.06155053		258.68	17.0	22.0						22.4156481481
S201500200_PROTEVS	18	C	01/22/2015	09:58:32	8.23768850	43.06155053		266.68	16.0	22.0						22.4156481481
S201500200_PROTEVS	18	C	01/22/2015	09:58:32	8.23768850	43.06155053		274.68	18.0	23.0						22.4156481481
S201500200_PROTEVS	18	C	01/22/2015	09:58:32	8.23768850	43.06155053		282.68	17.0	22.0						22.4156481481
S201500200_PROTEVS	18	C	01/22/2015	09:58:32	8.23768850	43.06155053		290.68	17.0	24.0						22.4156481481
S201500200_PROTEVS	18	C	01/22/2015	09:58:32	8.23768850	43.06155053		298.68	17.0	24.0						22.4156481481
S201500200_PROTEVS	18	C	01/22/2015	09:58:32	8.23768850	43.06155053		306.68	17.0	26.0						22.4156481481
S201500200_PROTEVS	18	C	01/22/2015	09:58:32	8.23768850	43.06155053		314.68	17.0	26.0						22.4156481481
S201500200_PROTEVS	18	C	01/22/2015	09:58:32	8.23768850	43.06155053		322.68	17.0	24.0						22.4156481481
S201500200_PROTEVS	18	C	01/22/2015	09:58:32	8.23768850	43.06155053		330.68	17.0	20.0						22.4156481481
S201500200_PROTEVS	19	C	01/22/2015	10:08:37	8.21759717	43.08193490		18.68	152.0	232.0	-6.9	-5.9	1.8	9.1	229.5	22.422650463
S201500200_PROTEVS	19	C	01/22/2015	10:08:37	8.21759717	43.08193490		26.68	134.0	238.0	-8.3	-5.3	1.8	9.8	237.4	22.422650463
S201500200_PROTEVS	19	C	01/22/2015	10:08:37	8.21759717	43.08193490		34.68	116.0	238.0	-7.3	-8.6	-0.1	11.3	220.3	22.422650463
S201500200_PROTEVS	19	C	01/22/2015	10:08:37	8.21759717	43.08193490		42.68	102.0	239.0	-6.1	-8.2	0.7	10.2	216.6	22.422650463
S201500200_PROTEVS	19	C	01/22/2015	10:08:37	8.21759717	43.08193490		50.68	94.0	240.0	-4.4	-5.1	0.1	6.7	220.8	22.422650463
S201500200_PROTEVS	19	C	01/22/2015	10:08:37	8.21759717	43.08193490		58.68	87.0	240.0	2.1	-3.8	1.8	4.3	151.1	22.422650463
S201500200_PROTEVS	19	C	01/22/2015	10:08:37	8.21759717	43.08193490		66.68	77.0	238.0	4.8	0.3	-1.1	4.8	86.4	22.422650463
S201500200_PROTEVS	19	C	01/22/2015	10:08:37	8.21759717	43.08193490		74.68	72.0	239.0	3.2	1.4	-0.8	3.5	66.4	22.422650463
S201500200_PROTEVS	19	C	01/22/2015	10:08:37	8.21759717	43.08193490		82.68	68.0	238.0	1.1	1.0	3.1	1.5	47.7	22.422650463
S201500200_PROTEVS	19	C	01/22/2015	10:08:37	8.21759717	43.08193490		90.68	62.0	236.0	0.8	-2.5	2.9	2.6	162.3	22.422650463
S201500200_PROTEVS	19	C	01/22/2015	10:08:37	8.21759717	43.08193490		98.68	57.0	234.0	-1.4	-4.1	1.3	4.3	198.9	22.422650463
S201500200_PROTEVS	19	C	01/22/2015	10:08:37	8.21759717	43.08193490		106.68	50.0	230.0	-1.5	-5.4	2.9	5.6	195.5	22.422650463
S201500200_PROTEVS	19	C	01/22/2015	10:08:37	8.21759717	43.08193490		114.68	41.0	219.0	-2.1	-7.8	1.1	8.1	195.1	22.422650463
S201500200_PROTEVS	19	C	01/22/2015	10:08:37	8.21759717	43.08193490		122.68	35.0	202.0	-2.6	-9.6	0.0	9.9	195.2	22.422650463
S201500200_PROTEVS	19	C	01/22/2015	10:08:37	8.21759717	43.08193490		130.68	29.0	170.0	0.0	-5.2	2.4	5.2	180.0	22.422650463
S201500200_PROTEVS	19	C	01/22/2015	10:08:37	8.21759717	43.08193490		138.68	24.0	128.0	-3.8	-9.0	-0.8	9.8	202.9	22.422650463
S201500200_PROTEVS	19	C	01/22/2015	10:08:37	8.21759717	43.08193490		146.68	21.0	88.0	-9.5	-15.6		18.3	211.3	22.422650463
S201500200_PROTEVS	19	C	01/22/2015	10:08:37	8.21759717	43.08193490		154.68	19.0	64.0						22.422650463
S201500200_PROTEVS	19	C	01/22/2015	10:08:37	8.21759717	43.08193490		162.68	18.0	45.0						22.422650463
S201500200_PROTEVS	19	C	01/22/2015	10:08:37	8.21759717	43.08193490		170.68	17.0	36.0						22.422650463
S201500200_PROTEVS	19	C	01/22/2015	10:08:37	8.21759717	43.08193490		178.68	18.0	30.0						22.422650463
S201500200_PROTEVS	19	C	01/22/2015	10:08:37	8.21759717	43.08193490		186.68	17.0	27.0						22.422650463
S201500200_PROTEVS	19	C	01/22/2015	10:08:37	8.21759717	43.08193490		194.68	17.0	26.0						22.422650463
S201500200_PROTEVS	19	C	01/22/2015	10:08:37	8.21759717	43.08193490		202.68	17.0	28.0						22.422650463
S201500200_PROTEVS	19	C	01/22/2015	10:08:37	8.21759717	43.08193490		210.68	16.0	26.0						22.422650463
S201500200_PROTEVS	19	C	01/22/2015	10:08:37	8.21759717	43.08193490		218.68	16.0	26.0						22.422650463
S201500200_PROTEVS	19	C	01/22/2015	10:08:37	8.21759717	43.08193490		226.68	17.0	24.0						22.422650463
S201500200_PROTEVS	19	C	01/22/2015	10:08:37	8.21759717	43.08193490		234.68	17.0	26.0						22.422650463
S201500200_PROTEVS	19	C	01/22/2015	10:08:37	8.21759717	43.08193490		242.68	16.0	24.0						22.422650463
S201500200_PROTEVS	19	C	01/22/2015	10:08:37	8.21759717	43.08193490		250.68	18.0	25.0						22.422650463
S201500200_PROTEVS	19	C	01/22/2015	10:08:37	8.21759717	43.08193490		258.68	17.0	24.0						22.422650463
S201500200_PROTEVS	19	C	01/22/2015	10:08:37	8.21759717	43.08193490		266.68	18.0	25.0						22.422650463
S201500200_PROTEVS	19	C	01/22/2015	10:08:37	8.21759717	43.08193490		274.68	16.0	26.0						22.422650463
S201500200_PROTEVS	19	C	01/22/2015	10:08:37	8.21759717	43.08193490		282.68	16.0	28.0						22.422650463
S201500200_PROTEVS	19	C	01/22/2015	10:08:37	8.21759717	43.08193490		290.68	17.0	30.0						22.422650463
S201500200_PROTEVS	19	C	01/22/2015	10:08:37	8.21759717	43.08193490		298.68	17.0	31.0						22.422650463
S201500200_PROTEVS	19	C	01/22/2015	10:08:37	8.21759717	43.08193490		306.68	18.0	30.0						22.422650463
S201500200_PROTEVS	19	C	01/22/2015	10:08:37	8.21759717	43.08193490		314.68	17.0	29.0						22.422650463
S201500200_PROTEVS	19	C	01/22/2015	10:08:37	8.21759717	43.08193490		322.68	18.0	29.0						22.422650463
S201500200_PROTEVS	19	C	01/22/2015	10:08:37	8.21759717	43.08193490		330.68	17.0	23.0						22.422650463
S201500200_PROTEVS	20	C	01/22/2015	10:18:34	8.19742126	43.10224274		18.68	150.0	228.0	-17.2	-0.5	2.5	17.2	268.3	22.4295601852
S201500200_PROTEVS	20	C	01/22/2015	10:18:34	8.19742126	43.10224274		26.68	130.0	236.0	-20.4	-1.7	3.5	20.5	265.2	22.4295601852
S201500200_PROTEVS	20	C	01/22/2015	10:18:34	8.19742126	43.10224274		34.68	113.0	236.0	-16.6	-4.3	3.6	17.1	255.5	22.4295601852
S201500200_PROTEVS	20	C	01/22/2015	10:18:34	8.19742126	43.10224274		42.68	103.0	238.0	-16.6	-6.3	1.8	17.8	249.2	22.4295601852
S201500200_PROTEVS	20	C	01/22/2015	10:18:34	8.19742126	43.10224274		50.68	94.0	238.0	-7.5	-4.2	0.9	8.6	240.8	22.4295601852
S201500200_PROTEVS	20	C	01/22/2015	10:18:34	8.19742126	43.10224274		58.68	85.0	238.0	-1.9	-3.2	0.1	3.7	210.7	22.4295601852
S201500200_PROTEVS	20	C	01/22/2015	10:18:34	8.19742126	43.10224274		66.68	78.0	238.0	-1.2	1.6	1.9	2.0	323.1	22.4295601852
S201500200_PROTEVS	20	C	01/22/2015	10:18:34	8.19742126	43.10224274		74.68	77.0	240.0	-3.0	2.9	1.5	4.2	314.0	22.4295601852
S201500200_PROTEVS	20	C	01/22/2015	10:18:34	8.19742126	43.10224274		82.68	71.0	238.0	-3.3	-0.8	1.8	3.4	256.4	22.4295601852
S201500200_PROTEVS	20	C	01/22/2015	10:18:34	8.19742126	43.10224274		90.68	65.0	237.0	-4.5	-2.9	4.1	5.4	237.2	22.4295601852
S201500200_PROTEVS	20	C	01/22/2015	10:18:34	8.19742126	43.10224274		98.68	59.0	236.0	-6.6	-5.9	1.6	8.9	228.2	22.4295601852
S201500200_PROTEVS	20	C	01/22/2015	10:18:34	8.19742126	43.10224274		106.68	54.0	233.0	-3.7	-7.0	-0.1	7.9	207.9	22.4295601852
S201500200_PROTEVS	20	C	01/22/2015	10:18:34	8.19742126	43.10224274		114.68	46.0	226.0	-5.1	-6.7	2.4	8.4	217.3	22.4295601852
S201500200_PROTEVS	20	C	01/22/2015	10:18:34	8.19742126	43.10224274		122.68	38.0	206.0	-3.4	-8.5	0.4	9.2	201.8	22.4295601852
S201500200_PROTEVS	20	C	01/22/2015	10:18:34	8.19742126	43.10224274		130.68	30.0	178.0	-2.6	-4.5	0.6	5.2	210.0	22.4295601852
S201500200_PROTEVS	20	C	01/22/2015	10:18:34	8.19742126	43.10224274		138.68	26.0	142.0	-6.0	-2.3	2.8	6.4	249.0	22.4295601852
S201500200_PROTEVS	20	C	01/22/2015	10:18:34	8.19742126	43.10224274		146.68	22.0	103.0	2.1	-9.1		9.3	167.0	22.4295601852
S201500200_PROTEVS	20	C	01/22/2015	10:18:34	8.19742126	43.10224274		154.68	20.0	65.0						22.4295601852
S201500200_PROTEVS	20	C	01/22/2015	10:18:34	8.19742126	43.10224274		162.68	18.0	46.0						22.4295601852
S201500200_PROTEVS	20	C	01/22/2015	10:18:34	8.19742126	43.10224274		170.68	18.0	36.0						22.4295601852
S201500200_PROTEVS	20	C	01/22/2015	10:18:34	8.19742126	43.10224274		178.68	17.0	30.0						22.4295601852
S201500200_PROTEVS	20	C	01/22/2015	10:18:34	8.19742126	43.10224274		186.68	18.0	31.0						22.4295601852
S201500200_PROTEVS	20	C	01/22/2015	10:18:34	8.19742126	43.10224274		194.68	18.0	30.0						22.4295601852
S201500200_PROTEVS	20	C	01/22/2015	10:18:34	8.19742126	43.10224274		202.68	18.0	28.0						22.4295601852
S201500200_PROTEVS	20	C	01/22/2015	10:18:34	8.19742126	43.10224274		210.68	18.0	27.0						22.4295601852
S201500200_PROTEVS	20	C	01/22/2015	10:18:34	8.19742126	43.10224274		218.68	17.0	26.0						22.4295601852
S201500200_PROTEVS	20	C	01/22/2015	10:18:34	8.19742126	43.10224274		226.68	16.0	27.0						22.4295601852
S201500200_PROTEVS	20	C	01/22/2015	10:18:34	8.19742126	43.10224274		234.68	17.0	28.0						22.4295601852
S201500200_PROTEVS	20	C	01/22/2015	10:18:34	8.19742126	43.10224274		242.68	17.0	25.0						22.4295601852
S201500200_PROTEVS	20	C	01/22/2015	10:18:34	8.19742126	43.10224274		250.68	17.0	25.0						22.4295601852
S201500200_PROTEVS	20	C	01/22/2015	10:18:34	8.19742126	43.10224274		258.68	17.0	26.0						22.4295601852
S201500200_PROTEVS	20	C	01/22/2015	10:18:34	8.19742126	43.10224274		266.68	18.0	26.0						22.4295601852
S201500200_PROTEVS	20	C	01/22/2015	10:18:34	8.19742126	43.10224274		274.68	16.0	32.0						22.4295601852
S201500200_PROTEVS	20	C	01/22/2015	10:18:34	8.19742126	43.10224274		282.68	18.0	38.0						22.4295601852
S201500200_PROTEVS	20	C	01/22/2015	10:18:34	8.19742126	43.10224274		290.68	18.0	42.0						22.4295601852
S201500200_PROTEVS	20	C	01/22/2015	10:18:34	8.19742126	43.10224274		298.68	18.0	40.0						22.4295601852
S201500200_PROTEVS	20	C	01/22/2015	10:18:34	8.19742126	43.10224274		306.68	18.0	40.0						22.4295601852
S201500200_PROTEVS	20	C	01/22/2015	10:18:34	8.19742126	43.10224274		314.68	18.0	40.0						22.4295601852
S201500200_PROTEVS	20	C	01/22/2015	10:18:34	8.19742126	43.10224274		322.68	18.0	42.0						22.4295601852
S201500200_PROTEVS	20	C	01/22/2015	10:18:34	8.19742126	43.10224274		330.68	18.0	34.0						22.4295601852
S201500200_PROTEVS	21	C	01/22/2015	10:28:34	8.17746541	43.12271516		18.68	149.0	228.0	-21.1	0.8	-0.4	21.1	272.2	22.4365046296
S201500200_PROTEVS	21	C	01/22/2015	10:28:34	8.17746541	43.12271516		26.68	130.0	236.0	-19.7	0.5	1.0	19.7	271.5	22.4365046296
S201500200_PROTEVS	21	C	01/22/2015	10:28:34	8.17746541	43.12271516		34.68	115.0	238.0	-16.2	-0.7	-0.2	16.2	267.5	22.4365046296
S201500200_PROTEVS	21	C	01/22/2015	10:28:34	8.17746541	43.12271516		42.68	104.0	238.0	-12.6	-6.0	0.8	14.0	244.5	22.4365046296
S201500200_PROTEVS	21	C	01/22/2015	10:28:34	8.17746541	43.12271516		50.68	96.0	240.0	-8.7	-5.0	0.8	10.0	240.1	22.4365046296
S201500200_PROTEVS	21	C	01/22/2015	10:28:34	8.17746541	43.12271516		58.68	83.0	237.0	-7.5	-4.7	-0.5	8.9	237.9	22.4365046296
S201500200_PROTEVS	21	C	01/22/2015	10:28:34	8.17746541	43.12271516		66.68	77.0	239.0	-8.1	-2.6	0.1	8.5	252.2	22.4365046296
S201500200_PROTEVS	21	C	01/22/2015	10:28:34	8.17746541	43.12271516		74.68	75.0	239.0	-8.0	-1.6	-0.7	8.2	258.7	22.4365046296
S201500200_PROTEVS	21	C	01/22/2015	10:28:34	8.17746541	43.12271516		82.68	74.0	239.0	-4.4	-3.5	2.7	5.6	231.5	22.4365046296
S201500200_PROTEVS	21	C	01/22/2015	10:28:34	8.17746541	43.12271516		90.68	69.0	237.0	-5.5	-6.8	1.9	8.7	219.0	22.4365046296
S201500200_PROTEVS	21	C	01/22/2015	10:28:34	8.17746541	43.12271516		98.68	61.0	236.0	-5.3	-7.6	3.4	9.3	214.9	22.4365046296
S201500200_PROTEVS	21	C	01/22/2015	10:28:34	8.17746541	43.12271516		106.68	56.0	235.0	-5.0	-7.1	0.3	8.7	215.2	22.4365046296
S201500200_PROTEVS	21	C	01/22/2015	10:28:34	8.17746541	43.12271516		114.68	50.0	231.0	-6.2	-5.2	0.6	8.1	230.0	22.4365046296
S201500200_PROTEVS	21	C	01/22/2015	10:28:34	8.17746541	43.12271516		122.68	44.0	224.0	-8.4	-3.1	0.1	9.0	249.7	22.4365046296
S201500200_PROTEVS	21	C	01/22/2015	10:28:34	8.17746541	43.12271516		130.68	37.0	206.0	-7.2	-2.6	0.9	7.7	250.1	22.4365046296
S201500200_PROTEVS	21	C	01/22/2015	10:28:34	8.17746541	43.12271516		138.68	30.0	173.0	-4.3	-3.1	-2.9	5.3	234.2	22.4365046296
S201500200_PROTEVS	21	C	01/22/2015	10:28:34	8.17746541	43.12271516		146.68	24.0	129.0	-5.1	-0.2	2.2	5.1	267.8	22.4365046296
S201500200_PROTEVS	21	C	01/22/2015	10:28:34	8.17746541	43.12271516		154.68	20.0	84.0	24.6	-5.2		25.1	101.9	22.4365046296
S201500200_PROTEVS	21	C	01/22/2015	10:28:34	8.17746541	43.12271516		162.68	19.0	60.0						22.4365046296
S201500200_PROTEVS	21	C	01/22/2015	10:28:34	8.17746541	43.12271516		170.68	18.0	48.0						22.4365046296
S201500200_PROTEVS	21	C	01/22/2015	10:28:34	8.17746541	43.12271516		178.68	18.0	42.0						22.4365046296
S201500200_PROTEVS	21	C	01/22/2015	10:28:34	8.17746541	43.12271516		186.68	18.0	38.0						22.4365046296
S201500200_PROTEVS	21	C	01/22/2015	10:28:34	8.17746541	43.12271516		194.68	18.0	36.0						22.4365046296
S201500200_PROTEVS	21	C	01/22/2015	10:28:34	8.17746541	43.12271516		202.68	17.0	32.0						22.4365046296
S201500200_PROTEVS	21	C	01/22/2015	10:28:34	8.17746541	43.12271516		210.68	17.0	28.0						22.4365046296
S201500200_PROTEVS	21	C	01/22/2015	10:28:34	8.17746541	43.12271516		218.68	18.0	27.0						22.4365046296
S201500200_PROTEVS	21	C	01/22/2015	10:28:34	8.17746541	43.12271516		226.68	16.0	25.0						22.4365046296
S201500200_PROTEVS	21	C	01/22/2015	10:28:34	8.17746541	43.12271516		234.68	17.0	25.0						22.4365046296
S201500200_PROTEVS	21	C	01/22/2015	10:28:34	8.17746541	43.12271516		242.68	17.0	24.0						22.4365046296
S201500200_PROTEVS	21	C	01/22/2015	10:28:34	8.17746541	43.12271516		250.68	17.0	24.0						22.4365046296
S201500200_PROTEVS	21	C	01/22/2015	10:28:34	8.17746541	43.12271516		258.68	17.0	25.0						22.4365046296
S201500200_PROTEVS	21	C	01/22/2015	10:28:34	8.17746541	43.12271516		266.68	17.0	28.0						22.4365046296
S201500200_PROTEVS	21	C	01/22/2015	10:28:34	8.17746541	43.12271516		274.68	18.0	34.0						22.4365046296
S201500200_PROTEVS	21	C	01/22/2015	10:28:34	8.17746541	43.12271516		282.68	18.0	39.0						22.4365046296
S201500200_PROTEVS	21	C	01/22/2015	10:28:34	8.17746541	43.12271516		290.68	17.0	42.0						22.4365046296
S201500200_PROTEVS	21	C	01/22/2015	10:28:34	8.17746541	43.12271516		298.68	18.0	42.0						22.4365046296
S201500200_PROTEVS	21	C	01/22/2015	10:28:34	8.17746541	43.12271516		306.68	17.0	41.0						22.4365046296
S201500200_PROTEVS	21	C	01/22/2015	10:28:34	8.17746541	43.12271516		314.68	18.0	41.0						22.4365046296
S201500200_PROTEVS	21	C	01/22/2015	10:28:34	8.17746541	43.12271516		322.68	18.0	43.0						22.4365046296
S201500200_PROTEVS	21	C	01/22/2015	10:28:34	8.17746541	43.12271516		330.68	18.0	32.0						22.4365046296
S201500200_PROTEVS	22	C	01/22/2015	10:38:33	8.15747478	43.14334630		18.68	151.0	226.0	-20.2	6.7	2.3	21.3	288.3	22.4434375
S201500200_PROTEVS	22	C	01/22/2015	10:38:33	8.15747478	43.14334630		26.68	132.0	234.0	-15.5	5.2	1.8	16.3	288.5	22.4434375
S201500200_PROTEVS	22	C	01/22/2015	10:38:33	8.15747478	43.14334630		34.68	116.0	235.0	-15.0	3.8	1.2	15.5	284.2	22.4434375
S201500200_PROTEVS	22	C	01/22/2015	10:38:33	8.15747478	43.14334630		42.68	104.0	237.0	-11.1	6.2	2.0	12.7	299.2	22.4434375
S201500200_PROTEVS	22	C	01/22/2015	10:38:33	8.15747478	43.14334630		50.68	97.0	237.0	-8.0	2.2	2.7	8.3	285.4	22.4434375
S201500200_PROTEVS	22	C	01/22/2015	10:38:33	8.15747478	43.14334630		58.68	88.0	238.0	-5.6	-0.8	2.3	5.7	261.9	22.4434375
S201500200_PROTEVS	22	C	01/22/2015	10:38:33	8.15747478	43.14334630		66.68	77.0	236.0	-6.0	-0.5	3.9	6.0	265.2	22.4434375
S201500200_PROTEVS	22	C	01/22/2015	10:38:33	8.15747478	43.14334630		74.68	69.0	236.0	-7.0	-4.2	3.7	8.2	239.0	22.4434375
S201500200_PROTEVS	22	C	01/22/2015	10:38:33	8.15747478	43.14334630		82.68	67.0	238.0	-5.2	-3.9	3.5	6.5	233.1	22.4434375
S201500200_PROTEVS	22	C	01/22/2015	10:38:33	8.15747478	43.14334630		90.68	62.0	236.0	0.9	-5.9	1.2	6.0	171.3	22.4434375
S201500200_PROTEVS	22	C	01/22/2015	10:38:33	8.15747478	43.14334630		98.68	58.0	234.0	3.3	-8.0	1.1	8.7	157.6	22.4434375
S201500200_PROTEVS	22	C	01/22/2015	10:38:33	8.15747478	43.14334630		106.68	54.0	232.0	-1.4	-6.3	1.4	6.5	192.5	22.4434375
S201500200_PROTEVS	22	C	01/22/2015	10:38:33	8.15747478	43.14334630		114.68	48.0	230.0	2.0	-1.9	0.6	2.8	133.5	22.4434375
S201500200_PROTEVS	22	C	01/22/2015	10:38:33	8.15747478	43.14334630		122.68	41.0	216.0	2.7	2.5	-0.9	3.7	47.2	22.4434375
S201500200_PROTEVS	22	C	01/22/2015	10:38:33	8.15747478	43.14334630		130.68	33.0	198.0	4.2	6.4	1.4	7.7	33.3	22.4434375
S201500200_PROTEVS	22	C	01/22/2015	10:38:33	8.15747478	43.14334630		138.68	28.0	161.0	-0.6	-5.4	5.7	5.4	186.3	22.4434375
S201500200_PROTEVS	22	C	01/22/2015	10:38:33	8.15747478	43.14334630		146.68	23.0	116.0	4.6	-0.2	-9.5	4.6	92.5	22.4434375
S201500200_PROTEVS	22	C	01/22/2015	10:38:33	8.15747478	43.14334630		154.68	20.0	71.0	-1.4	-15.0		15.1	185.3	22.4434375
S201500200_PROTEVS	22	C	01/22/2015	10:38:33	8.15747478	43.14334630		162.68	18.0	51.0						22.4434375
S201500200_PROTEVS	22	C	01/22/2015	10:38:33	8.15747478	43.14334630		170.68	18.0	41.0						22.4434375
S201500200_PROTEVS	22	C	01/22/2015	10:38:33	8.15747478	43.14334630		178.68	18.0	36.0						22.4434375
S201500200_PROTEVS	22	C	01/22/2015	10:38:33	8.15747478	43.14334630		186.68	18.0	30.0						22.4434375
S201500200_PROTEVS	22	C	01/22/2015	10:38:33	8.15747478	43.14334630		194.68	18.0	29.0						22.4434375
S201500200_PROTEVS	22	C	01/22/2015	10:38:33	8.15747478	43.14334630		202.68	17.0	29.0						22.4434375
S201500200_PROTEVS	22	C	01/22/2015	10:38:33	8.15747478	43.14334630		210.68	17.0	26.0						22.4434375
S201500200_PROTEVS	22	C	01/22/2015	10:38:33	8.15747478	43.14334630		218.68	17.0	27.0						22.4434375
S201500200_PROTEVS	22	C	01/22/2015	10:38:33	8.15747478	43.14334630		226.68	18.0	26.0						22.4434375
S201500200_PROTEVS	22	C	01/22/2015	10:38:33	8.15747478	43.14334630		234.68	18.0	28.0						22.4434375
S201500200_PROTEVS	22	C	01/22/2015	10:38:33	8.15747478	43.14334630		242.68	17.0	28.0						22.4434375
S201500200_PROTEVS	22	C	01/22/2015	10:38:33	8.15747478	43.14334630		250.68	17.0	30.0						22.4434375
S201500200_PROTEVS	22	C	01/22/2015	10:38:33	8.15747478	43.14334630		258.68	16.0	31.0						22.4434375
S201500200_PROTEVS	22	C	01/22/2015	10:38:33	8.15747478	43.14334630		266.68	17.0	31.0						22.4434375
S201500200_PROTEVS	22	C	01/22/2015	10:38:33	8.15747478	43.14334630		274.68	18.0	34.0						22.4434375
S201500200_PROTEVS	22	C	01/22/2015	10:38:33	8.15747478	43.14334630		282.68	18.0	37.0						22.4434375
S201500200_PROTEVS	22	C	01/22/2015	10:38:33	8.15747478	43.14334630		290.68	18.0	39.0						22.4434375
S201500200_PROTEVS	22	C	01/22/2015	10:38:33	8.15747478	43.14334630		298.68	17.0	37.0						22.4434375
S201500200_PROTEVS	22	C	01/22/2015	10:38:33	8.15747478	43.14334630		306.68	17.0	40.0						22.4434375
S201500200_PROTEVS	22	C	01/22/2015	10:38:33	8.15747478	43.14334630		314.68	18.0	42.0						22.4434375
S201500200_PROTEVS	22	C	01/22/2015	10:38:33	8.15747478	43.14334630		322.68	18.0	38.0						22.4434375
S201500200_PROTEVS	22	C	01/22/2015	10:38:33	8.15747478	43.14334630		330.68	18.0	30.0						22.4434375
S201500200_PROTEVS	23	C	01/22/2015	10:48:31	8.13642601	43.16354148		18.68	151.0	227.0	-16.2	10.0	1.0	19.0	301.7	22.4503587963
S201500200_PROTEVS	23	C	01/22/2015	10:48:31	8.13642601	43.16354148		26.68	131.0	236.0	-12.7	8.4	3.9	15.2	303.5	22.4503587963
S201500200_PROTEVS	23	C	01/22/2015	10:48:31	8.13642601	43.16354148		34.68	117.0	237.0	-9.7	6.0	1.7	11.4	301.7	22.4503587963
S201500200_PROTEVS	23	C	01/22/2015	10:48:31	8.13642601	43.16354148		42.68	106.0	238.0	-8.7	7.5	2.9	11.5	310.8	22.4503587963
S201500200_PROTEVS	23	C	01/22/2015	10:48:31	8.13642601	43.16354148		50.68	97.0	238.0	-9.1	7.1	1.9	11.5	308.0	22.4503587963
S201500200_PROTEVS	23	C	01/22/2015	10:48:31	8.13642601	43.16354148		58.68	90.0	239.0	-6.2	5.8	1.8	8.5	313.1	22.4503587963
S201500200_PROTEVS	23	C	01/22/2015	10:48:31	8.13642601	43.16354148		66.68	79.0	237.0	-5.3	-1.2	3.5	5.4	257.2	22.4503587963
S201500200_PROTEVS	23	C	01/22/2015	10:48:31	8.13642601	43.16354148		74.68	67.0	235.0	-2.7	-3.2	1.2	4.2	220.2	22.4503587963
S201500200_PROTEVS	23	C	01/22/2015	10:48:31	8.13642601	43.16354148		82.68	63.0	236.0	-1.5	-4.6	0.3	4.8	198.1	22.4503587963
S201500200_PROTEVS	23	C	01/22/2015	10:48:31	8.13642601	43.16354148		90.68	61.0	237.0	2.3	-5.3	1.3	5.8	156.5	22.4503587963
S201500200_PROTEVS	23	C	01/22/2015	10:48:31	8.13642601	43.16354148		98.68	60.0	236.0	4.1	-4.1	-0.4	5.8	135.0	22.4503587963
S201500200_PROTEVS	23	C	01/22/2015	10:48:31	8.13642601	43.16354148		106.68	58.0	235.0	3.8	-3.3	-0.9	5.0	131.0	22.4503587963
S201500200_PROTEVS	23	C	01/22/2015	10:48:31	8.13642601	43.16354148		114.68	52.0	234.0	1.5	1.3	0.1	2.0	49.1	22.4503587963
S201500200_PROTEVS	23	C	01/22/2015	10:48:31	8.13642601	43.16354148		122.68	44.0	222.0	0.0	4.9	-0.1	4.9	0.0	22.4503587963
S201500200_PROTEVS	23	C	01/22/2015	10:48:31	8.13642601	43.16354148		130.68	34.0	198.0	3.0	4.8	0.1	5.7	32.0	22.4503587963
S201500200_PROTEVS	23	C	01/22/2015	10:48:31	8.13642601	43.16354148		138.68	28.0	162.0	3.2	1.7	-1.7	3.6	62.0	22.4503587963
S201500200_PROTEVS	23	C	01/22/2015	10:48:31	8.13642601	43.16354148		146.68	24.0	123.0	-3.9	0.7	-3.3	4.0	280.2	22.4503587963
S201500200_PROTEVS	23	C	01/22/2015	10:48:31	8.13642601	43.16354148		154.68	22.0	93.0	30.1	25.2		39.3	50.1	22.4503587963
S201500200_PROTEVS	23	C	01/22/2015	10:48:31	8.13642601	43.16354148		162.68	20.0	70.0	143.7	142.6	-21.1	202.4	45.2	22.4503587963
S201500200_PROTEVS	23	C	01/22/2015	10:48:31	8.13642601	43.16354148		170.68	18.0	51.0						22.4503587963
S201500200_PROTEVS	23	C	01/22/2015	10:48:31	8.13642601	43.16354148		178.68	18.0	36.0						22.4503587963
S201500200_PROTEVS	23	C	01/22/2015	10:48:31	8.13642601	43.16354148		186.68	17.0	30.0						22.4503587963
S201500200_PROTEVS	23	C	01/22/2015	10:48:31	8.13642601	43.16354148		194.68	17.0	28.0						22.4503587963
S201500200_PROTEVS	23	C	01/22/2015	10:48:31	8.13642601	43.16354148		202.68	17.0	29.0						22.4503587963
S201500200_PROTEVS	23	C	01/22/2015	10:48:31	8.13642601	43.16354148		210.68	17.0	28.0						22.4503587963
S201500200_PROTEVS	23	C	01/22/2015	10:48:31	8.13642601	43.16354148		218.68	17.0	26.0						22.4503587963
S201500200_PROTEVS	23	C	01/22/2015	10:48:31	8.13642601	43.16354148		226.68	16.0	28.0						22.4503587963
S201500200_PROTEVS	23	C	01/22/2015	10:48:31	8.13642601	43.16354148		234.68	17.0	28.0						22.4503587963
S201500200_PROTEVS	23	C	01/22/2015	10:48:31	8.13642601	43.16354148		242.68	16.0	27.0						22.4503587963
S201500200_PROTEVS	23	C	01/22/2015	10:48:31	8.13642601	43.16354148		250.68	17.0	26.0						22.4503587963
S201500200_PROTEVS	23	C	01/22/2015	10:48:31	8.13642601	43.16354148		258.68	17.0	28.0						22.4503587963
S201500200_PROTEVS	23	C	01/22/2015	10:48:31	8.13642601	43.16354148		266.68	17.0	32.0						22.4503587963
S201500200_PROTEVS	23	C	01/22/2015	10:48:31	8.13642601	43.16354148		274.68	18.0	38.0						22.4503587963
S201500200_PROTEVS	23	C	01/22/2015	10:48:31	8.13642601	43.16354148		282.68	18.0	43.0						22.4503587963
S201500200_PROTEVS	23	C	01/22/2015	10:48:31	8.13642601	43.16354148		290.68	19.0	48.0						22.4503587963
S201500200_PROTEVS	23	C	01/22/2015	10:48:31	8.13642601	43.16354148		298.68	19.0	51.0						22.4503587963
S201500200_PROTEVS	23	C	01/22/2015	10:48:31	8.13642601	43.16354148		306.68	18.0	52.0						22.4503587963
S201500200_PROTEVS	23	C	01/22/2015	10:48:31	8.13642601	43.16354148		314.68	18.0	47.0						22.4503587963
S201500200_PROTEVS	23	C	01/22/2015	10:48:31	8.13642601	43.16354148		322.68	18.0	42.0						22.4503587963
S201500200_PROTEVS	23	C	01/22/2015	10:48:31	8.13642601	43.16354148		330.68	17.0	30.0						22.4503587963
S201500200_PROTEVS	24	C	01/22/2015	10:58:32	8.10990040	43.18021092		18.68	151.0	230.0	-19.1	5.1	2.0	19.8	285.0	22.4573148148
S201500200_PROTEVS	24	C	01/22/2015	10:58:32	8.10990040	43.18021092		26.68	131.0	238.0	-16.9	3.6	1.9	17.3	282.0	22.4573148148
S201500200_PROTEVS	24	C	01/22/2015	10:58:32	8.10990040	43.18021092		34.68	116.0	238.0	-17.3	3.7	1.1	17.7	282.1	22.4573148148
S201500200_PROTEVS	24	C	01/22/2015	10:58:32	8.10990040	43.18021092		42.68	102.0	238.0	-14.0	4.3	1.6	14.6	287.1	22.4573148148
S201500200_PROTEVS	24	C	01/22/2015	10:58:32	8.10990040	43.18021092		50.68	92.0	239.0	-14.4	3.1	1.3	14.7	282.1	22.4573148148
S201500200_PROTEVS	24	C	01/22/2015	10:58:32	8.10990040	43.18021092		58.68	85.0	239.0	-11.8	0.3	1.6	11.8	271.5	22.4573148148
S201500200_PROTEVS	24	C	01/22/2015	10:58:32	8.10990040	43.18021092		66.68	74.0	237.0	-5.5	-3.6	0.9	6.6	236.8	22.4573148148
S201500200_PROTEVS	24	C	01/22/2015	10:58:32	8.10990040	43.18021092		74.68	65.0	236.0	-5.2	-3.1	0.4	6.1	239.2	22.4573148148
S201500200_PROTEVS	24	C	01/22/2015	10:58:32	8.10990040	43.18021092		82.68	62.0	237.0	-0.3	-7.1	1.2	7.1	182.4	22.4573148148
S201500200_PROTEVS	24	C	01/22/2015	10:58:32	8.10990040	43.18021092		90.68	60.0	236.0	0.8	-8.1	0.9	8.1	174.4	22.4573148148
S201500200_PROTEVS	24	C	01/22/2015	10:58:32	8.10990040	43.18021092		98.68	59.0	237.0	-1.3	-6.0	0.2	6.1	192.2	22.4573148148
S201500200_PROTEVS	24	C	01/22/2015	10:58:32	8.10990040	43.18021092		106.68	56.0	235.0	-3.4	-3.8	0.2	5.1	221.8	22.4573148148
S201500200_PROTEVS	24	C	01/22/2015	10:58:32	8.10990040	43.18021092		114.68	52.0	233.0	-4.3	-2.2	0.7	4.8	242.9	22.4573148148
S201500200_PROTEVS	24	C	01/22/2015	10:58:32	8.10990040	43.18021092		122.68	46.0	225.0	-3.8	-0.4	1.8	3.8	264.0	22.4573148148
S201500200_PROTEVS	24	C	01/22/2015	10:58:32	8.10990040	43.18021092		130.68	41.0	217.0	-3.4	-1.7	1.4	3.8	243.4	22.4573148148
S201500200_PROTEVS	24	C	01/22/2015	10:58:32	8.10990040	43.18021092		138.68	36.0	202.0	0.8	-5.4	3.4	5.5	171.6	22.4573148148
S201500200_PROTEVS	24	C	01/22/2015	10:58:32	8.10990040	43.18021092		146.68	33.0	192.0	-0.9	-10.9	2.2	10.9	184.7	22.4573148148
S201500200_PROTEVS	24	C	01/22/2015	10:58:32	8.10990040	43.18021092		154.68	28.0	165.0	-1.0	-10.6	1.1	10.6	185.4	22.4573148148
S201500200_PROTEVS	24	C	01/22/2015	10:58:32	8.10990040	43.18021092		162.68	24.0	128.0	-2.5	-7.9	-3.3	8.3	197.6	22.4573148148
S201500200_PROTEVS	24	C	01/22/2015	10:58:32	8.10990040	43.18021092		170.68	20.0	90.0	4.1	-15.0	6.0	15.6	164.7	22.4573148148
S201500200_PROTEVS	24	C	01/22/2015	10:58:32	8.10990040	43.18021092		178.68	18.0	65.0						22.4573148148
S201500200_PROTEVS	24	C	01/22/2015	10:58:32	8.10990040	43.18021092		186.68	18.0	49.0						22.4573148148
S201500200_PROTEVS	24	C	01/22/2015	10:58:32	8.10990040	43.18021092		194.68	18.0	40.0						22.4573148148
S201500200_PROTEVS	24	C	01/22/2015	10:58:32	8.10990040	43.18021092		202.68	18.0	39.0						22.4573148148
S201500200_PROTEVS	24	C	01/22/2015	10:58:32	8.10990040	43.18021092		210.68	18.0	32.0						22.4573148148
S201500200_PROTEVS	24	C	01/22/2015	10:58:32	8.10990040	43.18021092		218.68	17.0	32.0						22.4573148148
S201500200_PROTEVS	24	C	01/22/2015	10:58:32	8.10990040	43.18021092		226.68	16.0	28.0						22.4573148148
S201500200_PROTEVS	24	C	01/22/2015	10:58:32	8.10990040	43.18021092		234.68	17.0	26.0						22.4573148148
S201500200_PROTEVS	24	C	01/22/2015	10:58:32	8.10990040	43.18021092		242.68	17.0	28.0						22.4573148148
S201500200_PROTEVS	24	C	01/22/2015	10:58:32	8.10990040	43.18021092		250.68	18.0	27.0						22.4573148148
S201500200_PROTEVS	24	C	01/22/2015	10:58:32	8.10990040	43.18021092		258.68	16.0	26.0						22.4573148148
S201500200_PROTEVS	24	C	01/22/2015	10:58:32	8.10990040	43.18021092		266.68	17.0	34.0						22.4573148148
S201500200_PROTEVS	24	C	01/22/2015	10:58:32	8.10990040	43.18021092		274.68	18.0	39.0						22.4573148148
S201500200_PROTEVS	24	C	01/22/2015	10:58:32	8.10990040	43.18021092		282.68	18.0	47.0						22.4573148148
S201500200_PROTEVS	24	C	01/22/2015	10:58:32	8.10990040	43.18021092		290.68	18.0	44.0						22.4573148148
S201500200_PROTEVS	24	C	01/22/2015	10:58:32	8.10990040	43.18021092		298.68	18.0	44.0						22.4573148148
S201500200_PROTEVS	24	C	01/22/2015	10:58:32	8.10990040	43.18021092		306.68	18.0	46.0						22.4573148148
S201500200_PROTEVS	24	C	01/22/2015	10:58:32	8.10990040	43.18021092		314.68	18.0	44.0						22.4573148148
S201500200_PROTEVS	24	C	01/22/2015	10:58:32	8.10990040	43.18021092		322.68	18.0	42.0						22.4573148148
S201500200_PROTEVS	24	C	01/22/2015	10:58:32	8.10990040	43.18021092		330.68	18.0	32.0						22.4573148148
S201500200_PROTEVS	25	C	01/22/2015	11:08:37	8.07993702	43.19413984		18.68	146.0	228.0	-20.1	5.9	1.2	20.9	286.4	22.4643171296
S201500200_PROTEVS	25	C	01/22/2015	11:08:37	8.07993702	43.19413984		26.68	127.0	237.0	-12.6	5.7	-2.1	13.8	294.3	22.4643171296
S201500200_PROTEVS	25	C	01/22/2015	11:08:37	8.07993702	43.19413984		34.68	110.0	238.0	-9.4	6.0	0.4	11.2	302.6	22.4643171296
S201500200_PROTEVS	25	C	01/22/2015	11:08:37	8.07993702	43.19413984		42.68	98.0	239.0	-10.3	6.9	-1.5	12.4	303.8	22.4643171296
S201500200_PROTEVS	25	C	01/22/2015	11:08:37	8.07993702	43.19413984		50.68	90.0	240.0	-7.2	5.1	-0.5	8.8	305.3	22.4643171296
S201500200_PROTEVS	25	C	01/22/2015	11:08:37	8.07993702	43.19413984		58.68	81.0	238.0	-3.3	-0.2	1.5	3.3	266.5	22.4643171296
S201500200_PROTEVS	25	C	01/22/2015	11:08:37	8.07993702	43.19413984		66.68	72.0	238.0	-0.9	-3.5	1.4	3.6	194.4	22.4643171296
S201500200_PROTEVS	25	C	01/22/2015	11:08:37	8.07993702	43.19413984		74.68	66.0	236.0	-1.0	-2.0	1.2	2.2	206.6	22.4643171296
S201500200_PROTEVS	25	C	01/22/2015	11:08:37	8.07993702	43.19413984		82.68	61.0	236.0	0.1	-1.2	-2.1	1.2	175.2	22.4643171296
S201500200_PROTEVS	25	C	01/22/2015	11:08:37	8.07993702	43.19413984		90.68	58.0	234.0	1.3	-2.8	0.4	3.1	155.1	22.4643171296
S201500200_PROTEVS	25	C	01/22/2015	11:08:37	8.07993702	43.19413984		98.68	56.0	234.0	-0.9	0.0	1.7	0.9	270.0	22.4643171296
S201500200_PROTEVS	25	C	01/22/2015	11:08:37	8.07993702	43.19413984		106.68	54.0	234.0	-0.3	-6.4	2.0	6.4	182.7	22.4643171296
S201500200_PROTEVS	25	C	01/22/2015	11:08:37	8.07993702	43.19413984		114.68	50.0	233.0	-0.6	-4.8	0.8	4.8	187.1	22.4643171296
S201500200_PROTEVS	25	C	01/22/2015	11:08:37	8.07993702	43.19413984		122.68	46.0	226.0	-2.3	-8.5	0.7	8.8	195.1	22.4643171296
S201500200_PROTEVS	25	C	01/22/2015	11:08:37	8.07993702	43.19413984		130.68	41.0	219.0	-2.1	-4.2	-0.2	4.7	206.6	22.4643171296
S201500200_PROTEVS	25	C	01/22/2015	11:08:37	8.07993702	43.19413984		138.68	36.0	204.0	-1.9	-4.6	-1.6	5.0	202.4	22.4643171296
S201500200_PROTEVS	25	C	01/22/2015	11:08:37	8.07993702	43.19413984		146.68	30.0	182.0	-0.7	0.0	0.7	0.7	270.0	22.4643171296
S201500200_PROTEVS	25	C	01/22/2015	11:08:37	8.07993702	43.19413984		154.68	26.0	157.0	1.8	0.2	0.1	1.8	83.7	22.4643171296
S201500200_PROTEVS	25	C	01/22/2015	11:08:37	8.07993702	43.19413984		162.68	23.0	116.0	0.0	-2.8	-12.6	2.8	180.0	22.4643171296
S201500200_PROTEVS	25	C	01/22/2015	11:08:37	8.07993702	43.19413984		170.68	20.0	78.0						22.4643171296
S201500200_PROTEVS	25	C	01/22/2015	11:08:37	8.07993702	43.19413984		178.68	18.0	54.0						22.4643171296
S201500200_PROTEVS	25	C	01/22/2015	11:08:37	8.07993702	43.19413984		186.68	17.0	42.0						22.4643171296
S201500200_PROTEVS	25	C	01/22/2015	11:08:37	8.07993702	43.19413984		194.68	17.0	34.0						22.4643171296
S201500200_PROTEVS	25	C	01/22/2015	11:08:37	8.07993702	43.19413984		202.68	18.0	32.0						22.4643171296
S201500200_PROTEVS	25	C	01/22/2015	11:08:37	8.07993702	43.19413984		210.68	16.0	28.0						22.4643171296
S201500200_PROTEVS	25	C	01/22/2015	11:08:37	8.07993702	43.19413984		218.68	16.0	26.0						22.4643171296
S201500200_PROTEVS	25	C	01/22/2015	11:08:37	8.07993702	43.19413984		226.68	16.0	25.0						22.4643171296
S201500200_PROTEVS	25	C	01/22/2015	11:08:37	8.07993702	43.19413984		234.68	17.0	23.0						22.4643171296
S201500200_PROTEVS	25	C	01/22/2015	11:08:37	8.07993702	43.19413984		242.68	18.0	26.0						22.4643171296
S201500200_PROTEVS	25	C	01/22/2015	11:08:37	8.07993702	43.19413984		250.68	16.0	24.0						22.4643171296
S201500200_PROTEVS	25	C	01/22/2015	11:08:37	8.07993702	43.19413984		258.68	17.0	28.0						22.4643171296
S201500200_PROTEVS	25	C	01/22/2015	11:08:37	8.07993702	43.19413984		266.68	17.0	28.0						22.4643171296
S201500200_PROTEVS	25	C	01/22/2015	11:08:37	8.07993702	43.19413984		274.68	17.0	33.0						22.4643171296
S201500200_PROTEVS	25	C	01/22/2015	11:08:37	8.07993702	43.19413984		282.68	18.0	37.0						22.4643171296
S201500200_PROTEVS	25	C	01/22/2015	11:08:37	8.07993702	43.19413984		290.68	18.0	36.0						22.4643171296
S201500200_PROTEVS	25	C	01/22/2015	11:08:37	8.07993702	43.19413984		298.68	18.0	37.0						22.4643171296
S201500200_PROTEVS	25	C	01/22/2015	11:08:37	8.07993702	43.19413984		306.68	18.0	36.0						22.4643171296
S201500200_PROTEVS	25	C	01/22/2015	11:08:37	8.07993702	43.19413984		314.68	18.0	37.0						22.4643171296
S201500200_PROTEVS	25	C	01/22/2015	11:08:37	8.07993702	43.19413984		322.68	17.0	38.0						22.4643171296
S201500200_PROTEVS	25	C	01/22/2015	11:08:37	8.07993702	43.19413984		330.68	18.0	29.0						22.4643171296
S201500200_PROTEVS	26	C	01/22/2015	11:18:33	8.05114715	43.20818334		18.68	150.0	228.0	-11.8	5.4	2.0	13.0	294.6	22.4712152778
S201500200_PROTEVS	26	C	01/22/2015	11:18:33	8.05114715	43.20818334		26.68	132.0	237.0	-3.8	2.7	0.8	4.7	305.4	22.4712152778
S201500200_PROTEVS	26	C	01/22/2015	11:18:33	8.05114715	43.20818334		34.68	115.0	238.0	-3.4	2.0	3.8	3.9	300.5	22.4712152778
S201500200_PROTEVS	26	C	01/22/2015	11:18:33	8.05114715	43.20818334		42.68	103.0	239.0	-2.0	2.4	3.0	3.1	320.2	22.4712152778
S201500200_PROTEVS	26	C	01/22/2015	11:18:33	8.05114715	43.20818334		50.68	93.0	239.0	-1.9	2.2	0.7	2.9	319.2	22.4712152778
S201500200_PROTEVS	26	C	01/22/2015	11:18:33	8.05114715	43.20818334		58.68	82.0	238.0	2.2	0.8	-0.7	2.3	70.0	22.4712152778
S201500200_PROTEVS	26	C	01/22/2015	11:18:33	8.05114715	43.20818334		66.68	74.0	238.0	0.4	-0.6	0.4	0.7	146.3	22.4712152778
S201500200_PROTEVS	26	C	01/22/2015	11:18:33	8.05114715	43.20818334		74.68	68.0	238.0	-3.5	-1.2	2.5	3.7	251.1	22.4712152778
S201500200_PROTEVS	26	C	01/22/2015	11:18:33	8.05114715	43.20818334		82.68	64.0	237.0	1.6	0.2	3.1	1.6	82.9	22.4712152778
S201500200_PROTEVS	26	C	01/22/2015	11:18:33	8.05114715	43.20818334		90.68	60.0	236.0	2.5	-0.3	0.7	2.5	96.8	22.4712152778
S201500200_PROTEVS	26	C	01/22/2015	11:18:33	8.05114715	43.20818334		98.68	58.0	236.0	0.8	-0.2	2.5	0.8	104.0	22.4712152778
S201500200_PROTEVS	26	C	01/22/2015	11:18:33	8.05114715	43.20818334		106.68	57.0	235.0	-1.3	-2.2	1.8	2.6	210.6	22.4712152778
S201500200_PROTEVS	26	C	01/22/2015	11:18:33	8.05114715	43.20818334		114.68	52.0	233.0	0.2	-3.3	1.3	3.3	176.5	22.4712152778
S201500200_PROTEVS	26	C	01/22/2015	11:18:33	8.05114715	43.20818334		122.68	48.0	228.0	3.7	-6.0	2.5	7.0	148.3	22.4712152778
S201500200_PROTEVS	26	C	01/22/2015	11:18:33	8.05114715	43.20818334		130.68	43.0	221.0	4.1	-5.5	1.2	6.9	143.3	22.4712152778
S201500200_PROTEVS	26	C	01/22/2015	11:18:33	8.05114715	43.20818334		138.68	36.0	204.0	6.0	-4.1	2.1	7.3	124.3	22.4712152778
S201500200_PROTEVS	26	C	01/22/2015	11:18:33	8.05114715	43.20818334		146.68	28.0	175.0	6.9	-2.2	0.3	7.2	107.7	22.4712152778
S201500200_PROTEVS	26	C	01/22/2015	11:18:33	8.05114715	43.20818334		154.68	23.0	128.0	10.5	0.6	-1.7	10.5	86.7	22.4712152778
S201500200_PROTEVS	26	C	01/22/2015	11:18:33	8.05114715	43.20818334		162.68	20.0	88.0	11.2	22.9	12.7	25.5	26.1	22.4712152778
S201500200_PROTEVS	26	C	01/22/2015	11:18:33	8.05114715	43.20818334		170.68	18.0	59.0						22.4712152778
S201500200_PROTEVS	26	C	01/22/2015	11:18:33	8.05114715	43.20818334		178.68	18.0	45.0						22.4712152778
S201500200_PROTEVS	26	C	01/22/2015	11:18:33	8.05114715	43.20818334		186.68	18.0	40.0						22.4712152778
S201500200_PROTEVS	26	C	01/22/2015	11:18:33	8.05114715	43.20818334		194.68	18.0	34.0						22.4712152778
S201500200_PROTEVS	26	C	01/22/2015	11:18:33	8.05114715	43.20818334		202.68	17.0	30.0						22.4712152778
S201500200_PROTEVS	26	C	01/22/2015	11:18:33	8.05114715	43.20818334		210.68	17.0	26.0						22.4712152778
S201500200_PROTEVS	26	C	01/22/2015	11:18:33	8.05114715	43.20818334		218.68	16.0	27.0						22.4712152778
S201500200_PROTEVS	26	C	01/22/2015	11:18:33	8.05114715	43.20818334		226.68	17.0	26.0						22.4712152778
S201500200_PROTEVS	26	C	01/22/2015	11:18:33	8.05114715	43.20818334		234.68	16.0	25.0						22.4712152778
S201500200_PROTEVS	26	C	01/22/2015	11:18:33	8.05114715	43.20818334		242.68	16.0	24.0						22.4712152778
S201500200_PROTEVS	26	C	01/22/2015	11:18:33	8.05114715	43.20818334		250.68	17.0	24.0						22.4712152778
S201500200_PROTEVS	26	C	01/22/2015	11:18:33	8.05114715	43.20818334		258.68	17.0	24.0						22.4712152778
S201500200_PROTEVS	26	C	01/22/2015	11:18:33	8.05114715	43.20818334		266.68	17.0	26.0						22.4712152778
S201500200_PROTEVS	26	C	01/22/2015	11:18:33	8.05114715	43.20818334		274.68	18.0	27.0						22.4712152778
S201500200_PROTEVS	26	C	01/22/2015	11:18:33	8.05114715	43.20818334		282.68	17.0	25.0						22.4712152778
S201500200_PROTEVS	26	C	01/22/2015	11:18:33	8.05114715	43.20818334		290.68	17.0	29.0						22.4712152778
S201500200_PROTEVS	26	C	01/22/2015	11:18:33	8.05114715	43.20818334		298.68	17.0	29.0						22.4712152778
S201500200_PROTEVS	26	C	01/22/2015	11:18:33	8.05114715	43.20818334		306.68	17.0	31.0						22.4712152778
S201500200_PROTEVS	26	C	01/22/2015	11:18:33	8.05114715	43.20818334		314.68	17.0	36.0						22.4712152778
S201500200_PROTEVS	26	C	01/22/2015	11:18:33	8.05114715	43.20818334		322.68	18.0	40.0						22.4712152778
S201500200_PROTEVS	26	C	01/22/2015	11:18:33	8.05114715	43.20818334		330.68	18.0	30.0						22.4712152778
S201500200_PROTEVS	27	C	01/22/2015	11:28:36	8.02286167	43.22231305		18.68	156.0	234.0	-8.1	5.1	2.1	9.6	302.2	22.4781944444
S201500200_PROTEVS	27	C	01/22/2015	11:28:36	8.02286167	43.22231305		26.68	136.0	237.0	-7.3	6.6	3.6	9.8	312.1	22.4781944444
S201500200_PROTEVS	27	C	01/22/2015	11:28:36	8.02286167	43.22231305		34.68	117.0	238.0	-6.0	3.8	0.6	7.1	302.3	22.4781944444
S201500200_PROTEVS	27	C	01/22/2015	11:28:36	8.02286167	43.22231305		42.68	102.0	239.0	-6.6	3.4	1.3	7.4	297.3	22.4781944444
S201500200_PROTEVS	27	C	01/22/2015	11:28:36	8.02286167	43.22231305		50.68	94.0	238.0	-5.6	1.3	1.3	5.7	283.1	22.4781944444
S201500200_PROTEVS	27	C	01/22/2015	11:28:36	8.02286167	43.22231305		58.68	87.0	240.0	-1.3	1.1	1.1	1.7	310.2	22.4781944444
S201500200_PROTEVS	27	C	01/22/2015	11:28:36	8.02286167	43.22231305		66.68	77.0	238.0	-2.1	0.4	2.3	2.1	280.8	22.4781944444
S201500200_PROTEVS	27	C	01/22/2015	11:28:36	8.02286167	43.22231305		74.68	70.0	238.0	-2.8	-0.6	0.3	2.9	257.9	22.4781944444
S201500200_PROTEVS	27	C	01/22/2015	11:28:36	8.02286167	43.22231305		82.68	65.0	238.0	-1.9	0.7	1.7	2.0	290.2	22.4781944444
S201500200_PROTEVS	27	C	01/22/2015	11:28:36	8.02286167	43.22231305		90.68	62.0	237.0	0.8	-1.9	0.1	2.1	157.2	22.4781944444
S201500200_PROTEVS	27	C	01/22/2015	11:28:36	8.02286167	43.22231305		98.68	60.0	236.0	4.2	-3.5	-0.2	5.5	129.8	22.4781944444
S201500200_PROTEVS	27	C	01/22/2015	11:28:36	8.02286167	43.22231305		106.68	55.0	234.0	7.2	-1.0	1.5	7.3	97.9	22.4781944444
S201500200_PROTEVS	27	C	01/22/2015	11:28:36	8.02286167	43.22231305		114.68	50.0	232.0	6.9	1.4	1.9	7.0	78.5	22.4781944444
S201500200_PROTEVS	27	C	01/22/2015	11:28:36	8.02286167	43.22231305		122.68	45.0	224.0	5.1	-1.4	2.3	5.3	105.4	22.4781944444
S201500200_PROTEVS	27	C	01/22/2015	11:28:36	8.02286167	43.22231305		130.68	40.0	215.0	6.8	2.6	0.1	7.3	69.1	22.4781944444
S201500200_PROTEVS	27	C	01/22/2015	11:28:36	8.02286167	43.22231305		138.68	32.0	190.0	4.1	-1.3	-0.5	4.3	107.6	22.4781944444
S201500200_PROTEVS	27	C	01/22/2015	11:28:36	8.02286167	43.22231305		146.68	25.0	131.0	6.6	-2.9	3.4	7.2	113.7	22.4781944444
S201500200_PROTEVS	27	C	01/22/2015	11:28:36	8.02286167	43.22231305		154.68	20.0	88.0	-19.4	18.8		27.0	314.1	22.4781944444
S201500200_PROTEVS	27	C	01/22/2015	11:28:36	8.02286167	43.22231305		162.68	20.0	73.0						22.4781944444
S201500200_PROTEVS	27	C	01/22/2015	11:28:36	8.02286167	43.22231305		170.68	18.0	52.0						22.4781944444
S201500200_PROTEVS	27	C	01/22/2015	11:28:36	8.02286167	43.22231305		178.68	18.0	39.0						22.4781944444
S201500200_PROTEVS	27	C	01/22/2015	11:28:36	8.02286167	43.22231305		186.68	17.0	36.0						22.4781944444
S201500200_PROTEVS	27	C	01/22/2015	11:28:36	8.02286167	43.22231305		194.68	17.0	32.0						22.4781944444
S201500200_PROTEVS	27	C	01/22/2015	11:28:36	8.02286167	43.22231305		202.68	18.0	33.0						22.4781944444
S201500200_PROTEVS	27	C	01/22/2015	11:28:36	8.02286167	43.22231305		210.68	17.0	31.0						22.4781944444
S201500200_PROTEVS	27	C	01/22/2015	11:28:36	8.02286167	43.22231305		218.68	17.0	29.0						22.4781944444
S201500200_PROTEVS	27	C	01/22/2015	11:28:36	8.02286167	43.22231305		226.68	17.0	26.0						22.4781944444
S201500200_PROTEVS	27	C	01/22/2015	11:28:36	8.02286167	43.22231305		234.68	17.0	27.0						22.4781944444
S201500200_PROTEVS	27	C	01/22/2015	11:28:36	8.02286167	43.22231305		242.68	16.0	24.0						22.4781944444
S201500200_PROTEVS	27	C	01/22/2015	11:28:36	8.02286167	43.22231305		250.68	16.0	24.0						22.4781944444
S201500200_PROTEVS	27	C	01/22/2015	11:28:36	8.02286167	43.22231305		258.68	17.0	28.0						22.4781944444
S201500200_PROTEVS	27	C	01/22/2015	11:28:36	8.02286167	43.22231305		266.68	16.0	26.0						22.4781944444
S201500200_PROTEVS	27	C	01/22/2015	11:28:36	8.02286167	43.22231305		274.68	17.0	28.0						22.4781944444
S201500200_PROTEVS	27	C	01/22/2015	11:28:36	8.02286167	43.22231305		282.68	18.0	32.0						22.4781944444
S201500200_PROTEVS	27	C	01/22/2015	11:28:36	8.02286167	43.22231305		290.68	18.0	36.0						22.4781944444
S201500200_PROTEVS	27	C	01/22/2015	11:28:36	8.02286167	43.22231305		298.68	17.0	36.0						22.4781944444
S201500200_PROTEVS	27	C	01/22/2015	11:28:36	8.02286167	43.22231305		306.68	17.0	35.0						22.4781944444
S201500200_PROTEVS	27	C	01/22/2015	11:28:36	8.02286167	43.22231305		314.68	17.0	37.0						22.4781944444
S201500200_PROTEVS	27	C	01/22/2015	11:28:36	8.02286167	43.22231305		322.68	17.0	36.0						22.4781944444
S201500200_PROTEVS	27	C	01/22/2015	11:28:36	8.02286167	43.22231305		330.68	18.0	27.0						22.4781944444
S201500200_PROTEVS	28	C	01/22/2015	11:38:31	7.99436341	43.23666609		18.68	153.0	232.0	-12.0	5.4	1.2	13.2	294.2	22.4850810185
S201500200_PROTEVS	28	C	01/22/2015	11:38:31	7.99436341	43.23666609		26.68	135.0	238.0	-10.1	5.5	0.2	11.5	298.6	22.4850810185
S201500200_PROTEVS	28	C	01/22/2015	11:38:31	7.99436341	43.23666609		34.68	119.0	239.0	-6.1	5.5	2.5	8.2	312.0	22.4850810185
S201500200_PROTEVS	28	C	01/22/2015	11:38:31	7.99436341	43.23666609		42.68	105.0	238.0	-4.8	6.0	1.3	7.7	321.3	22.4850810185
S201500200_PROTEVS	28	C	01/22/2015	11:38:31	7.99436341	43.23666609		50.68	94.0	239.0	-8.4	3.1	3.0	9.0	290.3	22.4850810185
S201500200_PROTEVS	28	C	01/22/2015	11:38:31	7.99436341	43.23666609		58.68	86.0	239.0	-2.3	-3.5	3.8	4.2	213.3	22.4850810185
S201500200_PROTEVS	28	C	01/22/2015	11:38:31	7.99436341	43.23666609		66.68	77.0	239.0	-0.4	-4.7	1.8	4.7	184.9	22.4850810185
S201500200_PROTEVS	28	C	01/22/2015	11:38:31	7.99436341	43.23666609		74.68	70.0	239.0	-1.6	-3.8	0.2	4.1	202.8	22.4850810185
S201500200_PROTEVS	28	C	01/22/2015	11:38:31	7.99436341	43.23666609		82.68	66.0	239.0	-2.7	-2.7	0.2	3.8	225.0	22.4850810185
S201500200_PROTEVS	28	C	01/22/2015	11:38:31	7.99436341	43.23666609		90.68	64.0	237.0	-0.8	-0.7	2.6	1.1	228.8	22.4850810185
S201500200_PROTEVS	28	C	01/22/2015	11:38:31	7.99436341	43.23666609		98.68	61.0	235.0	0.7	-3.8	1.9	3.9	169.6	22.4850810185
S201500200_PROTEVS	28	C	01/22/2015	11:38:31	7.99436341	43.23666609		106.68	54.0	233.0	0.6	-3.4	-1.3	3.5	170.0	22.4850810185
S201500200_PROTEVS	28	C	01/22/2015	11:38:31	7.99436341	43.23666609		114.68	49.0	230.0	0.2	-5.8	2.0	5.8	178.0	22.4850810185
S201500200_PROTEVS	28	C	01/22/2015	11:38:31	7.99436341	43.23666609		122.68	42.0	221.0	0.6	-5.3	2.5	5.3	173.5	22.4850810185
S201500200_PROTEVS	28	C	01/22/2015	11:38:31	7.99436341	43.23666609		130.68	36.0	207.0	5.3	-1.4	0.1	5.5	104.8	22.4850810185
S201500200_PROTEVS	28	C	01/22/2015	11:38:31	7.99436341	43.23666609		138.68	30.0	176.0	2.4	-1.3	-0.2	2.7	118.4	22.4850810185
S201500200_PROTEVS	28	C	01/22/2015	11:38:31	7.99436341	43.23666609		146.68	24.0	138.0	2.3	-0.4	5.1	2.3	99.9	22.4850810185
S201500200_PROTEVS	28	C	01/22/2015	11:38:31	7.99436341	43.23666609		154.68	22.0	105.0	4.6	5.2	-4.3	6.9	41.5	22.4850810185
S201500200_PROTEVS	28	C	01/22/2015	11:38:31	7.99436341	43.23666609		162.68	20.0	78.0						22.4850810185
S201500200_PROTEVS	28	C	01/22/2015	11:38:31	7.99436341	43.23666609		170.68	18.0	58.0						22.4850810185
S201500200_PROTEVS	28	C	01/22/2015	11:38:31	7.99436341	43.23666609		178.68	18.0	46.0						22.4850810185
S201500200_PROTEVS	28	C	01/22/2015	11:38:31	7.99436341	43.23666609		186.68	17.0	38.0						22.4850810185
S201500200_PROTEVS	28	C	01/22/2015	11:38:31	7.99436341	43.23666609		194.68	17.0	32.0						22.4850810185
S201500200_PROTEVS	28	C	01/22/2015	11:38:31	7.99436341	43.23666609		202.68	17.0	32.0						22.4850810185
S201500200_PROTEVS	28	C	01/22/2015	11:38:31	7.99436341	43.23666609		210.68	17.0	30.0						22.4850810185
S201500200_PROTEVS	28	C	01/22/2015	11:38:31	7.99436341	43.23666609		218.68	17.0	27.0						22.4850810185
S201500200_PROTEVS	28	C	01/22/2015	11:38:31	7.99436341	43.23666609		226.68	16.0	26.0						22.4850810185
S201500200_PROTEVS	28	C	01/22/2015	11:38:31	7.99436341	43.23666609		234.68	16.0	26.0						22.4850810185
S201500200_PROTEVS	28	C	01/22/2015	11:38:31	7.99436341	43.23666609		242.68	17.0	29.0						22.4850810185
S201500200_PROTEVS	28	C	01/22/2015	11:38:31	7.99436341	43.23666609		250.68	18.0	27.0						22.4850810185
S201500200_PROTEVS	28	C	01/22/2015	11:38:31	7.99436341	43.23666609		258.68	17.0	27.0						22.4850810185
S201500200_PROTEVS	28	C	01/22/2015	11:38:31	7.99436341	43.23666609		266.68	17.0	28.0						22.4850810185
S201500200_PROTEVS	28	C	01/22/2015	11:38:31	7.99436341	43.23666609		274.68	17.0	35.0						22.4850810185
S201500200_PROTEVS	28	C	01/22/2015	11:38:31	7.99436341	43.23666609		282.68	17.0	39.0						22.4850810185
S201500200_PROTEVS	28	C	01/22/2015	11:38:31	7.99436341	43.23666609		290.68	18.0	41.0						22.4850810185
S201500200_PROTEVS	28	C	01/22/2015	11:38:31	7.99436341	43.23666609		298.68	18.0	42.0						22.4850810185
S201500200_PROTEVS	28	C	01/22/2015	11:38:31	7.99436341	43.23666609		306.68	18.0	44.0						22.4850810185
S201500200_PROTEVS	28	C	01/22/2015	11:38:31	7.99436341	43.23666609		314.68	18.0	45.0						22.4850810185
S201500200_PROTEVS	28	C	01/22/2015	11:38:31	7.99436341	43.23666609		322.68	18.0	44.0						22.4850810185
S201500200_PROTEVS	28	C	01/22/2015	11:38:31	7.99436341	43.23666609		330.68	17.0	33.0						22.4850810185
S201500200_PROTEVS	29	C	01/22/2015	11:48:36	7.96556516	43.25115551		18.68	148.0	227.0	-26.1	10.1	2.0	28.0	291.2	22.4920833333
S201500200_PROTEVS	29	C	01/22/2015	11:48:36	7.96556516	43.25115551		26.68	130.0	237.0	-13.3	8.9	1.6	16.0	303.8	22.4920833333
S201500200_PROTEVS	29	C	01/22/2015	11:48:36	7.96556516	43.25115551		34.68	114.0	237.0	-12.0	6.8	1.9	13.8	299.5	22.4920833333
S201500200_PROTEVS	29	C	01/22/2015	11:48:36	7.96556516	43.25115551		42.68	102.0	238.0	-10.4	7.0	1.9	12.5	303.9	22.4920833333
S201500200_PROTEVS	29	C	01/22/2015	11:48:36	7.96556516	43.25115551		50.68	94.0	239.0	-8.7	2.3	0.8	9.0	284.8	22.4920833333
S201500200_PROTEVS	29	C	01/22/2015	11:48:36	7.96556516	43.25115551		58.68	88.0	240.0	-7.7	-1.3	3.1	7.8	260.4	22.4920833333
S201500200_PROTEVS	29	C	01/22/2015	11:48:36	7.96556516	43.25115551		66.68	77.0	237.0	-2.4	-1.4	1.1	2.8	239.7	22.4920833333
S201500200_PROTEVS	29	C	01/22/2015	11:48:36	7.96556516	43.25115551		74.68	70.0	237.0	-2.6	-7.4	1.4	7.8	199.4	22.4920833333
S201500200_PROTEVS	29	C	01/22/2015	11:48:36	7.96556516	43.25115551		82.68	65.0	237.0	-4.5	-6.4	2.0	7.8	215.1	22.4920833333
S201500200_PROTEVS	29	C	01/22/2015	11:48:36	7.96556516	43.25115551		90.68	63.0	238.0	-3.4	-3.7	0.1	5.0	222.6	22.4920833333
S201500200_PROTEVS	29	C	01/22/2015	11:48:36	7.96556516	43.25115551		98.68	62.0	237.0	-5.7	-0.3	2.6	5.7	267.0	22.4920833333
S201500200_PROTEVS	29	C	01/22/2015	11:48:36	7.96556516	43.25115551		106.68	58.0	236.0	-4.3	-1.8	0.7	4.7	247.3	22.4920833333
S201500200_PROTEVS	29	C	01/22/2015	11:48:36	7.96556516	43.25115551		114.68	50.0	230.0	-5.2	0.8	0.8	5.3	278.7	22.4920833333
S201500200_PROTEVS	29	C	01/22/2015	11:48:36	7.96556516	43.25115551		122.68	42.0	221.0	-3.9	-0.3	0.9	3.9	265.6	22.4920833333
S201500200_PROTEVS	29	C	01/22/2015	11:48:36	7.96556516	43.25115551		130.68	34.0	194.0	-0.5	-3.1	0.5	3.1	189.2	22.4920833333
S201500200_PROTEVS	29	C	01/22/2015	11:48:36	7.96556516	43.25115551		138.68	26.0	148.0	-0.2	0.4	1.7	0.4	333.4	22.4920833333
S201500200_PROTEVS	29	C	01/22/2015	11:48:36	7.96556516	43.25115551		146.68	21.0	103.0	2.4	-9.1	15.2	9.4	165.2	22.4920833333
S201500200_PROTEVS	29	C	01/22/2015	11:48:36	7.96556516	43.25115551		154.68	20.0	76.0	-8.1	-19.4		21.0	202.7	22.4920833333
S201500200_PROTEVS	29	C	01/22/2015	11:48:36	7.96556516	43.25115551		162.68	19.0	58.0						22.4920833333
S201500200_PROTEVS	29	C	01/22/2015	11:48:36	7.96556516	43.25115551		170.68	18.0	44.0						22.4920833333
S201500200_PROTEVS	29	C	01/22/2015	11:48:36	7.96556516	43.25115551		178.68	18.0	40.0						22.4920833333
S201500200_PROTEVS	29	C	01/22/2015	11:48:36	7.96556516	43.25115551		186.68	18.0	35.0						22.4920833333
S201500200_PROTEVS	29	C	01/22/2015	11:48:36	7.96556516	43.25115551		194.68	17.0	30.0						22.4920833333
S201500200_PROTEVS	29	C	01/22/2015	11:48:36	7.96556516	43.25115551		202.68	17.0	29.0						22.4920833333
S201500200_PROTEVS	29	C	01/22/2015	11:48:36	7.96556516	43.25115551		210.68	17.0	29.0						22.4920833333
S201500200_PROTEVS	29	C	01/22/2015	11:48:36	7.96556516	43.25115551		218.68	17.0	28.0						22.4920833333
S201500200_PROTEVS	29	C	01/22/2015	11:48:36	7.96556516	43.25115551		226.68	17.0	26.0						22.4920833333
S201500200_PROTEVS	29	C	01/22/2015	11:48:36	7.96556516	43.25115551		234.68	17.0	30.0						22.4920833333
S201500200_PROTEVS	29	C	01/22/2015	11:48:36	7.96556516	43.25115551		242.68	17.0	25.0						22.4920833333
S201500200_PROTEVS	29	C	01/22/2015	11:48:36	7.96556516	43.25115551		250.68	17.0	25.0						22.4920833333
S201500200_PROTEVS	29	C	01/22/2015	11:48:36	7.96556516	43.25115551		258.68	16.0	28.0						22.4920833333
S201500200_PROTEVS	29	C	01/22/2015	11:48:36	7.96556516	43.25115551		266.68	17.0	33.0						22.4920833333
S201500200_PROTEVS	29	C	01/22/2015	11:48:36	7.96556516	43.25115551		274.68	18.0	35.0						22.4920833333
S201500200_PROTEVS	29	C	01/22/2015	11:48:36	7.96556516	43.25115551		282.68	18.0	40.0						22.4920833333
S201500200_PROTEVS	29	C	01/22/2015	11:48:36	7.96556516	43.25115551		290.68	18.0	42.0						22.4920833333
S201500200_PROTEVS	29	C	01/22/2015	11:48:36	7.96556516	43.25115551		298.68	18.0	41.0						22.4920833333
S201500200_PROTEVS	29	C	01/22/2015	11:48:36	7.96556516	43.25115551		306.68	18.0	42.0						22.4920833333
S201500200_PROTEVS	29	C	01/22/2015	11:48:36	7.96556516	43.25115551		314.68	17.0	43.0						22.4920833333
S201500200_PROTEVS	29	C	01/22/2015	11:48:36	7.96556516	43.25115551		322.68	18.0	44.0						22.4920833333
S201500200_PROTEVS	29	C	01/22/2015	11:48:36	7.96556516	43.25115551		330.68	18.0	34.0						22.4920833333
S201500200_PROTEVS	30	C	01/22/2015	11:58:38	7.93668166	43.26542411		18.68	149.0	233.0	-19.2	5.3	1.7	19.9	285.4	22.4990509259
S201500200_PROTEVS	30	C	01/22/2015	11:58:38	7.93668166	43.26542411		26.68	128.0	238.0	-14.4	1.1	2.7	14.4	274.4	22.4990509259
S201500200_PROTEVS	30	C	01/22/2015	11:58:38	7.93668166	43.26542411		34.68	114.0	239.0	-13.4	1.3	0.4	13.5	275.5	22.4990509259
S201500200_PROTEVS	30	C	01/22/2015	11:58:38	7.93668166	43.26542411		42.68	102.0	238.0	-9.7	3.0	-1.1	10.2	287.2	22.4990509259
S201500200_PROTEVS	30	C	01/22/2015	11:58:38	7.93668166	43.26542411		50.68	91.0	240.0	-10.0	2.4	1.7	10.3	283.5	22.4990509259
S201500200_PROTEVS	30	C	01/22/2015	11:58:38	7.93668166	43.26542411		58.68	83.0	238.0	-10.2	0.7	2.2	10.2	273.9	22.4990509259
S201500200_PROTEVS	30	C	01/22/2015	11:58:38	7.93668166	43.26542411		66.68	78.0	239.0	-4.6	-4.5	1.6	6.4	225.6	22.4990509259
S201500200_PROTEVS	30	C	01/22/2015	11:58:38	7.93668166	43.26542411		74.68	72.0	238.0	-2.9	-6.1	1.1	6.8	205.4	22.4990509259
S201500200_PROTEVS	30	C	01/22/2015	11:58:38	7.93668166	43.26542411		82.68	71.0	239.0	-4.5	-4.7	-0.5	6.5	223.8	22.4990509259
S201500200_PROTEVS	30	C	01/22/2015	11:58:38	7.93668166	43.26542411		90.68	69.0	238.0	-4.8	-3.3	1.1	5.8	235.5	22.4990509259
S201500200_PROTEVS	30	C	01/22/2015	11:58:38	7.93668166	43.26542411		98.68	65.0	238.0	-3.4	-1.6	0.8	3.8	244.8	22.4990509259
S201500200_PROTEVS	30	C	01/22/2015	11:58:38	7.93668166	43.26542411		106.68	58.0	235.0	-1.8	-5.8	1.7	6.1	197.2	22.4990509259
S201500200_PROTEVS	30	C	01/22/2015	11:58:38	7.93668166	43.26542411		114.68	48.0	227.0	-2.0	-4.4	-1.3	4.8	204.4	22.4990509259
S201500200_PROTEVS	30	C	01/22/2015	11:58:38	7.93668166	43.26542411		122.68	40.0	212.0	0.9	-3.2	0.0	3.3	164.3	22.4990509259
S201500200_PROTEVS	30	C	01/22/2015	11:58:38	7.93668166	43.26542411		130.68	31.0	182.0	2.4	-3.0	-0.7	3.8	141.3	22.4990509259
S201500200_PROTEVS	30	C	01/22/2015	11:58:38	7.93668166	43.26542411		138.68	25.0	142.0	3.5	0.6	6.5	3.6	80.3	22.4990509259
S201500200_PROTEVS	30	C	01/22/2015	11:58:38	7.93668166	43.26542411		146.68	21.0	103.0	-3.3	-22.3	12.2	22.5	188.4	22.4990509259
S201500200_PROTEVS	30	C	01/22/2015	11:58:38	7.93668166	43.26542411		154.68	20.0	73.0						22.4990509259
S201500200_PROTEVS	30	C	01/22/2015	11:58:38	7.93668166	43.26542411		162.68	18.0	55.0						22.4990509259
S201500200_PROTEVS	30	C	01/22/2015	11:58:38	7.93668166	43.26542411		170.68	18.0	42.0						22.4990509259
S201500200_PROTEVS	30	C	01/22/2015	11:58:38	7.93668166	43.26542411		178.68	17.0	32.0						22.4990509259
S201500200_PROTEVS	30	C	01/22/2015	11:58:38	7.93668166	43.26542411		186.68	17.0	31.0						22.4990509259
S201500200_PROTEVS	30	C	01/22/2015	11:58:38	7.93668166	43.26542411		194.68	17.0	28.0						22.4990509259
S201500200_PROTEVS	30	C	01/22/2015	11:58:38	7.93668166	43.26542411		202.68	16.0	26.0						22.4990509259
S201500200_PROTEVS	30	C	01/22/2015	11:58:38	7.93668166	43.26542411		210.68	17.0	26.0						22.4990509259
S201500200_PROTEVS	30	C	01/22/2015	11:58:38	7.93668166	43.26542411		218.68	17.0	24.0						22.4990509259
S201500200_PROTEVS	30	C	01/22/2015	11:58:38	7.93668166	43.26542411		226.68	16.0	24.0						22.4990509259
S201500200_PROTEVS	30	C	01/22/2015	11:58:38	7.93668166	43.26542411		234.68	17.0	26.0						22.4990509259
S201500200_PROTEVS	30	C	01/22/2015	11:58:38	7.93668166	43.26542411		242.68	17.0	25.0						22.4990509259
S201500200_PROTEVS	30	C	01/22/2015	11:58:38	7.93668166	43.26542411		250.68	17.0	26.0						22.4990509259
S201500200_PROTEVS	30	C	01/22/2015	11:58:38	7.93668166	43.26542411		258.68	16.0	28.0						22.4990509259
S201500200_PROTEVS	30	C	01/22/2015	11:58:38	7.93668166	43.26542411		266.68	17.0	34.0						22.4990509259
S201500200_PROTEVS	30	C	01/22/2015	11:58:38	7.93668166	43.26542411		274.68	18.0	42.0						22.4990509259
S201500200_PROTEVS	30	C	01/22/2015	11:58:38	7.93668166	43.26542411		282.68	18.0	48.0						22.4990509259
S201500200_PROTEVS	30	C	01/22/2015	11:58:38	7.93668166	43.26542411		290.68	18.0	48.0						22.4990509259
S201500200_PROTEVS	30	C	01/22/2015	11:58:38	7.93668166	43.26542411		298.68	17.0	47.0						22.4990509259
S201500200_PROTEVS	30	C	01/22/2015	11:58:38	7.93668166	43.26542411		306.68	18.0	46.0						22.4990509259
S201500200_PROTEVS	30	C	01/22/2015	11:58:38	7.93668166	43.26542411		314.68	18.0	42.0						22.4990509259
S201500200_PROTEVS	30	C	01/22/2015	11:58:38	7.93668166	43.26542411		322.68	17.0	42.0						22.4990509259
S201500200_PROTEVS	30	C	01/22/2015	11:58:38	7.93668166	43.26542411		330.68	18.0	30.0						22.4990509259
S201500200_PROTEVS	31	C	01/22/2015	12:08:33	7.90787855	43.27972099		18.68	146.0	226.0	-19.6	14.9	1.4	24.6	307.2	22.5059375
S201500200_PROTEVS	31	C	01/22/2015	12:08:33	7.90787855	43.27972099		26.68	130.0	238.0	-17.6	7.4	1.4	19.1	292.8	22.5059375
S201500200_PROTEVS	31	C	01/22/2015	12:08:33	7.90787855	43.27972099		34.68	116.0	239.0	-12.9	8.4	2.8	15.4	303.1	22.5059375
S201500200_PROTEVS	31	C	01/22/2015	12:08:33	7.90787855	43.27972099		42.68	102.0	238.0	-12.5	8.2	1.6	14.9	303.3	22.5059375
S201500200_PROTEVS	31	C	01/22/2015	12:08:33	7.90787855	43.27972099		50.68	91.0	238.0	-13.0	7.0	2.5	14.8	298.3	22.5059375
S201500200_PROTEVS	31	C	01/22/2015	12:08:33	7.90787855	43.27972099		58.68	83.0	238.0	-11.2	4.6	2.2	12.1	292.3	22.5059375
S201500200_PROTEVS	31	C	01/22/2015	12:08:33	7.90787855	43.27972099		66.68	78.0	238.0	-7.9	-0.8	2.3	7.9	264.2	22.5059375
S201500200_PROTEVS	31	C	01/22/2015	12:08:33	7.90787855	43.27972099		74.68	73.0	238.0	-4.9	-4.1	1.7	6.4	230.1	22.5059375
S201500200_PROTEVS	31	C	01/22/2015	12:08:33	7.90787855	43.27972099		82.68	69.0	238.0	-7.7	-3.6	-0.6	8.5	244.9	22.5059375
S201500200_PROTEVS	31	C	01/22/2015	12:08:33	7.90787855	43.27972099		90.68	64.0	237.0	-9.5	-3.8	0.9	10.2	248.2	22.5059375
S201500200_PROTEVS	31	C	01/22/2015	12:08:33	7.90787855	43.27972099		98.68	60.0	236.0	-6.8	-4.1	1.4	7.9	238.9	22.5059375
S201500200_PROTEVS	31	C	01/22/2015	12:08:33	7.90787855	43.27972099		106.68	53.0	234.0	-6.4	-4.5	-1.1	7.8	234.9	22.5059375
S201500200_PROTEVS	31	C	01/22/2015	12:08:33	7.90787855	43.27972099		114.68	45.0	226.0	-5.0	-2.9	1.1	5.8	239.9	22.5059375
S201500200_PROTEVS	31	C	01/22/2015	12:08:33	7.90787855	43.27972099		122.68	36.0	202.0	-5.4	-3.8	-1.1	6.6	234.9	22.5059375
S201500200_PROTEVS	31	C	01/22/2015	12:08:33	7.90787855	43.27972099		130.68	29.0	168.0	-4.5	-7.5	-1.1	8.7	211.0	22.5059375
S201500200_PROTEVS	31	C	01/22/2015	12:08:33	7.90787855	43.27972099		138.68	24.0	129.0	-1.3	-3.5	-2.0	3.7	200.4	22.5059375
S201500200_PROTEVS	31	C	01/22/2015	12:08:33	7.90787855	43.27972099		146.68	21.0	94.0	-6.2	1.6		6.4	284.5	22.5059375
S201500200_PROTEVS	31	C	01/22/2015	12:08:33	7.90787855	43.27972099		154.68	19.0	63.0						22.5059375
S201500200_PROTEVS	31	C	01/22/2015	12:08:33	7.90787855	43.27972099		162.68	18.0	50.0						22.5059375
S201500200_PROTEVS	31	C	01/22/2015	12:08:33	7.90787855	43.27972099		170.68	18.0	39.0						22.5059375
S201500200_PROTEVS	31	C	01/22/2015	12:08:33	7.90787855	43.27972099		178.68	18.0	33.0						22.5059375
S201500200_PROTEVS	31	C	01/22/2015	12:08:33	7.90787855	43.27972099		186.68	17.0	29.0						22.5059375
S201500200_PROTEVS	31	C	01/22/2015	12:08:33	7.90787855	43.27972099		194.68	17.0	27.0						22.5059375
S201500200_PROTEVS	31	C	01/22/2015	12:08:33	7.90787855	43.27972099		202.68	17.0	27.0						22.5059375
S201500200_PROTEVS	31	C	01/22/2015	12:08:33	7.90787855	43.27972099		210.68	16.0	25.0						22.5059375
S201500200_PROTEVS	31	C	01/22/2015	12:08:33	7.90787855	43.27972099		218.68	16.0	24.0						22.5059375
S201500200_PROTEVS	31	C	01/22/2015	12:08:33	7.90787855	43.27972099		226.68	16.0	24.0						22.5059375
S201500200_PROTEVS	31	C	01/22/2015	12:08:33	7.90787855	43.27972099		234.68	16.0	26.0						22.5059375
S201500200_PROTEVS	31	C	01/22/2015	12:08:33	7.90787855	43.27972099		242.68	17.0	27.0						22.5059375
S201500200_PROTEVS	31	C	01/22/2015	12:08:33	7.90787855	43.27972099		250.68	17.0	27.0						22.5059375
S201500200_PROTEVS	31	C	01/22/2015	12:08:33	7.90787855	43.27972099		258.68	17.0	24.0						22.5059375
S201500200_PROTEVS	31	C	01/22/2015	12:08:33	7.90787855	43.27972099		266.68	17.0	29.0						22.5059375
S201500200_PROTEVS	31	C	01/22/2015	12:08:33	7.90787855	43.27972099		274.68	17.0	36.0						22.5059375
S201500200_PROTEVS	31	C	01/22/2015	12:08:33	7.90787855	43.27972099		282.68	18.0	41.0						22.5059375
S201500200_PROTEVS	31	C	01/22/2015	12:08:33	7.90787855	43.27972099		290.68	17.0	42.0						22.5059375
S201500200_PROTEVS	31	C	01/22/2015	12:08:33	7.90787855	43.27972099		298.68	17.0	42.0						22.5059375
S201500200_PROTEVS	31	C	01/22/2015	12:08:33	7.90787855	43.27972099		306.68	17.0	46.0						22.5059375
S201500200_PROTEVS	31	C	01/22/2015	12:08:33	7.90787855	43.27972099		314.68	18.0	46.0						22.5059375
S201500200_PROTEVS	31	C	01/22/2015	12:08:33	7.90787855	43.27972099		322.68	18.0	43.0						22.5059375
S201500200_PROTEVS	31	C	01/22/2015	12:08:33	7.90787855	43.27972099		330.68	17.0	31.0						22.5059375
S201500200_PROTEVS	32	C	01/22/2015	12:18:31	7.87908110	43.29436417		18.68	142.0	227.0	-14.8	11.2	3.6	18.6	307.1	22.5128587963
S201500200_PROTEVS	32	C	01/22/2015	12:18:31	7.87908110	43.29436417		26.68	124.0	237.0	-9.4	7.7	1.9	12.2	309.3	22.5128587963
S201500200_PROTEVS	32	C	01/22/2015	12:18:31	7.87908110	43.29436417		34.68	112.0	237.0	-5.7	8.2	1.4	10.0	325.2	22.5128587963
S201500200_PROTEVS	32	C	01/22/2015	12:18:31	7.87908110	43.29436417		42.68	102.0	238.0	-3.7	5.3	3.0	6.5	325.1	22.5128587963
S201500200_PROTEVS	32	C	01/22/2015	12:18:31	7.87908110	43.29436417		50.68	88.0	236.0	-2.0	3.3	3.6	3.9	328.8	22.5128587963
S201500200_PROTEVS	32	C	01/22/2015	12:18:31	7.87908110	43.29436417		58.68	78.0	237.0	-4.4	4.7	3.8	6.4	316.9	22.5128587963
S201500200_PROTEVS	32	C	01/22/2015	12:18:31	7.87908110	43.29436417		66.68	73.0	238.0	-6.4	-1.8	0.7	6.6	254.3	22.5128587963
S201500200_PROTEVS	32	C	01/22/2015	12:18:31	7.87908110	43.29436417		74.68	73.0	240.0	-9.0	-3.8	-0.3	9.8	247.1	22.5128587963
S201500200_PROTEVS	32	C	01/22/2015	12:18:31	7.87908110	43.29436417		82.68	68.0	237.0	-6.7	-5.3	0.1	8.5	231.7	22.5128587963
S201500200_PROTEVS	32	C	01/22/2015	12:18:31	7.87908110	43.29436417		90.68	65.0	237.0	-8.5	-1.7	2.3	8.7	258.7	22.5128587963
S201500200_PROTEVS	32	C	01/22/2015	12:18:31	7.87908110	43.29436417		98.68	59.0	236.0	-10.5	-1.7	3.2	10.6	260.8	22.5128587963
S201500200_PROTEVS	32	C	01/22/2015	12:18:31	7.87908110	43.29436417		106.68	52.0	231.0	-9.7	-3.1	1.8	10.2	252.3	22.5128587963
S201500200_PROTEVS	32	C	01/22/2015	12:18:31	7.87908110	43.29436417		114.68	45.0	225.0	-8.6	-4.3	1.2	9.6	243.4	22.5128587963
S201500200_PROTEVS	32	C	01/22/2015	12:18:31	7.87908110	43.29436417		122.68	37.0	207.0	-9.5	-5.4	-0.5	10.9	240.4	22.5128587963
S201500200_PROTEVS	32	C	01/22/2015	12:18:31	7.87908110	43.29436417		130.68	30.0	182.0	-7.1	-2.1	-0.7	7.4	253.5	22.5128587963
S201500200_PROTEVS	32	C	01/22/2015	12:18:31	7.87908110	43.29436417		138.68	26.0	144.0	-6.2	-8.1	-2.1	10.2	217.4	22.5128587963
S201500200_PROTEVS	32	C	01/22/2015	12:18:31	7.87908110	43.29436417		146.68	22.0	108.0	0.4	-2.1	-6.5	2.1	169.2	22.5128587963
S201500200_PROTEVS	32	C	01/22/2015	12:18:31	7.87908110	43.29436417		154.68	20.0	77.0	-9.9	-11.7		15.3	220.2	22.5128587963
S201500200_PROTEVS	32	C	01/22/2015	12:18:31	7.87908110	43.29436417		162.68	18.0	58.0	26.1	-5.6		26.7	102.1	22.5128587963
S201500200_PROTEVS	32	C	01/22/2015	12:18:31	7.87908110	43.29436417		170.68	18.0	46.0						22.5128587963
S201500200_PROTEVS	32	C	01/22/2015	12:18:31	7.87908110	43.29436417		178.68	18.0	40.0						22.5128587963
S201500200_PROTEVS	32	C	01/22/2015	12:18:31	7.87908110	43.29436417		186.68	17.0	35.0						22.5128587963
S201500200_PROTEVS	32	C	01/22/2015	12:18:31	7.87908110	43.29436417		194.68	18.0	33.0						22.5128587963
S201500200_PROTEVS	32	C	01/22/2015	12:18:31	7.87908110	43.29436417		202.68	16.0	30.0						22.5128587963
S201500200_PROTEVS	32	C	01/22/2015	12:18:31	7.87908110	43.29436417		210.68	17.0	29.0						22.5128587963
S201500200_PROTEVS	32	C	01/22/2015	12:18:31	7.87908110	43.29436417		218.68	17.0	27.0						22.5128587963
S201500200_PROTEVS	32	C	01/22/2015	12:18:31	7.87908110	43.29436417		226.68	16.0	24.0						22.5128587963
S201500200_PROTEVS	32	C	01/22/2015	12:18:31	7.87908110	43.29436417		234.68	17.0	23.0						22.5128587963
S201500200_PROTEVS	32	C	01/22/2015	12:18:31	7.87908110	43.29436417		242.68	16.0	26.0						22.5128587963
S201500200_PROTEVS	32	C	01/22/2015	12:18:31	7.87908110	43.29436417		250.68	16.0	25.0						22.5128587963
S201500200_PROTEVS	32	C	01/22/2015	12:18:31	7.87908110	43.29436417		258.68	17.0	24.0						22.5128587963
S201500200_PROTEVS	32	C	01/22/2015	12:18:31	7.87908110	43.29436417		266.68	16.0	23.0						22.5128587963
S201500200_PROTEVS	32	C	01/22/2015	12:18:31	7.87908110	43.29436417		274.68	17.0	23.0						22.5128587963
S201500200_PROTEVS	32	C	01/22/2015	12:18:31	7.87908110	43.29436417		282.68	16.0	25.0						22.5128587963
S201500200_PROTEVS	32	C	01/22/2015	12:18:31	7.87908110	43.29436417		290.68	17.0	26.0						22.5128587963
S201500200_PROTEVS	32	C	01/22/2015	12:18:31	7.87908110	43.29436417		298.68	16.0	28.0						22.5128587963
S201500200_PROTEVS	32	C	01/22/2015	12:18:31	7.87908110	43.29436417		306.68	17.0	30.0						22.5128587963
S201500200_PROTEVS	32	C	01/22/2015	12:18:31	7.87908110	43.29436417		314.68	17.0	30.0						22.5128587963
S201500200_PROTEVS	32	C	01/22/2015	12:18:31	7.87908110	43.29436417		322.68	18.0	30.0						22.5128587963
S201500200_PROTEVS	32	C	01/22/2015	12:18:31	7.87908110	43.29436417		330.68	17.0	21.0						22.5128587963
S201500200_PROTEVS	33	C	01/22/2015	12:28:35	7.84975131	43.30866919		18.68	146.0	229.0	-16.2	13.5	2.4	21.1	309.8	22.519849537
S201500200_PROTEVS	33	C	01/22/2015	12:28:35	7.84975131	43.30866919		26.68	126.0	238.0	-11.0	13.2	2.2	17.2	320.2	22.519849537
S201500200_PROTEVS	33	C	01/22/2015	12:28:35	7.84975131	43.30866919		34.68	112.0	240.0	-7.7	9.1	0.1	11.9	319.8	22.519849537
S201500200_PROTEVS	33	C	01/22/2015	12:28:35	7.84975131	43.30866919		42.68	98.0	238.0	-5.5	5.9	-0.8	8.1	317.0	22.519849537
S201500200_PROTEVS	33	C	01/22/2015	12:28:35	7.84975131	43.30866919		50.68	86.0	239.0	-4.4	5.5	0.1	7.0	321.3	22.519849537
S201500200_PROTEVS	33	C	01/22/2015	12:28:35	7.84975131	43.30866919		58.68	77.0	238.0	-3.6	3.3	-0.1	4.9	312.5	22.519849537
S201500200_PROTEVS	33	C	01/22/2015	12:28:35	7.84975131	43.30866919		66.68	74.0	238.0	-1.5	-2.4	1.0	2.8	212.0	22.519849537
S201500200_PROTEVS	33	C	01/22/2015	12:28:35	7.84975131	43.30866919		74.68	72.0	239.0	-5.1	-1.9	0.7	5.4	249.6	22.519849537
S201500200_PROTEVS	33	C	01/22/2015	12:28:35	7.84975131	43.30866919		82.68	68.0	238.0	-8.9	-4.0	1.1	9.8	245.8	22.519849537
S201500200_PROTEVS	33	C	01/22/2015	12:28:35	7.84975131	43.30866919		90.68	65.0	238.0	-10.5	-2.3	0.0	10.7	257.6	22.519849537
S201500200_PROTEVS	33	C	01/22/2015	12:28:35	7.84975131	43.30866919		98.68	60.0	237.0	-9.0	-2.1	-1.5	9.2	256.9	22.519849537
S201500200_PROTEVS	33	C	01/22/2015	12:28:35	7.84975131	43.30866919		106.68	56.0	235.0	-10.2	-1.7	0.6	10.3	260.5	22.519849537
S201500200_PROTEVS	33	C	01/22/2015	12:28:35	7.84975131	43.30866919		114.68	49.0	230.0	-9.5	0.1	0.4	9.5	270.6	22.519849537
S201500200_PROTEVS	33	C	01/22/2015	12:28:35	7.84975131	43.30866919		122.68	42.0	220.0	-10.5	-1.2	-1.7	10.6	263.5	22.519849537
S201500200_PROTEVS	33	C	01/22/2015	12:28:35	7.84975131	43.30866919		130.68	35.0	202.0	-10.8	3.8	2.3	11.4	289.4	22.519849537
S201500200_PROTEVS	33	C	01/22/2015	12:28:35	7.84975131	43.30866919		138.68	27.0	156.0	-5.1	1.5	-0.9	5.3	286.4	22.519849537
S201500200_PROTEVS	33	C	01/22/2015	12:28:35	7.84975131	43.30866919		146.68	22.0	112.0	-8.5	-7.6	4.4	11.4	228.2	22.519849537
S201500200_PROTEVS	33	C	01/22/2015	12:28:35	7.84975131	43.30866919		154.68	20.0	79.0	0.3	-44.7		44.7	179.6	22.519849537
S201500200_PROTEVS	33	C	01/22/2015	12:28:35	7.84975131	43.30866919		162.68	19.0	62.0						22.519849537
S201500200_PROTEVS	33	C	01/22/2015	12:28:35	7.84975131	43.30866919		170.68	18.0	50.0						22.519849537
S201500200_PROTEVS	33	C	01/22/2015	12:28:35	7.84975131	43.30866919		178.68	18.0	44.0						22.519849537
S201500200_PROTEVS	33	C	01/22/2015	12:28:35	7.84975131	43.30866919		186.68	18.0	43.0						22.519849537
S201500200_PROTEVS	33	C	01/22/2015	12:28:35	7.84975131	43.30866919		194.68	18.0	36.0						22.519849537
S201500200_PROTEVS	33	C	01/22/2015	12:28:35	7.84975131	43.30866919		202.68	16.0	34.0						22.519849537
S201500200_PROTEVS	33	C	01/22/2015	12:28:35	7.84975131	43.30866919		210.68	18.0	28.0						22.519849537
S201500200_PROTEVS	33	C	01/22/2015	12:28:35	7.84975131	43.30866919		218.68	16.0	27.0						22.519849537
S201500200_PROTEVS	33	C	01/22/2015	12:28:35	7.84975131	43.30866919		226.68	16.0	26.0						22.519849537
S201500200_PROTEVS	33	C	01/22/2015	12:28:35	7.84975131	43.30866919		234.68	17.0	25.0						22.519849537
S201500200_PROTEVS	33	C	01/22/2015	12:28:35	7.84975131	43.30866919		242.68	17.0	26.0						22.519849537
S201500200_PROTEVS	33	C	01/22/2015	12:28:35	7.84975131	43.30866919		250.68	17.0	26.0						22.519849537
S201500200_PROTEVS	33	C	01/22/2015	12:28:35	7.84975131	43.30866919		258.68	16.0	26.0						22.519849537
S201500200_PROTEVS	33	C	01/22/2015	12:28:35	7.84975131	43.30866919		266.68	17.0	28.0						22.519849537
S201500200_PROTEVS	33	C	01/22/2015	12:28:35	7.84975131	43.30866919		274.68	16.0	30.0						22.519849537
S201500200_PROTEVS	33	C	01/22/2015	12:28:35	7.84975131	43.30866919		282.68	17.0	29.0						22.519849537
S201500200_PROTEVS	33	C	01/22/2015	12:28:35	7.84975131	43.30866919		290.68	17.0	30.0						22.519849537
S201500200_PROTEVS	33	C	01/22/2015	12:28:35	7.84975131	43.30866919		298.68	17.0	35.0						22.519849537
S201500200_PROTEVS	33	C	01/22/2015	12:28:35	7.84975131	43.30866919		306.68	18.0	36.0						22.519849537
S201500200_PROTEVS	33	C	01/22/2015	12:28:35	7.84975131	43.30866919		314.68	17.0	32.0						22.519849537
S201500200_PROTEVS	33	C	01/22/2015	12:28:35	7.84975131	43.30866919		322.68	17.0	32.0						22.519849537
S201500200_PROTEVS	33	C	01/22/2015	12:28:35	7.84975131	43.30866919		330.68	17.0	22.0						22.519849537
S201500200_PROTEVS	34	C	01/22/2015	12:38:34	7.82028586	43.32253316		18.68	148.0	233.0	-13.5	10.1	1.1	16.9	306.8	22.5267824074
S201500200_PROTEVS	34	C	01/22/2015	12:38:34	7.82028586	43.32253316		26.68	132.0	240.0	-11.0	11.3	-1.4	15.8	315.8	22.5267824074
S201500200_PROTEVS	34	C	01/22/2015	12:38:34	7.82028586	43.32253316		34.68	116.0	239.0	-6.4	9.4	1.5	11.4	325.8	22.5267824074
S201500200_PROTEVS	34	C	01/22/2015	12:38:34	7.82028586	43.32253316		42.68	104.0	240.0	-5.3	9.4	1.4	10.8	330.6	22.5267824074
S201500200_PROTEVS	34	C	01/22/2015	12:38:34	7.82028586	43.32253316		50.68	95.0	239.0	-2.4	9.4	-1.0	9.7	345.7	22.5267824074
S201500200_PROTEVS	34	C	01/22/2015	12:38:34	7.82028586	43.32253316		58.68	84.0	239.0	1.4	7.7	0.7	7.8	10.3	22.5267824074
S201500200_PROTEVS	34	C	01/22/2015	12:38:34	7.82028586	43.32253316		66.68	75.0	239.0	1.1	3.2	1.4	3.4	19.0	22.5267824074
S201500200_PROTEVS	34	C	01/22/2015	12:38:34	7.82028586	43.32253316		74.68	73.0	239.0	-5.5	1.9	3.0	5.8	289.1	22.5267824074
S201500200_PROTEVS	34	C	01/22/2015	12:38:34	7.82028586	43.32253316		82.68	68.0	238.0	-10.6	2.5	1.0	10.9	283.3	22.5267824074
S201500200_PROTEVS	34	C	01/22/2015	12:38:34	7.82028586	43.32253316		90.68	64.0	237.0	-8.8	2.9	2.1	9.3	288.2	22.5267824074
S201500200_PROTEVS	34	C	01/22/2015	12:38:34	7.82028586	43.32253316		98.68	62.0	237.0	-8.1	3.6	1.3	8.9	294.0	22.5267824074
S201500200_PROTEVS	34	C	01/22/2015	12:38:34	7.82028586	43.32253316		106.68	57.0	236.0	-7.6	4.3	0.7	8.7	299.5	22.5267824074
S201500200_PROTEVS	34	C	01/22/2015	12:38:34	7.82028586	43.32253316		114.68	52.0	233.0	-4.7	4.6	1.4	6.6	314.4	22.5267824074
S201500200_PROTEVS	34	C	01/22/2015	12:38:34	7.82028586	43.32253316		122.68	47.0	229.0	-6.1	7.9	1.9	10.0	322.3	22.5267824074
S201500200_PROTEVS	34	C	01/22/2015	12:38:34	7.82028586	43.32253316		130.68	40.0	215.0	-5.4	7.1	0.1	8.9	322.7	22.5267824074
S201500200_PROTEVS	34	C	01/22/2015	12:38:34	7.82028586	43.32253316		138.68	34.0	200.0	-8.3	7.7	-0.4	11.3	312.9	22.5267824074
S201500200_PROTEVS	34	C	01/22/2015	12:38:34	7.82028586	43.32253316		146.68	30.0	180.0	-8.4	8.8	4.0	12.2	316.3	22.5267824074
S201500200_PROTEVS	34	C	01/22/2015	12:38:34	7.82028586	43.32253316		154.68	24.0	134.0	-0.5	10.3	1.8	10.3	357.2	22.5267824074
S201500200_PROTEVS	34	C	01/22/2015	12:38:34	7.82028586	43.32253316		162.68	22.0	104.0	-6.2	-0.6	1.0	6.2	264.5	22.5267824074
S201500200_PROTEVS	34	C	01/22/2015	12:38:34	7.82028586	43.32253316		170.68	20.0	76.0	-26.1	-8.7		27.5	251.6	22.5267824074
S201500200_PROTEVS	34	C	01/22/2015	12:38:34	7.82028586	43.32253316		178.68	18.0	52.0						22.5267824074
S201500200_PROTEVS	34	C	01/22/2015	12:38:34	7.82028586	43.32253316		186.68	18.0	41.0						22.5267824074
S201500200_PROTEVS	34	C	01/22/2015	12:38:34	7.82028586	43.32253316		194.68	17.0	30.0						22.5267824074
S201500200_PROTEVS	34	C	01/22/2015	12:38:34	7.82028586	43.32253316		202.68	17.0	28.0						22.5267824074
S201500200_PROTEVS	34	C	01/22/2015	12:38:34	7.82028586	43.32253316		210.68	17.0	27.0						22.5267824074
S201500200_PROTEVS	34	C	01/22/2015	12:38:34	7.82028586	43.32253316		218.68	17.0	27.0						22.5267824074
S201500200_PROTEVS	34	C	01/22/2015	12:38:34	7.82028586	43.32253316		226.68	16.0	25.0						22.5267824074
S201500200_PROTEVS	34	C	01/22/2015	12:38:34	7.82028586	43.32253316		234.68	16.0	26.0						22.5267824074
S201500200_PROTEVS	34	C	01/22/2015	12:38:34	7.82028586	43.32253316		242.68	16.0	22.0						22.5267824074
S201500200_PROTEVS	34	C	01/22/2015	12:38:34	7.82028586	43.32253316		250.68	16.0	25.0						22.5267824074
S201500200_PROTEVS	34	C	01/22/2015	12:38:34	7.82028586	43.32253316		258.68	17.0	26.0						22.5267824074
S201500200_PROTEVS	34	C	01/22/2015	12:38:34	7.82028586	43.32253316		266.68	17.0	26.0						22.5267824074
S201500200_PROTEVS	34	C	01/22/2015	12:38:34	7.82028586	43.32253316		274.68	17.0	30.0						22.5267824074
S201500200_PROTEVS	34	C	01/22/2015	12:38:34	7.82028586	43.32253316		282.68	17.0	33.0						22.5267824074
S201500200_PROTEVS	34	C	01/22/2015	12:38:34	7.82028586	43.32253316		290.68	18.0	36.0						22.5267824074
S201500200_PROTEVS	34	C	01/22/2015	12:38:34	7.82028586	43.32253316		298.68	18.0	42.0						22.5267824074
S201500200_PROTEVS	34	C	01/22/2015	12:38:34	7.82028586	43.32253316		306.68	18.0	45.0						22.5267824074
S201500200_PROTEVS	34	C	01/22/2015	12:38:34	7.82028586	43.32253316		314.68	17.0	41.0						22.5267824074
S201500200_PROTEVS	34	C	01/22/2015	12:38:34	7.82028586	43.32253316		322.68	18.0	42.0						22.5267824074
S201500200_PROTEVS	34	C	01/22/2015	12:38:34	7.82028586	43.32253316		330.68	17.0	29.0						22.5267824074
S201500200_PROTEVS	35	C	01/22/2015	12:48:30	7.79124323	43.33658353		18.68	146.0	226.0	-17.1	0.5	1.6	17.1	271.7	22.5336805556
S201500200_PROTEVS	35	C	01/22/2015	12:48:30	7.79124323	43.33658353		26.68	125.0	237.0	-5.2	-2.1	1.0	5.6	248.0	22.5336805556
S201500200_PROTEVS	35	C	01/22/2015	12:48:30	7.79124323	43.33658353		34.68	113.0	239.0	-1.2	0.1	0.1	1.2	274.8	22.5336805556
S201500200_PROTEVS	35	C	01/22/2015	12:48:30	7.79124323	43.33658353		42.68	101.0	238.0	3.4	2.7	-0.7	4.3	51.5	22.5336805556
S201500200_PROTEVS	35	C	01/22/2015	12:48:30	7.79124323	43.33658353		50.68	91.0	238.0	7.1	7.0	0.7	10.0	45.4	22.5336805556
S201500200_PROTEVS	35	C	01/22/2015	12:48:30	7.79124323	43.33658353		58.68	85.0	239.0	7.8	3.1	0.2	8.4	68.3	22.5336805556
S201500200_PROTEVS	35	C	01/22/2015	12:48:30	7.79124323	43.33658353		66.68	82.0	239.0	2.0	0.8	1.8	2.2	68.2	22.5336805556
S201500200_PROTEVS	35	C	01/22/2015	12:48:30	7.79124323	43.33658353		74.68	78.0	240.0	-5.6	-1.9	0.1	5.9	251.3	22.5336805556
S201500200_PROTEVS	35	C	01/22/2015	12:48:30	7.79124323	43.33658353		82.68	72.0	238.0	-5.5	-0.7	0.5	5.5	262.7	22.5336805556
S201500200_PROTEVS	35	C	01/22/2015	12:48:30	7.79124323	43.33658353		90.68	66.0	238.0	-9.7	2.1	0.0	9.9	282.2	22.5336805556
S201500200_PROTEVS	35	C	01/22/2015	12:48:30	7.79124323	43.33658353		98.68	60.0	236.0	-9.9	1.6	1.2	10.0	279.2	22.5336805556
S201500200_PROTEVS	35	C	01/22/2015	12:48:30	7.79124323	43.33658353		106.68	56.0	234.0	-7.0	-0.8	1.7	7.0	263.5	22.5336805556
S201500200_PROTEVS	35	C	01/22/2015	12:48:30	7.79124323	43.33658353		114.68	52.0	232.0	-6.2	0.1	0.1	6.2	270.9	22.5336805556
S201500200_PROTEVS	35	C	01/22/2015	12:48:30	7.79124323	43.33658353		122.68	43.0	222.0	-6.8	-0.3	-1.3	6.8	267.5	22.5336805556
S201500200_PROTEVS	35	C	01/22/2015	12:48:30	7.79124323	43.33658353		130.68	34.0	196.0	-7.6	1.0	-1.5	7.7	277.5	22.5336805556
S201500200_PROTEVS	35	C	01/22/2015	12:48:30	7.79124323	43.33658353		138.68	27.0	160.0	-6.8	1.2	2.3	6.9	280.0	22.5336805556
S201500200_PROTEVS	35	C	01/22/2015	12:48:30	7.79124323	43.33658353		146.68	24.0	120.0	2.6	11.6	-3.3	11.9	12.6	22.5336805556
S201500200_PROTEVS	35	C	01/22/2015	12:48:30	7.79124323	43.33658353		154.68	20.0	84.0	6.1	4.6	-8.2	7.6	53.0	22.5336805556
S201500200_PROTEVS	35	C	01/22/2015	12:48:30	7.79124323	43.33658353		162.68	19.0	63.0						22.5336805556
S201500200_PROTEVS	35	C	01/22/2015	12:48:30	7.79124323	43.33658353		170.68	18.0	47.0						22.5336805556
S201500200_PROTEVS	35	C	01/22/2015	12:48:30	7.79124323	43.33658353		178.68	18.0	39.0						22.5336805556
S201500200_PROTEVS	35	C	01/22/2015	12:48:30	7.79124323	43.33658353		186.68	18.0	34.0						22.5336805556
S201500200_PROTEVS	35	C	01/22/2015	12:48:30	7.79124323	43.33658353		194.68	17.0	31.0						22.5336805556
S201500200_PROTEVS	35	C	01/22/2015	12:48:30	7.79124323	43.33658353		202.68	18.0	26.0						22.5336805556
S201500200_PROTEVS	35	C	01/22/2015	12:48:30	7.79124323	43.33658353		210.68	16.0	25.0						22.5336805556
S201500200_PROTEVS	35	C	01/22/2015	12:48:30	7.79124323	43.33658353		218.68	16.0	24.0						22.5336805556
S201500200_PROTEVS	35	C	01/22/2015	12:48:30	7.79124323	43.33658353		226.68	17.0	24.0						22.5336805556
S201500200_PROTEVS	35	C	01/22/2015	12:48:30	7.79124323	43.33658353		234.68	16.0	24.0						22.5336805556
S201500200_PROTEVS	35	C	01/22/2015	12:48:30	7.79124323	43.33658353		242.68	16.0	24.0						22.5336805556
S201500200_PROTEVS	35	C	01/22/2015	12:48:30	7.79124323	43.33658353		250.68	17.0	24.0						22.5336805556
S201500200_PROTEVS	35	C	01/22/2015	12:48:30	7.79124323	43.33658353		258.68	17.0	24.0						22.5336805556
S201500200_PROTEVS	35	C	01/22/2015	12:48:30	7.79124323	43.33658353		266.68	16.0	23.0						22.5336805556
S201500200_PROTEVS	35	C	01/22/2015	12:48:30	7.79124323	43.33658353		274.68	16.0	25.0						22.5336805556
S201500200_PROTEVS	35	C	01/22/2015	12:48:30	7.79124323	43.33658353		282.68	17.0	26.0						22.5336805556
S201500200_PROTEVS	35	C	01/22/2015	12:48:30	7.79124323	43.33658353		290.68	18.0	29.0						22.5336805556
S201500200_PROTEVS	35	C	01/22/2015	12:48:30	7.79124323	43.33658353		298.68	17.0	33.0						22.5336805556
S201500200_PROTEVS	35	C	01/22/2015	12:48:30	7.79124323	43.33658353		306.68	18.0	36.0						22.5336805556
S201500200_PROTEVS	35	C	01/22/2015	12:48:30	7.79124323	43.33658353		314.68	17.0	38.0						22.5336805556
S201500200_PROTEVS	35	C	01/22/2015	12:48:30	7.79124323	43.33658353		322.68	18.0	41.0						22.5336805556
S201500200_PROTEVS	35	C	01/22/2015	12:48:30	7.79124323	43.33658353		330.68	18.0	31.0						22.5336805556
S201500200_PROTEVS	36	C	01/22/2015	12:58:37	7.76247986	43.35082484		18.68	151.0	231.0	-16.6	-1.9	3.6	16.7	263.5	22.5407060185
S201500200_PROTEVS	36	C	01/22/2015	12:58:37	7.76247986	43.35082484		26.68	132.0	238.0	-12.8	-0.6	0.4	12.8	267.3	22.5407060185
S201500200_PROTEVS	36	C	01/22/2015	12:58:37	7.76247986	43.35082484		34.68	119.0	240.0	-12.8	-1.9	-1.4	12.9	261.6	22.5407060185
S201500200_PROTEVS	36	C	01/22/2015	12:58:37	7.76247986	43.35082484		42.68	106.0	238.0	-9.3	-2.5	-1.7	9.6	255.0	22.5407060185
S201500200_PROTEVS	36	C	01/22/2015	12:58:37	7.76247986	43.35082484		50.68	95.0	239.0	-6.2	-1.6	0.3	6.4	255.5	22.5407060185
S201500200_PROTEVS	36	C	01/22/2015	12:58:37	7.76247986	43.35082484		58.68	88.0	240.0	-4.3	-3.7	0.7	5.7	229.3	22.5407060185
S201500200_PROTEVS	36	C	01/22/2015	12:58:37	7.76247986	43.35082484		66.68	86.0	239.0	0.1	-3.8	0.3	3.8	178.5	22.5407060185
S201500200_PROTEVS	36	C	01/22/2015	12:58:37	7.76247986	43.35082484		74.68	81.0	239.0	-6.2	-3.5	2.0	7.1	240.6	22.5407060185
S201500200_PROTEVS	36	C	01/22/2015	12:58:37	7.76247986	43.35082484		82.68	74.0	239.0	-10.7	-2.4	0.4	11.0	257.4	22.5407060185
S201500200_PROTEVS	36	C	01/22/2015	12:58:37	7.76247986	43.35082484		90.68	68.0	237.0	-11.6	-2.5	1.8	11.9	257.8	22.5407060185
S201500200_PROTEVS	36	C	01/22/2015	12:58:37	7.76247986	43.35082484		98.68	60.0	235.0	-11.0	-0.1	1.7	11.0	269.5	22.5407060185
S201500200_PROTEVS	36	C	01/22/2015	12:58:37	7.76247986	43.35082484		106.68	54.0	234.0	-10.1	-2.2	0.7	10.3	257.7	22.5407060185
S201500200_PROTEVS	36	C	01/22/2015	12:58:37	7.76247986	43.35082484		114.68	48.0	228.0	-14.2	1.8	0.5	14.3	277.2	22.5407060185
S201500200_PROTEVS	36	C	01/22/2015	12:58:37	7.76247986	43.35082484		122.68	40.0	218.0	-11.6	0.5	1.4	11.6	272.5	22.5407060185
S201500200_PROTEVS	36	C	01/22/2015	12:58:37	7.76247986	43.35082484		130.68	33.0	194.0	-8.8	1.3	1.0	8.9	278.4	22.5407060185
S201500200_PROTEVS	36	C	01/22/2015	12:58:37	7.76247986	43.35082484		138.68	26.0	154.0	-12.2	2.7	-0.1	12.5	282.5	22.5407060185
S201500200_PROTEVS	36	C	01/22/2015	12:58:37	7.76247986	43.35082484		146.68	23.0	121.0	-13.5	5.1	-5.4	14.4	290.7	22.5407060185
S201500200_PROTEVS	36	C	01/22/2015	12:58:37	7.76247986	43.35082484		154.68	20.0	89.0	13.2	4.7	-6.8	14.0	70.4	22.5407060185
S201500200_PROTEVS	36	C	01/22/2015	12:58:37	7.76247986	43.35082484		162.68	19.0	70.0						22.5407060185
S201500200_PROTEVS	36	C	01/22/2015	12:58:37	7.76247986	43.35082484		170.68	18.0	60.0						22.5407060185
S201500200_PROTEVS	36	C	01/22/2015	12:58:37	7.76247986	43.35082484		178.68	18.0	46.0						22.5407060185
S201500200_PROTEVS	36	C	01/22/2015	12:58:37	7.76247986	43.35082484		186.68	18.0	38.0						22.5407060185
S201500200_PROTEVS	36	C	01/22/2015	12:58:37	7.76247986	43.35082484		194.68	17.0	31.0						22.5407060185
S201500200_PROTEVS	36	C	01/22/2015	12:58:37	7.76247986	43.35082484		202.68	17.0	27.0						22.5407060185
S201500200_PROTEVS	36	C	01/22/2015	12:58:37	7.76247986	43.35082484		210.68	18.0	26.0						22.5407060185
S201500200_PROTEVS	36	C	01/22/2015	12:58:37	7.76247986	43.35082484		218.68	16.0	25.0						22.5407060185
S201500200_PROTEVS	36	C	01/22/2015	12:58:37	7.76247986	43.35082484		226.68	16.0	25.0						22.5407060185
S201500200_PROTEVS	36	C	01/22/2015	12:58:37	7.76247986	43.35082484		234.68	16.0	25.0						22.5407060185
S201500200_PROTEVS	36	C	01/22/2015	12:58:37	7.76247986	43.35082484		242.68	17.0	27.0						22.5407060185
S201500200_PROTEVS	36	C	01/22/2015	12:58:37	7.76247986	43.35082484		250.68	18.0	27.0						22.5407060185
S201500200_PROTEVS	36	C	01/22/2015	12:58:37	7.76247986	43.35082484		258.68	16.0	25.0						22.5407060185
S201500200_PROTEVS	36	C	01/22/2015	12:58:37	7.76247986	43.35082484		266.68	17.0	24.0						22.5407060185
S201500200_PROTEVS	36	C	01/22/2015	12:58:37	7.76247986	43.35082484		274.68	16.0	24.0						22.5407060185
S201500200_PROTEVS	36	C	01/22/2015	12:58:37	7.76247986	43.35082484		282.68	16.0	22.0						22.5407060185
S201500200_PROTEVS	36	C	01/22/2015	12:58:37	7.76247986	43.35082484		290.68	16.0	23.0						22.5407060185
S201500200_PROTEVS	36	C	01/22/2015	12:58:37	7.76247986	43.35082484		298.68	16.0	26.0						22.5407060185
S201500200_PROTEVS	36	C	01/22/2015	12:58:37	7.76247986	43.35082484		306.68	17.0	29.0						22.5407060185
S201500200_PROTEVS	36	C	01/22/2015	12:58:37	7.76247986	43.35082484		314.68	17.0	32.0						22.5407060185
S201500200_PROTEVS	36	C	01/22/2015	12:58:37	7.76247986	43.35082484		322.68	18.0	32.0						22.5407060185
S201500200_PROTEVS	36	C	01/22/2015	12:58:37	7.76247986	43.35082484		330.68	17.0	26.0						22.5407060185
S201500200_PROTEVS	37	C	01/22/2015	13:08:37	7.73336251	43.36491068		18.68	160.0	236.0	-26.9	-4.2	0.3	27.2	261.1	22.547650463
S201500200_PROTEVS	37	C	01/22/2015	13:08:37	7.73336251	43.36491068		26.68	142.0	238.0	-24.4	-4.7	0.7	24.8	259.1	22.547650463
S201500200_PROTEVS	37	C	01/22/2015	13:08:37	7.73336251	43.36491068		34.68	124.0	239.0	-24.4	-1.2	-1.7	24.4	267.2	22.547650463
S201500200_PROTEVS	37	C	01/22/2015	13:08:37	7.73336251	43.36491068		42.68	110.0	238.0	-24.2	-0.1	0.4	24.2	269.8	22.547650463
S201500200_PROTEVS	37	C	01/22/2015	13:08:37	7.73336251	43.36491068		50.68	100.0	240.0	-20.7	-0.1	1.3	20.7	269.7	22.547650463
S201500200_PROTEVS	37	C	01/22/2015	13:08:37	7.73336251	43.36491068		58.68	91.0	238.0	-19.8	-4.0	-0.7	20.2	258.6	22.547650463
S201500200_PROTEVS	37	C	01/22/2015	13:08:37	7.73336251	43.36491068		66.68	83.0	238.0	-13.5	-5.5	0.0	14.6	247.8	22.547650463
S201500200_PROTEVS	37	C	01/22/2015	13:08:37	7.73336251	43.36491068		74.68	78.0	239.0	-10.6	-8.6	1.4	13.6	230.9	22.547650463
S201500200_PROTEVS	37	C	01/22/2015	13:08:37	7.73336251	43.36491068		82.68	74.0	239.0	-9.5	-4.5	-0.4	10.5	244.7	22.547650463
S201500200_PROTEVS	37	C	01/22/2015	13:08:37	7.73336251	43.36491068		90.68	70.0	239.0	-10.4	-4.9	2.3	11.5	244.8	22.547650463
S201500200_PROTEVS	37	C	01/22/2015	13:08:37	7.73336251	43.36491068		98.68	64.0	237.0	-12.9	-3.3	-1.2	13.3	255.7	22.547650463
S201500200_PROTEVS	37	C	01/22/2015	13:08:37	7.73336251	43.36491068		106.68	56.0	234.0	-11.1	-4.4	1.1	11.9	248.4	22.547650463
S201500200_PROTEVS	37	C	01/22/2015	13:08:37	7.73336251	43.36491068		114.68	48.0	228.0	-12.2	-2.7	2.8	12.5	257.5	22.547650463
S201500200_PROTEVS	37	C	01/22/2015	13:08:37	7.73336251	43.36491068		122.68	41.0	220.0	-11.7	-3.9	-0.5	12.3	251.6	22.547650463
S201500200_PROTEVS	37	C	01/22/2015	13:08:37	7.73336251	43.36491068		130.68	34.0	204.0	-7.4	-3.8	0.1	8.3	242.8	22.547650463
S201500200_PROTEVS	37	C	01/22/2015	13:08:37	7.73336251	43.36491068		138.68	28.0	166.0	-7.1	-3.1	0.3	7.7	246.4	22.547650463
S201500200_PROTEVS	37	C	01/22/2015	13:08:37	7.73336251	43.36491068		146.68	23.0	120.0	-11.6	-1.1	1.8	11.7	264.6	22.547650463
S201500200_PROTEVS	37	C	01/22/2015	13:08:37	7.73336251	43.36491068		154.68	20.0	82.0	-19.2	-23.8		30.6	218.9	22.547650463
S201500200_PROTEVS	37	C	01/22/2015	13:08:37	7.73336251	43.36491068		162.68	19.0	72.0						22.547650463
S201500200_PROTEVS	37	C	01/22/2015	13:08:37	7.73336251	43.36491068		170.68	18.0	54.0						22.547650463
S201500200_PROTEVS	37	C	01/22/2015	13:08:37	7.73336251	43.36491068		178.68	19.0	45.0						22.547650463
S201500200_PROTEVS	37	C	01/22/2015	13:08:37	7.73336251	43.36491068		186.68	18.0	36.0						22.547650463
S201500200_PROTEVS	37	C	01/22/2015	13:08:37	7.73336251	43.36491068		194.68	18.0	30.0						22.547650463
S201500200_PROTEVS	37	C	01/22/2015	13:08:37	7.73336251	43.36491068		202.68	18.0	30.0						22.547650463
S201500200_PROTEVS	37	C	01/22/2015	13:08:37	7.73336251	43.36491068		210.68	17.0	27.0						22.547650463
S201500200_PROTEVS	37	C	01/22/2015	13:08:37	7.73336251	43.36491068		218.68	17.0	28.0						22.547650463
S201500200_PROTEVS	37	C	01/22/2015	13:08:37	7.73336251	43.36491068		226.68	16.0	26.0						22.547650463
S201500200_PROTEVS	37	C	01/22/2015	13:08:37	7.73336251	43.36491068		234.68	18.0	27.0						22.547650463
S201500200_PROTEVS	37	C	01/22/2015	13:08:37	7.73336251	43.36491068		242.68	17.0	27.0						22.547650463
S201500200_PROTEVS	37	C	01/22/2015	13:08:37	7.73336251	43.36491068		250.68	17.0	27.0						22.547650463
S201500200_PROTEVS	37	C	01/22/2015	13:08:37	7.73336251	43.36491068		258.68	17.0	26.0						22.547650463
S201500200_PROTEVS	37	C	01/22/2015	13:08:37	7.73336251	43.36491068		266.68	17.0	27.0						22.547650463
S201500200_PROTEVS	37	C	01/22/2015	13:08:37	7.73336251	43.36491068		274.68	16.0	27.0						22.547650463
S201500200_PROTEVS	37	C	01/22/2015	13:08:37	7.73336251	43.36491068		282.68	17.0	32.0						22.547650463
S201500200_PROTEVS	37	C	01/22/2015	13:08:37	7.73336251	43.36491068		290.68	17.0	33.0						22.547650463
S201500200_PROTEVS	37	C	01/22/2015	13:08:37	7.73336251	43.36491068		298.68	18.0	41.0						22.547650463
S201500200_PROTEVS	37	C	01/22/2015	13:08:37	7.73336251	43.36491068		306.68	18.0	42.0						22.547650463
S201500200_PROTEVS	37	C	01/22/2015	13:08:37	7.73336251	43.36491068		314.68	18.0	45.0						22.547650463
S201500200_PROTEVS	37	C	01/22/2015	13:08:37	7.73336251	43.36491068		322.68	18.0	44.0						22.547650463
S201500200_PROTEVS	37	C	01/22/2015	13:08:37	7.73336251	43.36491068		330.68	18.0	30.0						22.547650463
S201500200_PROTEVS	38	C	01/22/2015	13:18:36	7.70356706	43.37927550		18.68	156.0	237.0	-40.1	-7.0	-1.0	40.7	260.1	22.5545833333
S201500200_PROTEVS	38	C	01/22/2015	13:18:36	7.70356706	43.37927550		26.68	139.0	238.0	-28.8	-6.8	1.8	29.6	256.7	22.5545833333
S201500200_PROTEVS	38	C	01/22/2015	13:18:36	7.70356706	43.37927550		34.68	123.0	238.0	-20.3	-5.8	-1.6	21.1	254.1	22.5545833333
S201500200_PROTEVS	38	C	01/22/2015	13:18:36	7.70356706	43.37927550		42.68	110.0	239.0	-21.2	-2.1	-0.6	21.3	264.3	22.5545833333
S201500200_PROTEVS	38	C	01/22/2015	13:18:36	7.70356706	43.37927550		50.68	100.0	240.0	-17.9	-2.4	1.4	18.1	262.4	22.5545833333
S201500200_PROTEVS	38	C	01/22/2015	13:18:36	7.70356706	43.37927550		58.68	91.0	239.0	-13.8	-3.0	0.5	14.1	257.7	22.5545833333
S201500200_PROTEVS	38	C	01/22/2015	13:18:36	7.70356706	43.37927550		66.68	84.0	240.0	-11.9	-3.8	1.7	12.5	252.3	22.5545833333
S201500200_PROTEVS	38	C	01/22/2015	13:18:36	7.70356706	43.37927550		74.68	78.0	238.0	-8.9	-8.3	-1.6	12.2	227.0	22.5545833333
S201500200_PROTEVS	38	C	01/22/2015	13:18:36	7.70356706	43.37927550		82.68	74.0	238.0	-11.0	-6.5	1.4	12.8	239.4	22.5545833333
S201500200_PROTEVS	38	C	01/22/2015	13:18:36	7.70356706	43.37927550		90.68	70.0	239.0	-10.9	-9.2	0.7	14.3	229.8	22.5545833333
S201500200_PROTEVS	38	C	01/22/2015	13:18:36	7.70356706	43.37927550		98.68	64.0	236.0	-11.5	-6.3	0.7	13.1	241.3	22.5545833333
S201500200_PROTEVS	38	C	01/22/2015	13:18:36	7.70356706	43.37927550		106.68	56.0	235.0	-12.2	-4.4	-0.7	13.0	250.2	22.5545833333
S201500200_PROTEVS	38	C	01/22/2015	13:18:36	7.70356706	43.37927550		114.68	46.0	227.0	-13.9	-5.8	-0.5	15.1	247.4	22.5545833333
S201500200_PROTEVS	38	C	01/22/2015	13:18:36	7.70356706	43.37927550		122.68	39.0	214.0	-18.1	-3.4	0.4	18.4	259.4	22.5545833333
S201500200_PROTEVS	38	C	01/22/2015	13:18:36	7.70356706	43.37927550		130.68	32.0	196.0	-12.5	1.3	-1.1	12.6	275.9	22.5545833333
S201500200_PROTEVS	38	C	01/22/2015	13:18:36	7.70356706	43.37927550		138.68	28.0	163.0	-10.9	1.1	-3.7	11.0	275.8	22.5545833333
S201500200_PROTEVS	38	C	01/22/2015	13:18:36	7.70356706	43.37927550		146.68	24.0	131.0	-13.4	2.6	6.7	13.6	281.0	22.5545833333
S201500200_PROTEVS	38	C	01/22/2015	13:18:36	7.70356706	43.37927550		154.68	22.0	103.0	0.4	9.6	5.5	9.6	2.4	22.5545833333
S201500200_PROTEVS	38	C	01/22/2015	13:18:36	7.70356706	43.37927550		162.68	19.0	73.0						22.5545833333
S201500200_PROTEVS	38	C	01/22/2015	13:18:36	7.70356706	43.37927550		170.68	18.0	51.0						22.5545833333
S201500200_PROTEVS	38	C	01/22/2015	13:18:36	7.70356706	43.37927550		178.68	18.0	43.0						22.5545833333
S201500200_PROTEVS	38	C	01/22/2015	13:18:36	7.70356706	43.37927550		186.68	17.0	35.0						22.5545833333
S201500200_PROTEVS	38	C	01/22/2015	13:18:36	7.70356706	43.37927550		194.68	18.0	29.0						22.5545833333
S201500200_PROTEVS	38	C	01/22/2015	13:18:36	7.70356706	43.37927550		202.68	18.0	28.0						22.5545833333
S201500200_PROTEVS	38	C	01/22/2015	13:18:36	7.70356706	43.37927550		210.68	17.0	29.0						22.5545833333
S201500200_PROTEVS	38	C	01/22/2015	13:18:36	7.70356706	43.37927550		218.68	16.0	28.0						22.5545833333
S201500200_PROTEVS	38	C	01/22/2015	13:18:36	7.70356706	43.37927550		226.68	18.0	28.0						22.5545833333
S201500200_PROTEVS	38	C	01/22/2015	13:18:36	7.70356706	43.37927550		234.68	17.0	27.0						22.5545833333
S201500200_PROTEVS	38	C	01/22/2015	13:18:36	7.70356706	43.37927550		242.68	16.0	31.0						22.5545833333
S201500200_PROTEVS	38	C	01/22/2015	13:18:36	7.70356706	43.37927550		250.68	17.0	28.0						22.5545833333
S201500200_PROTEVS	38	C	01/22/2015	13:18:36	7.70356706	43.37927550		258.68	17.0	28.0						22.5545833333
S201500200_PROTEVS	38	C	01/22/2015	13:18:36	7.70356706	43.37927550		266.68	16.0	28.0						22.5545833333
S201500200_PROTEVS	38	C	01/22/2015	13:18:36	7.70356706	43.37927550		274.68	16.0	30.0						22.5545833333
S201500200_PROTEVS	38	C	01/22/2015	13:18:36	7.70356706	43.37927550		282.68	18.0	34.0						22.5545833333
S201500200_PROTEVS	38	C	01/22/2015	13:18:36	7.70356706	43.37927550		290.68	18.0	38.0						22.5545833333
S201500200_PROTEVS	38	C	01/22/2015	13:18:36	7.70356706	43.37927550		298.68	17.0	43.0						22.5545833333
S201500200_PROTEVS	38	C	01/22/2015	13:18:36	7.70356706	43.37927550		306.68	18.0	50.0						22.5545833333
S201500200_PROTEVS	38	C	01/22/2015	13:18:36	7.70356706	43.37927550		314.68	18.0	48.0						22.5545833333
S201500200_PROTEVS	38	C	01/22/2015	13:18:36	7.70356706	43.37927550		322.68	18.0	45.0						22.5545833333
S201500200_PROTEVS	38	C	01/22/2015	13:18:36	7.70356706	43.37927550		330.68	18.0	33.0						22.5545833333
S201500200_PROTEVS	39	C	01/22/2015	13:28:37	7.67395837	43.39429432		18.68	157.0	237.0	-38.6	-4.8	2.3	38.9	262.9	22.5615393519
S201500200_PROTEVS	39	C	01/22/2015	13:28:37	7.67395837	43.39429432		26.68	142.0	239.0	-36.6	-1.7	2.3	36.6	267.3	22.5615393519
S201500200_PROTEVS	39	C	01/22/2015	13:28:37	7.67395837	43.39429432		34.68	128.0	238.0	-32.3	-1.8	1.7	32.4	266.8	22.5615393519
S201500200_PROTEVS	39	C	01/22/2015	13:28:37	7.67395837	43.39429432		42.68	116.0	239.0	-26.0	1.3	-0.4	26.0	272.9	22.5615393519
S201500200_PROTEVS	39	C	01/22/2015	13:28:37	7.67395837	43.39429432		50.68	106.0	238.0	-16.4	2.2	-0.2	16.5	277.6	22.5615393519
S201500200_PROTEVS	39	C	01/22/2015	13:28:37	7.67395837	43.39429432		58.68	92.0	238.0	-10.2	-2.9	2.3	10.6	254.1	22.5615393519
S201500200_PROTEVS	39	C	01/22/2015	13:28:37	7.67395837	43.39429432		66.68	85.0	240.0	-6.2	-8.3	0.0	10.4	216.8	22.5615393519
S201500200_PROTEVS	39	C	01/22/2015	13:28:37	7.67395837	43.39429432		74.68	81.0	240.0	-9.1	-12.2	-1.1	15.2	216.7	22.5615393519
S201500200_PROTEVS	39	C	01/22/2015	13:28:37	7.67395837	43.39429432		82.68	77.0	239.0	-9.9	-12.0	0.7	15.6	219.5	22.5615393519
S201500200_PROTEVS	39	C	01/22/2015	13:28:37	7.67395837	43.39429432		90.68	72.0	238.0	-6.3	-6.7	1.1	9.2	223.2	22.5615393519
S201500200_PROTEVS	39	C	01/22/2015	13:28:37	7.67395837	43.39429432		98.68	64.0	238.0	-8.1	-8.7	1.9	11.9	223.0	22.5615393519
S201500200_PROTEVS	39	C	01/22/2015	13:28:37	7.67395837	43.39429432		106.68	56.0	234.0	-7.9	-8.3	2.4	11.5	223.6	22.5615393519
S201500200_PROTEVS	39	C	01/22/2015	13:28:37	7.67395837	43.39429432		114.68	47.0	227.0	-12.1	-11.8	2.0	16.9	225.7	22.5615393519
S201500200_PROTEVS	39	C	01/22/2015	13:28:37	7.67395837	43.39429432		122.68	38.0	209.0	-12.6	-13.8	0.8	18.7	222.4	22.5615393519
S201500200_PROTEVS	39	C	01/22/2015	13:28:37	7.67395837	43.39429432		130.68	30.0	175.0	-14.1	-8.0	-1.5	16.2	240.4	22.5615393519
S201500200_PROTEVS	39	C	01/22/2015	13:28:37	7.67395837	43.39429432		138.68	24.0	139.0	-13.9	-1.7	6.4	14.0	263.0	22.5615393519
S201500200_PROTEVS	39	C	01/22/2015	13:28:37	7.67395837	43.39429432		146.68	22.0	110.0	-11.5	-6.4	9.2	13.2	240.9	22.5615393519
S201500200_PROTEVS	39	C	01/22/2015	13:28:37	7.67395837	43.39429432		154.68	20.0	88.0	-30.6	3.2		30.8	276.0	22.5615393519
S201500200_PROTEVS	39	C	01/22/2015	13:28:37	7.67395837	43.39429432		162.68	20.0	74.0						22.5615393519
S201500200_PROTEVS	39	C	01/22/2015	13:28:37	7.67395837	43.39429432		170.68	19.0	57.0						22.5615393519
S201500200_PROTEVS	39	C	01/22/2015	13:28:37	7.67395837	43.39429432		178.68	18.0	48.0						22.5615393519
S201500200_PROTEVS	39	C	01/22/2015	13:28:37	7.67395837	43.39429432		186.68	18.0	44.0						22.5615393519
S201500200_PROTEVS	39	C	01/22/2015	13:28:37	7.67395837	43.39429432		194.68	18.0	38.0						22.5615393519
S201500200_PROTEVS	39	C	01/22/2015	13:28:37	7.67395837	43.39429432		202.68	17.0	32.0						22.5615393519
S201500200_PROTEVS	39	C	01/22/2015	13:28:37	7.67395837	43.39429432		210.68	17.0	29.0						22.5615393519
S201500200_PROTEVS	39	C	01/22/2015	13:28:37	7.67395837	43.39429432		218.68	16.0	28.0						22.5615393519
S201500200_PROTEVS	39	C	01/22/2015	13:28:37	7.67395837	43.39429432		226.68	17.0	27.0						22.5615393519
S201500200_PROTEVS	39	C	01/22/2015	13:28:37	7.67395837	43.39429432		234.68	17.0	27.0						22.5615393519
S201500200_PROTEVS	39	C	01/22/2015	13:28:37	7.67395837	43.39429432		242.68	16.0	30.0						22.5615393519
S201500200_PROTEVS	39	C	01/22/2015	13:28:37	7.67395837	43.39429432		250.68	17.0	29.0						22.5615393519
S201500200_PROTEVS	39	C	01/22/2015	13:28:37	7.67395837	43.39429432		258.68	17.0	33.0						22.5615393519
S201500200_PROTEVS	39	C	01/22/2015	13:28:37	7.67395837	43.39429432		266.68	17.0	30.0						22.5615393519
S201500200_PROTEVS	39	C	01/22/2015	13:28:37	7.67395837	43.39429432		274.68	17.0	37.0						22.5615393519
S201500200_PROTEVS	39	C	01/22/2015	13:28:37	7.67395837	43.39429432		282.68	18.0	46.0						22.5615393519
S201500200_PROTEVS	39	C	01/22/2015	13:28:37	7.67395837	43.39429432		290.68	18.0	49.0						22.5615393519
S201500200_PROTEVS	39	C	01/22/2015	13:28:37	7.67395837	43.39429432		298.68	18.0	54.0						22.5615393519
S201500200_PROTEVS	39	C	01/22/2015	13:28:37	7.67395837	43.39429432		306.68	18.0	56.0						22.5615393519
S201500200_PROTEVS	39	C	01/22/2015	13:28:37	7.67395837	43.39429432		314.68	18.0	54.0						22.5615393519
S201500200_PROTEVS	39	C	01/22/2015	13:28:37	7.67395837	43.39429432		322.68	17.0	50.0						22.5615393519
S201500200_PROTEVS	39	C	01/22/2015	13:28:37	7.67395837	43.39429432		330.68	17.0	38.0						22.5615393519
S201500200_PROTEVS	40	C	01/22/2015	13:38:30	7.64441686	43.40979593		18.68	154.0	235.0	-35.6	2.6	-0.2	35.7	274.2	22.5684027778
S201500200_PROTEVS	40	C	01/22/2015	13:38:30	7.64441686	43.40979593		26.68	136.0	237.0	-34.1	5.7	-0.1	34.6	279.5	22.5684027778
S201500200_PROTEVS	40	C	01/22/2015	13:38:30	7.64441686	43.40979593		34.68	118.0	238.0	-29.0	4.0	-1.0	29.3	277.9	22.5684027778
S201500200_PROTEVS	40	C	01/22/2015	13:38:30	7.64441686	43.40979593		42.68	108.0	239.0	-22.6	3.7	2.7	22.9	279.3	22.5684027778
S201500200_PROTEVS	40	C	01/22/2015	13:38:30	7.64441686	43.40979593		50.68	97.0	238.0	-17.7	1.1	1.1	17.7	273.6	22.5684027778
S201500200_PROTEVS	40	C	01/22/2015	13:38:30	7.64441686	43.40979593		58.68	91.0	240.0	-9.5	-6.7	2.1	11.6	234.8	22.5684027778
S201500200_PROTEVS	40	C	01/22/2015	13:38:30	7.64441686	43.40979593		66.68	87.0	238.0	-9.9	-11.6	1.3	15.3	220.5	22.5684027778
S201500200_PROTEVS	40	C	01/22/2015	13:38:30	7.64441686	43.40979593		74.68	82.0	240.0	-16.0	-10.8	0.8	19.3	236.0	22.5684027778
S201500200_PROTEVS	40	C	01/22/2015	13:38:30	7.64441686	43.40979593		82.68	78.0	240.0	-17.5	-11.1	-1.4	20.7	237.6	22.5684027778
S201500200_PROTEVS	40	C	01/22/2015	13:38:30	7.64441686	43.40979593		90.68	72.0	238.0	-10.9	-6.4	-0.2	12.6	239.6	22.5684027778
S201500200_PROTEVS	40	C	01/22/2015	13:38:30	7.64441686	43.40979593		98.68	65.0	238.0	-10.6	-9.1	1.5	14.0	229.4	22.5684027778
S201500200_PROTEVS	40	C	01/22/2015	13:38:30	7.64441686	43.40979593		106.68	56.0	234.0	-8.0	-5.5	-0.2	9.7	235.5	22.5684027778
S201500200_PROTEVS	40	C	01/22/2015	13:38:30	7.64441686	43.40979593		114.68	47.0	227.0	-10.2	-6.9	2.9	12.3	235.9	22.5684027778
S201500200_PROTEVS	40	C	01/22/2015	13:38:30	7.64441686	43.40979593		122.68	40.0	220.0	-12.6	-10.4	1.7	16.3	230.5	22.5684027778
S201500200_PROTEVS	40	C	01/22/2015	13:38:30	7.64441686	43.40979593		130.68	34.0	196.0	-10.8	-11.7	2.1	15.9	222.7	22.5684027778
S201500200_PROTEVS	40	C	01/22/2015	13:38:30	7.64441686	43.40979593		138.68	26.0	153.0	-11.1	-7.4	-4.0	13.3	236.3	22.5684027778
S201500200_PROTEVS	40	C	01/22/2015	13:38:30	7.64441686	43.40979593		146.68	22.0	114.0	-18.3	-6.7	-6.1	19.5	249.9	22.5684027778
S201500200_PROTEVS	40	C	01/22/2015	13:38:30	7.64441686	43.40979593		154.68	20.0	86.0	-23.9	-13.9		27.6	239.8	22.5684027778
S201500200_PROTEVS	40	C	01/22/2015	13:38:30	7.64441686	43.40979593		162.68	19.0	64.0						22.5684027778
S201500200_PROTEVS	40	C	01/22/2015	13:38:30	7.64441686	43.40979593		170.68	18.0	52.0						22.5684027778
S201500200_PROTEVS	40	C	01/22/2015	13:38:30	7.64441686	43.40979593		178.68	17.0	47.0						22.5684027778
S201500200_PROTEVS	40	C	01/22/2015	13:38:30	7.64441686	43.40979593		186.68	18.0	42.0						22.5684027778
S201500200_PROTEVS	40	C	01/22/2015	13:38:30	7.64441686	43.40979593		194.68	17.0	40.0						22.5684027778
S201500200_PROTEVS	40	C	01/22/2015	13:38:30	7.64441686	43.40979593		202.68	17.0	36.0						22.5684027778
S201500200_PROTEVS	40	C	01/22/2015	13:38:30	7.64441686	43.40979593		210.68	17.0	28.0						22.5684027778
S201500200_PROTEVS	40	C	01/22/2015	13:38:30	7.64441686	43.40979593		218.68	17.0	24.0						22.5684027778
S201500200_PROTEVS	40	C	01/22/2015	13:38:30	7.64441686	43.40979593		226.68	17.0	24.0						22.5684027778
S201500200_PROTEVS	40	C	01/22/2015	13:38:30	7.64441686	43.40979593		234.68	17.0	23.0						22.5684027778
S201500200_PROTEVS	40	C	01/22/2015	13:38:30	7.64441686	43.40979593		242.68	16.0	24.0						22.5684027778
S201500200_PROTEVS	40	C	01/22/2015	13:38:30	7.64441686	43.40979593		250.68	16.0	27.0						22.5684027778
S201500200_PROTEVS	40	C	01/22/2015	13:38:30	7.64441686	43.40979593		258.68	16.0	27.0						22.5684027778
S201500200_PROTEVS	40	C	01/22/2015	13:38:30	7.64441686	43.40979593		266.68	17.0	31.0						22.5684027778
S201500200_PROTEVS	40	C	01/22/2015	13:38:30	7.64441686	43.40979593		274.68	18.0	39.0						22.5684027778
S201500200_PROTEVS	40	C	01/22/2015	13:38:30	7.64441686	43.40979593		282.68	18.0	44.0						22.5684027778
S201500200_PROTEVS	40	C	01/22/2015	13:38:30	7.64441686	43.40979593		290.68	18.0	49.0						22.5684027778
S201500200_PROTEVS	40	C	01/22/2015	13:38:30	7.64441686	43.40979593		298.68	18.0	55.0						22.5684027778
S201500200_PROTEVS	40	C	01/22/2015	13:38:30	7.64441686	43.40979593		306.68	18.0	55.0						22.5684027778
S201500200_PROTEVS	40	C	01/22/2015	13:38:30	7.64441686	43.40979593		314.68	18.0	50.0						22.5684027778
S201500200_PROTEVS	40	C	01/22/2015	13:38:30	7.64441686	43.40979593		322.68	18.0	48.0						22.5684027778
S201500200_PROTEVS	40	C	01/22/2015	13:38:30	7.64441686	43.40979593		330.68	18.0	32.0						22.5684027778
S201500200_PROTEVS	41	C	01/22/2015	13:48:38	7.61408468	43.42464875		18.68	150.0	232.0	-38.2	7.9	0.0	39.0	281.7	22.5754398148
S201500200_PROTEVS	41	C	01/22/2015	13:48:38	7.61408468	43.42464875		26.68	132.0	237.0	-32.8	5.0	1.1	33.2	278.7	22.5754398148
S201500200_PROTEVS	41	C	01/22/2015	13:48:38	7.61408468	43.42464875		34.68	118.0	238.0	-27.8	0.4	0.5	27.8	270.8	22.5754398148
S201500200_PROTEVS	41	C	01/22/2015	13:48:38	7.61408468	43.42464875		42.68	109.0	239.0	-23.4	-4.8	0.0	23.9	258.4	22.5754398148
S201500200_PROTEVS	41	C	01/22/2015	13:48:38	7.61408468	43.42464875		50.68	100.0	238.0	-17.4	-8.7	-0.8	19.5	243.4	22.5754398148
S201500200_PROTEVS	41	C	01/22/2015	13:48:38	7.61408468	43.42464875		58.68	92.0	238.0	-10.9	-6.0	-0.9	12.4	241.2	22.5754398148
S201500200_PROTEVS	41	C	01/22/2015	13:48:38	7.61408468	43.42464875		66.68	86.0	238.0	-8.6	-10.9	-0.3	13.9	218.3	22.5754398148
S201500200_PROTEVS	41	C	01/22/2015	13:48:38	7.61408468	43.42464875		74.68	82.0	239.0	-9.6	-12.3	0.3	15.6	218.0	22.5754398148
S201500200_PROTEVS	41	C	01/22/2015	13:48:38	7.61408468	43.42464875		82.68	78.0	239.0	-11.0	-12.5	0.4	16.7	221.3	22.5754398148
S201500200_PROTEVS	41	C	01/22/2015	13:48:38	7.61408468	43.42464875		90.68	73.0	239.0	-10.2	-8.3	-1.2	13.2	230.9	22.5754398148
S201500200_PROTEVS	41	C	01/22/2015	13:48:38	7.61408468	43.42464875		98.68	63.0	237.0	-8.7	-7.2	1.4	11.3	230.4	22.5754398148
S201500200_PROTEVS	41	C	01/22/2015	13:48:38	7.61408468	43.42464875		106.68	56.0	236.0	-10.0	-6.1	0.2	11.7	238.6	22.5754398148
S201500200_PROTEVS	41	C	01/22/2015	13:48:38	7.61408468	43.42464875		114.68	48.0	230.0	-12.3	-5.9	1.3	13.6	244.4	22.5754398148
S201500200_PROTEVS	41	C	01/22/2015	13:48:38	7.61408468	43.42464875		122.68	43.0	222.0	-15.3	-8.5	-0.6	17.5	240.9	22.5754398148
S201500200_PROTEVS	41	C	01/22/2015	13:48:38	7.61408468	43.42464875		130.68	35.0	204.0	-14.4	-6.8	-0.6	15.9	244.7	22.5754398148
S201500200_PROTEVS	41	C	01/22/2015	13:48:38	7.61408468	43.42464875		138.68	28.0	166.0	-12.2	-4.9	0.9	13.1	248.1	22.5754398148
S201500200_PROTEVS	41	C	01/22/2015	13:48:38	7.61408468	43.42464875		146.68	24.0	132.0	-12.8	0.5	0.3	12.8	272.2	22.5754398148
S201500200_PROTEVS	41	C	01/22/2015	13:48:38	7.61408468	43.42464875		154.68	21.0	96.0	-23.2	10.9		25.6	295.2	22.5754398148
S201500200_PROTEVS	41	C	01/22/2015	13:48:38	7.61408468	43.42464875		162.68	19.0	74.0						22.5754398148
S201500200_PROTEVS	41	C	01/22/2015	13:48:38	7.61408468	43.42464875		170.68	18.0	55.0						22.5754398148
S201500200_PROTEVS	41	C	01/22/2015	13:48:38	7.61408468	43.42464875		178.68	18.0	48.0						22.5754398148
S201500200_PROTEVS	41	C	01/22/2015	13:48:38	7.61408468	43.42464875		186.68	18.0	46.0						22.5754398148
S201500200_PROTEVS	41	C	01/22/2015	13:48:38	7.61408468	43.42464875		194.68	18.0	42.0						22.5754398148
S201500200_PROTEVS	41	C	01/22/2015	13:48:38	7.61408468	43.42464875		202.68	18.0	43.0						22.5754398148
S201500200_PROTEVS	41	C	01/22/2015	13:48:38	7.61408468	43.42464875		210.68	18.0	36.0						22.5754398148
S201500200_PROTEVS	41	C	01/22/2015	13:48:38	7.61408468	43.42464875		218.68	18.0	33.0						22.5754398148
S201500200_PROTEVS	41	C	01/22/2015	13:48:38	7.61408468	43.42464875		226.68	17.0	34.0						22.5754398148
S201500200_PROTEVS	41	C	01/22/2015	13:48:38	7.61408468	43.42464875		234.68	17.0	34.0						22.5754398148
S201500200_PROTEVS	41	C	01/22/2015	13:48:38	7.61408468	43.42464875		242.68	18.0	40.0						22.5754398148
S201500200_PROTEVS	41	C	01/22/2015	13:48:38	7.61408468	43.42464875		250.68	18.0	45.0						22.5754398148
S201500200_PROTEVS	41	C	01/22/2015	13:48:38	7.61408468	43.42464875		258.68	18.0	54.0						22.5754398148
S201500200_PROTEVS	41	C	01/22/2015	13:48:38	7.61408468	43.42464875		266.68	20.0	62.0						22.5754398148
S201500200_PROTEVS	41	C	01/22/2015	13:48:38	7.61408468	43.42464875		274.68	20.0	73.0	-47.3	-34.6		58.6	233.8	22.5754398148
S201500200_PROTEVS	41	C	01/22/2015	13:48:38	7.61408468	43.42464875		282.68	20.0	76.0						22.5754398148
S201500200_PROTEVS	41	C	01/22/2015	13:48:38	7.61408468	43.42464875		290.68	20.0	75.0						22.5754398148
S201500200_PROTEVS	41	C	01/22/2015	13:48:38	7.61408468	43.42464875		298.68	19.0	68.0						22.5754398148
S201500200_PROTEVS	41	C	01/22/2015	13:48:38	7.61408468	43.42464875		306.68	19.0	56.0						22.5754398148
S201500200_PROTEVS	41	C	01/22/2015	13:48:38	7.61408468	43.42464875		314.68	18.0	50.0						22.5754398148
S201500200_PROTEVS	41	C	01/22/2015	13:48:38	7.61408468	43.42464875		322.68	18.0	42.0						22.5754398148
S201500200_PROTEVS	41	C	01/22/2015	13:48:38	7.61408468	43.42464875		330.68	18.0	29.0						22.5754398148
S201500200_PROTEVS	42	C	01/22/2015	13:58:34	7.58314258	43.43867368		18.68	149.0	233.0	-41.2	6.2	-0.6	41.7	278.6	22.582337963
S201500200_PROTEVS	42	C	01/22/2015	13:58:34	7.58314258	43.43867368		26.68	134.0	238.0	-36.4	3.7	-0.2	36.6	275.8	22.582337963
S201500200_PROTEVS	42	C	01/22/2015	13:58:34	7.58314258	43.43867368		34.68	120.0	238.0	-31.4	-1.7	-0.4	31.4	266.9	22.582337963
S201500200_PROTEVS	42	C	01/22/2015	13:58:34	7.58314258	43.43867368		42.68	112.0	238.0	-23.7	-2.2	1.1	23.8	264.7	22.582337963
S201500200_PROTEVS	42	C	01/22/2015	13:58:34	7.58314258	43.43867368		50.68	105.0	238.0	-17.8	-2.6	-0.1	18.0	261.7	22.582337963
S201500200_PROTEVS	42	C	01/22/2015	13:58:34	7.58314258	43.43867368		58.68	97.0	238.0	-13.6	-3.2	-1.0	14.0	256.8	22.582337963
S201500200_PROTEVS	42	C	01/22/2015	13:58:34	7.58314258	43.43867368		66.68	90.0	238.0	-10.3	-3.4	-0.5	10.8	251.7	22.582337963
S201500200_PROTEVS	42	C	01/22/2015	13:58:34	7.58314258	43.43867368		74.68	84.0	239.0	-9.2	-6.1	-0.8	11.0	236.5	22.582337963
S201500200_PROTEVS	42	C	01/22/2015	13:58:34	7.58314258	43.43867368		82.68	79.0	238.0	-7.9	-5.8	1.7	9.8	233.7	22.582337963
S201500200_PROTEVS	42	C	01/22/2015	13:58:34	7.58314258	43.43867368		90.68	72.0	239.0	-9.4	-6.3	0.5	11.3	236.2	22.582337963
S201500200_PROTEVS	42	C	01/22/2015	13:58:34	7.58314258	43.43867368		98.68	64.0	236.0	-6.4	-4.5	1.5	7.8	234.9	22.582337963
S201500200_PROTEVS	42	C	01/22/2015	13:58:34	7.58314258	43.43867368		106.68	56.0	234.0	-6.6	-4.3	1.7	7.9	236.9	22.582337963
S201500200_PROTEVS	42	C	01/22/2015	13:58:34	7.58314258	43.43867368		114.68	48.0	229.0	-5.5	-9.1	1.6	10.6	211.1	22.582337963
S201500200_PROTEVS	42	C	01/22/2015	13:58:34	7.58314258	43.43867368		122.68	40.0	216.0	-13.1	-2.6	-0.9	13.4	258.8	22.582337963
S201500200_PROTEVS	42	C	01/22/2015	13:58:34	7.58314258	43.43867368		130.68	33.0	194.0	-16.0	-5.6	-0.7	17.0	250.7	22.582337963
S201500200_PROTEVS	42	C	01/22/2015	13:58:34	7.58314258	43.43867368		138.68	28.0	166.0	-14.0	-4.1	0.8	14.6	253.7	22.582337963
S201500200_PROTEVS	42	C	01/22/2015	13:58:34	7.58314258	43.43867368		146.68	23.0	132.0	-10.6	-7.9	0.0	13.2	233.3	22.582337963
S201500200_PROTEVS	42	C	01/22/2015	13:58:34	7.58314258	43.43867368		154.68	22.0	105.0	-12.1	3.5	-1.2	12.6	286.1	22.582337963
S201500200_PROTEVS	42	C	01/22/2015	13:58:34	7.58314258	43.43867368		162.68	20.0	79.0						22.582337963
S201500200_PROTEVS	42	C	01/22/2015	13:58:34	7.58314258	43.43867368		170.68	20.0	63.0						22.582337963
S201500200_PROTEVS	42	C	01/22/2015	13:58:34	7.58314258	43.43867368		178.68	19.0	53.0						22.582337963
S201500200_PROTEVS	42	C	01/22/2015	13:58:34	7.58314258	43.43867368		186.68	19.0	50.0						22.582337963
S201500200_PROTEVS	42	C	01/22/2015	13:58:34	7.58314258	43.43867368		194.68	19.0	49.0						22.582337963
S201500200_PROTEVS	42	C	01/22/2015	13:58:34	7.58314258	43.43867368		202.68	18.0	50.0						22.582337963
S201500200_PROTEVS	42	C	01/22/2015	13:58:34	7.58314258	43.43867368		210.68	18.0	51.0						22.582337963
S201500200_PROTEVS	42	C	01/22/2015	13:58:34	7.58314258	43.43867368		218.68	18.0	47.0						22.582337963
S201500200_PROTEVS	42	C	01/22/2015	13:58:34	7.58314258	43.43867368		226.68	18.0	48.0						22.582337963
S201500200_PROTEVS	42	C	01/22/2015	13:58:34	7.58314258	43.43867368		234.68	19.0	55.0						22.582337963
S201500200_PROTEVS	42	C	01/22/2015	13:58:34	7.58314258	43.43867368		242.68	19.0	62.0						22.582337963
S201500200_PROTEVS	42	C	01/22/2015	13:58:34	7.58314258	43.43867368		250.68	18.0	70.0						22.582337963
S201500200_PROTEVS	42	C	01/22/2015	13:58:34	7.58314258	43.43867368		258.68	20.0	83.0						22.582337963
S201500200_PROTEVS	42	C	01/22/2015	13:58:34	7.58314258	43.43867368		266.68	20.0	97.0	-5.9	-19.4		20.3	196.9	22.582337963
S201500200_PROTEVS	42	C	01/22/2015	13:58:34	7.58314258	43.43867368		274.68	22.0	104.0	-6.1	-20.9		21.8	196.3	22.582337963
S201500200_PROTEVS	42	C	01/22/2015	13:58:34	7.58314258	43.43867368		282.68	21.0	99.0	7.7	-18.1		19.7	157.0	22.582337963
S201500200_PROTEVS	42	C	01/22/2015	13:58:34	7.58314258	43.43867368		290.68	20.0	88.0	25.9	-8.2		27.2	107.6	22.582337963
S201500200_PROTEVS	42	C	01/22/2015	13:58:34	7.58314258	43.43867368		298.68	19.0	71.0						22.582337963
S201500200_PROTEVS	42	C	01/22/2015	13:58:34	7.58314258	43.43867368		306.68	18.0	56.0						22.582337963
S201500200_PROTEVS	42	C	01/22/2015	13:58:34	7.58314258	43.43867368		314.68	18.0	46.0						22.582337963
S201500200_PROTEVS	42	C	01/22/2015	13:58:34	7.58314258	43.43867368		322.68	18.0	44.0						22.582337963
S201500200_PROTEVS	42	C	01/22/2015	13:58:34	7.58314258	43.43867368		330.68	18.0	31.0						22.582337963
S201500200_PROTEVS	43	C	01/22/2015	14:08:30	7.55250799	43.45343749		18.68	149.0	233.0	-35.9	7.4	1.8	36.7	281.6	22.5892361111
S201500200_PROTEVS	43	C	01/22/2015	14:08:30	7.55250799	43.45343749		26.68	134.0	237.0	-31.6	2.3	1.2	31.7	274.2	22.5892361111
S201500200_PROTEVS	43	C	01/22/2015	14:08:30	7.55250799	43.45343749		34.68	121.0	238.0	-27.2	-2.8	0.9	27.3	264.1	22.5892361111
S201500200_PROTEVS	43	C	01/22/2015	14:08:30	7.55250799	43.45343749		42.68	111.0	238.0	-21.6	-5.4	1.6	22.3	256.0	22.5892361111
S201500200_PROTEVS	43	C	01/22/2015	14:08:30	7.55250799	43.45343749		50.68	106.0	239.0	-16.2	-1.3	0.9	16.3	265.4	22.5892361111
S201500200_PROTEVS	43	C	01/22/2015	14:08:30	7.55250799	43.45343749		58.68	99.0	239.0	-12.3	1.7	1.0	12.4	277.9	22.5892361111
S201500200_PROTEVS	43	C	01/22/2015	14:08:30	7.55250799	43.45343749		66.68	94.0	239.0	-10.8	2.3	-0.1	11.0	282.0	22.5892361111
S201500200_PROTEVS	43	C	01/22/2015	14:08:30	7.55250799	43.45343749		74.68	87.0	239.0	-8.2	-0.2	-0.5	8.2	268.6	22.5892361111
S201500200_PROTEVS	43	C	01/22/2015	14:08:30	7.55250799	43.45343749		82.68	80.0	238.0	-7.4	-0.5	-0.8	7.4	266.1	22.5892361111
S201500200_PROTEVS	43	C	01/22/2015	14:08:30	7.55250799	43.45343749		90.68	77.0	239.0	-7.2	-3.5	2.0	8.0	244.1	22.5892361111
S201500200_PROTEVS	43	C	01/22/2015	14:08:30	7.55250799	43.45343749		98.68	68.0	237.0	-7.5	-7.1	2.7	10.3	226.6	22.5892361111
S201500200_PROTEVS	43	C	01/22/2015	14:08:30	7.55250799	43.45343749		106.68	58.0	235.0	-7.7	-9.3	1.7	12.1	219.6	22.5892361111
S201500200_PROTEVS	43	C	01/22/2015	14:08:30	7.55250799	43.45343749		114.68	49.0	229.0	-7.1	-8.6	0.8	11.2	219.5	22.5892361111
S201500200_PROTEVS	43	C	01/22/2015	14:08:30	7.55250799	43.45343749		122.68	42.0	219.0	-14.2	-6.7	-0.5	15.7	244.7	22.5892361111
S201500200_PROTEVS	43	C	01/22/2015	14:08:30	7.55250799	43.45343749		130.68	33.0	189.0	-13.1	-8.0	1.3	15.3	238.6	22.5892361111
S201500200_PROTEVS	43	C	01/22/2015	14:08:30	7.55250799	43.45343749		138.68	26.0	155.0	-16.2	-7.5	-1.7	17.9	245.2	22.5892361111
S201500200_PROTEVS	43	C	01/22/2015	14:08:30	7.55250799	43.45343749		146.68	23.0	128.0	-17.0	-9.5	0.8	19.5	240.8	22.5892361111
S201500200_PROTEVS	43	C	01/22/2015	14:08:30	7.55250799	43.45343749		154.68	21.0	108.0	-17.3	-7.8	5.4	19.0	245.7	22.5892361111
S201500200_PROTEVS	43	C	01/22/2015	14:08:30	7.55250799	43.45343749		162.68	19.0	84.0	-1.9	27.9		28.0	356.1	22.5892361111
S201500200_PROTEVS	43	C	01/22/2015	14:08:30	7.55250799	43.45343749		170.68	20.0	76.0						22.5892361111
S201500200_PROTEVS	43	C	01/22/2015	14:08:30	7.55250799	43.45343749		178.68	19.0	74.0						22.5892361111
S201500200_PROTEVS	43	C	01/22/2015	14:08:30	7.55250799	43.45343749		186.68	19.0	66.0						22.5892361111
S201500200_PROTEVS	43	C	01/22/2015	14:08:30	7.55250799	43.45343749		194.68	19.0	69.0						22.5892361111
S201500200_PROTEVS	43	C	01/22/2015	14:08:30	7.55250799	43.45343749		202.68	20.0	78.0	-43.5	-38.7		58.2	228.3	22.5892361111
S201500200_PROTEVS	43	C	01/22/2015	14:08:30	7.55250799	43.45343749		210.68	19.0	70.0	-111.8	-9.7		112.2	265.0	22.5892361111
S201500200_PROTEVS	43	C	01/22/2015	14:08:30	7.55250799	43.45343749		218.68	18.0	62.0						22.5892361111
S201500200_PROTEVS	43	C	01/22/2015	14:08:30	7.55250799	43.45343749		226.68	18.0	60.0						22.5892361111
S201500200_PROTEVS	43	C	01/22/2015	14:08:30	7.55250799	43.45343749		234.68	18.0	63.0						22.5892361111
S201500200_PROTEVS	43	C	01/22/2015	14:08:30	7.55250799	43.45343749		242.68	20.0	76.0						22.5892361111
S201500200_PROTEVS	43	C	01/22/2015	14:08:30	7.55250799	43.45343749		250.68	20.0	90.0	-6.6	4.0		7.7	301.2	22.5892361111
S201500200_PROTEVS	43	C	01/22/2015	14:08:30	7.55250799	43.45343749		258.68	20.0	100.0	8.3	11.3		14.0	36.3	22.5892361111
S201500200_PROTEVS	43	C	01/22/2015	14:08:30	7.55250799	43.45343749		266.68	21.0	109.0	1.4	-3.4	-29.1	3.7	157.6	22.5892361111
S201500200_PROTEVS	43	C	01/22/2015	14:08:30	7.55250799	43.45343749		274.68	21.0	105.0	3.4	-10.3	10.0	10.8	161.7	22.5892361111
S201500200_PROTEVS	43	C	01/22/2015	14:08:30	7.55250799	43.45343749		282.68	20.0	92.0	-18.9	30.6		36.0	328.3	22.5892361111
S201500200_PROTEVS	43	C	01/22/2015	14:08:30	7.55250799	43.45343749		290.68	19.0	75.0						22.5892361111
S201500200_PROTEVS	43	C	01/22/2015	14:08:30	7.55250799	43.45343749		298.68	19.0	57.0						22.5892361111
S201500200_PROTEVS	43	C	01/22/2015	14:08:30	7.55250799	43.45343749		306.68	17.0	47.0						22.5892361111
S201500200_PROTEVS	43	C	01/22/2015	14:08:30	7.55250799	43.45343749		314.68	18.0	38.0						22.5892361111
S201500200_PROTEVS	43	C	01/22/2015	14:08:30	7.55250799	43.45343749		322.68	17.0	34.0						22.5892361111
S201500200_PROTEVS	43	C	01/22/2015	14:08:30	7.55250799	43.45343749		330.68	18.0	26.0						22.5892361111
S201500200_PROTEVS	44	C	01/22/2015	14:18:32	7.52254067	43.46873370		18.68	151.0	236.0	-27.3	7.0	0.7	28.2	284.4	22.5962037037
S201500200_PROTEVS	44	C	01/22/2015	14:18:32	7.52254067	43.46873370		26.68	131.0	238.0	-28.5	6.5	-0.4	29.2	282.8	22.5962037037
S201500200_PROTEVS	44	C	01/22/2015	14:18:32	7.52254067	43.46873370		34.68	121.0	238.0	-27.6	6.1	-0.8	28.3	282.5	22.5962037037
S201500200_PROTEVS	44	C	01/22/2015	14:18:32	7.52254067	43.46873370		42.68	112.0	239.0	-26.2	3.0	-0.1	26.4	276.5	22.5962037037
S201500200_PROTEVS	44	C	01/22/2015	14:18:32	7.52254067	43.46873370		50.68	104.0	238.0	-20.3	1.1	0.3	20.3	273.1	22.5962037037
S201500200_PROTEVS	44	C	01/22/2015	14:18:32	7.52254067	43.46873370		58.68	98.0	238.0	-13.1	2.7	-0.3	13.4	281.6	22.5962037037
S201500200_PROTEVS	44	C	01/22/2015	14:18:32	7.52254067	43.46873370		66.68	94.0	239.0	-11.9	6.9	1.3	13.8	300.1	22.5962037037
S201500200_PROTEVS	44	C	01/22/2015	14:18:32	7.52254067	43.46873370		74.68	88.0	240.0	-9.0	3.2	-0.5	9.6	289.6	22.5962037037
S201500200_PROTEVS	44	C	01/22/2015	14:18:32	7.52254067	43.46873370		82.68	84.0	239.0	-8.5	-0.2	-0.4	8.5	268.7	22.5962037037
S201500200_PROTEVS	44	C	01/22/2015	14:18:32	7.52254067	43.46873370		90.68	80.0	239.0	-7.5	1.4	0.4	7.6	280.6	22.5962037037
S201500200_PROTEVS	44	C	01/22/2015	14:18:32	7.52254067	43.46873370		98.68	74.0	238.0	-8.2	-2.7	0.0	8.6	251.8	22.5962037037
S201500200_PROTEVS	44	C	01/22/2015	14:18:32	7.52254067	43.46873370		106.68	64.0	236.0	-6.2	-7.2	0.0	9.5	220.7	22.5962037037
S201500200_PROTEVS	44	C	01/22/2015	14:18:32	7.52254067	43.46873370		114.68	54.0	230.0	-7.4	-7.5	0.5	10.5	224.6	22.5962037037
S201500200_PROTEVS	44	C	01/22/2015	14:18:32	7.52254067	43.46873370		122.68	45.0	224.0	-12.0	-8.8	0.9	14.9	233.7	22.5962037037
S201500200_PROTEVS	44	C	01/22/2015	14:18:32	7.52254067	43.46873370		130.68	35.0	198.0	-14.4	-6.0	1.1	15.6	247.4	22.5962037037
S201500200_PROTEVS	44	C	01/22/2015	14:18:32	7.52254067	43.46873370		138.68	27.0	163.0	-16.9	-1.9	1.1	17.0	263.6	22.5962037037
S201500200_PROTEVS	44	C	01/22/2015	14:18:32	7.52254067	43.46873370		146.68	23.0	134.0	-13.6	3.9	1.3	14.1	286.0	22.5962037037
S201500200_PROTEVS	44	C	01/22/2015	14:18:32	7.52254067	43.46873370		154.68	22.0	118.0	-12.1	0.9	-11.0	12.1	274.3	22.5962037037
S201500200_PROTEVS	44	C	01/22/2015	14:18:32	7.52254067	43.46873370		162.68	20.0	96.0	-19.1	-23.6		30.4	219.0	22.5962037037
S201500200_PROTEVS	44	C	01/22/2015	14:18:32	7.52254067	43.46873370		170.68	20.0	86.0	-19.9	-16.2		25.7	230.9	22.5962037037
S201500200_PROTEVS	44	C	01/22/2015	14:18:32	7.52254067	43.46873370		178.68	20.0	81.0						22.5962037037
S201500200_PROTEVS	44	C	01/22/2015	14:18:32	7.52254067	43.46873370		186.68	19.0	71.0						22.5962037037
S201500200_PROTEVS	44	C	01/22/2015	14:18:32	7.52254067	43.46873370		194.68	19.0	66.0	-11.9	-29.3		31.6	202.1	22.5962037037
S201500200_PROTEVS	44	C	01/22/2015	14:18:32	7.52254067	43.46873370		202.68	19.0	69.0	9.3	-12.7		15.7	143.8	22.5962037037
S201500200_PROTEVS	44	C	01/22/2015	14:18:32	7.52254067	43.46873370		210.68	19.0	70.0	-17.8	-41.3		45.0	203.3	22.5962037037
S201500200_PROTEVS	44	C	01/22/2015	14:18:32	7.52254067	43.46873370		218.68	19.0	70.0						22.5962037037
S201500200_PROTEVS	44	C	01/22/2015	14:18:32	7.52254067	43.46873370		226.68	18.0	67.0	-32.4	-8.9		33.6	254.6	22.5962037037
S201500200_PROTEVS	44	C	01/22/2015	14:18:32	7.52254067	43.46873370		234.68	19.0	65.0						22.5962037037
S201500200_PROTEVS	44	C	01/22/2015	14:18:32	7.52254067	43.46873370		242.68	18.0	70.0						22.5962037037
S201500200_PROTEVS	44	C	01/22/2015	14:18:32	7.52254067	43.46873370		250.68	21.0	87.0	-12.0	2.2		12.2	280.4	22.5962037037
S201500200_PROTEVS	44	C	01/22/2015	14:18:32	7.52254067	43.46873370		258.68	21.0	110.0	-5.4	-28.7		29.2	190.7	22.5962037037
S201500200_PROTEVS	44	C	01/22/2015	14:18:32	7.52254067	43.46873370		266.68	22.0	118.0	3.1	-4.3	-10.3	5.3	144.2	22.5962037037
S201500200_PROTEVS	44	C	01/22/2015	14:18:32	7.52254067	43.46873370		274.68	22.0	115.0	-0.8	-13.9	-4.5	13.9	183.3	22.5962037037
S201500200_PROTEVS	44	C	01/22/2015	14:18:32	7.52254067	43.46873370		282.68	20.0	102.0	4.4	-13.2		13.9	161.6	22.5962037037
S201500200_PROTEVS	44	C	01/22/2015	14:18:32	7.52254067	43.46873370		290.68	19.0	87.0						22.5962037037
S201500200_PROTEVS	44	C	01/22/2015	14:18:32	7.52254067	43.46873370		298.68	18.0	66.0						22.5962037037
S201500200_PROTEVS	44	C	01/22/2015	14:18:32	7.52254067	43.46873370		306.68	18.0	51.0						22.5962037037
S201500200_PROTEVS	44	C	01/22/2015	14:18:32	7.52254067	43.46873370		314.68	18.0	41.0						22.5962037037
S201500200_PROTEVS	44	C	01/22/2015	14:18:32	7.52254067	43.46873370		322.68	17.0	36.0						22.5962037037
S201500200_PROTEVS	44	C	01/22/2015	14:18:32	7.52254067	43.46873370		330.68	17.0	26.0						22.5962037037
S201500200_PROTEVS	45	C	01/22/2015	14:28:33	7.49273953	43.48391392		18.68	152.0	238.0	-20.3	10.0	-1.0	22.6	296.2	22.6031597222
S201500200_PROTEVS	45	C	01/22/2015	14:28:33	7.49273953	43.48391392		26.68	136.0	240.0	-19.0	6.7	0.2	20.1	289.4	22.6031597222
S201500200_PROTEVS	45	C	01/22/2015	14:28:33	7.49273953	43.48391392		34.68	124.0	240.0	-21.2	7.0	2.4	22.3	288.3	22.6031597222
S201500200_PROTEVS	45	C	01/22/2015	14:28:33	7.49273953	43.48391392		42.68	115.0	240.0	-21.8	6.9	-0.2	22.9	287.6	22.6031597222
S201500200_PROTEVS	45	C	01/22/2015	14:28:33	7.49273953	43.48391392		50.68	108.0	239.0	-23.4	6.0	0.2	24.2	284.4	22.6031597222
S201500200_PROTEVS	45	C	01/22/2015	14:28:33	7.49273953	43.48391392		58.68	102.0	240.0	-22.1	3.9	-0.3	22.4	280.0	22.6031597222
S201500200_PROTEVS	45	C	01/22/2015	14:28:33	7.49273953	43.48391392		66.68	96.0	240.0	-23.8	2.0	0.2	23.9	274.8	22.6031597222
S201500200_PROTEVS	45	C	01/22/2015	14:28:33	7.49273953	43.48391392		74.68	91.0	240.0	-21.3	0.2	2.3	21.3	270.5	22.6031597222
S201500200_PROTEVS	45	C	01/22/2015	14:28:33	7.49273953	43.48391392		82.68	86.0	238.0	-17.3	-0.1	0.2	17.3	269.7	22.6031597222
S201500200_PROTEVS	45	C	01/22/2015	14:28:33	7.49273953	43.48391392		90.68	81.0	240.0	-12.2	-6.0	1.5	13.6	243.8	22.6031597222
S201500200_PROTEVS	45	C	01/22/2015	14:28:33	7.49273953	43.48391392		98.68	72.0	238.0	-11.0	-6.7	-1.5	12.9	238.7	22.6031597222
S201500200_PROTEVS	45	C	01/22/2015	14:28:33	7.49273953	43.48391392		106.68	59.0	235.0	-7.4	-5.5	1.5	9.2	233.4	22.6031597222
S201500200_PROTEVS	45	C	01/22/2015	14:28:33	7.49273953	43.48391392		114.68	46.0	228.0	-12.7	-5.7	-0.9	13.9	245.8	22.6031597222
S201500200_PROTEVS	45	C	01/22/2015	14:28:33	7.49273953	43.48391392		122.68	38.0	212.0	-14.3	-3.4	-0.2	14.7	256.6	22.6031597222
S201500200_PROTEVS	45	C	01/22/2015	14:28:33	7.49273953	43.48391392		130.68	32.0	190.0	-16.5	-2.3	-1.2	16.7	262.1	22.6031597222
S201500200_PROTEVS	45	C	01/22/2015	14:28:33	7.49273953	43.48391392		138.68	27.0	162.0	-12.4	0.0	-1.9	12.4	270.0	22.6031597222
S201500200_PROTEVS	45	C	01/22/2015	14:28:33	7.49273953	43.48391392		146.68	24.0	139.0	-19.3	3.0	-4.9	19.5	278.8	22.6031597222
S201500200_PROTEVS	45	C	01/22/2015	14:28:33	7.49273953	43.48391392		154.68	22.0	122.0	-16.2	-6.9	-3.8	17.6	246.9	22.6031597222
S201500200_PROTEVS	45	C	01/22/2015	14:28:33	7.49273953	43.48391392		162.68	21.0	108.0	-13.4	9.6	-1.9	16.5	305.6	22.6031597222
S201500200_PROTEVS	45	C	01/22/2015	14:28:33	7.49273953	43.48391392		170.68	20.0	86.0	-1.3	51.7		51.7	358.6	22.6031597222
S201500200_PROTEVS	45	C	01/22/2015	14:28:33	7.49273953	43.48391392		178.68	18.0	80.0						22.6031597222
S201500200_PROTEVS	45	C	01/22/2015	14:28:33	7.49273953	43.48391392		186.68	19.0	70.0	6.6	11.5		13.3	29.9	22.6031597222
S201500200_PROTEVS	45	C	01/22/2015	14:28:33	7.49273953	43.48391392		194.68	18.0	66.0						22.6031597222
S201500200_PROTEVS	45	C	01/22/2015	14:28:33	7.49273953	43.48391392		202.68	19.0	80.0	-25.9	18.8	-35.1	32.0	306.0	22.6031597222
S201500200_PROTEVS	45	C	01/22/2015	14:28:33	7.49273953	43.48391392		210.68	20.0	92.0	-23.9	0.6		23.9	271.4	22.6031597222
S201500200_PROTEVS	45	C	01/22/2015	14:28:33	7.49273953	43.48391392		218.68	20.0	94.0	-15.2	2.6		15.4	279.7	22.6031597222
S201500200_PROTEVS	45	C	01/22/2015	14:28:33	7.49273953	43.48391392		226.68	20.0	86.0	-34.1	0.3		34.1	270.5	22.6031597222
S201500200_PROTEVS	45	C	01/22/2015	14:28:33	7.49273953	43.48391392		234.68	20.0	92.0	-3.3	-9.3		9.9	199.5	22.6031597222
S201500200_PROTEVS	45	C	01/22/2015	14:28:33	7.49273953	43.48391392		242.68	21.0	112.0	0.2	12.0	-16.0	12.0	1.0	22.6031597222
S201500200_PROTEVS	45	C	01/22/2015	14:28:33	7.49273953	43.48391392		250.68	22.0	132.0	-6.8	-5.3	7.4	8.6	232.1	22.6031597222
S201500200_PROTEVS	45	C	01/22/2015	14:28:33	7.49273953	43.48391392		258.68	24.0	137.0	-0.9	-0.1	2.1	0.9	263.7	22.6031597222
S201500200_PROTEVS	45	C	01/22/2015	14:28:33	7.49273953	43.48391392		266.68	23.0	133.0	6.3	-5.5	7.9	8.4	131.1	22.6031597222
S201500200_PROTEVS	45	C	01/22/2015	14:28:33	7.49273953	43.48391392		274.68	22.0	120.0	2.7	-3.0	2.5	4.0	138.0	22.6031597222
S201500200_PROTEVS	45	C	01/22/2015	14:28:33	7.49273953	43.48391392		282.68	20.0	100.0	8.0	-8.2		11.5	135.7	22.6031597222
S201500200_PROTEVS	45	C	01/22/2015	14:28:33	7.49273953	43.48391392		290.68	19.0	80.0						22.6031597222
S201500200_PROTEVS	45	C	01/22/2015	14:28:33	7.49273953	43.48391392		298.68	18.0	62.0						22.6031597222
S201500200_PROTEVS	45	C	01/22/2015	14:28:33	7.49273953	43.48391392		306.68	18.0	50.0						22.6031597222
S201500200_PROTEVS	45	C	01/22/2015	14:28:33	7.49273953	43.48391392		314.68	17.0	41.0						22.6031597222
S201500200_PROTEVS	45	C	01/22/2015	14:28:33	7.49273953	43.48391392		322.68	17.0	34.0						22.6031597222
S201500200_PROTEVS	45	C	01/22/2015	14:28:33	7.49273953	43.48391392		330.68	17.0	28.0						22.6031597222
S201500200_PROTEVS	46	C	01/22/2015	14:38:34	7.46305586	43.49903307		18.68	151.0	238.0	-22.4	3.6	0.3	22.7	279.1	22.6101157407
S201500200_PROTEVS	46	C	01/22/2015	14:38:34	7.46305586	43.49903307		26.68	136.0	240.0	-24.8	4.1	0.0	25.1	279.4	22.6101157407
S201500200_PROTEVS	46	C	01/22/2015	14:38:34	7.46305586	43.49903307		34.68	124.0	240.0	-21.0	2.0	0.8	21.1	275.4	22.6101157407
S201500200_PROTEVS	46	C	01/22/2015	14:38:34	7.46305586	43.49903307		42.68	115.0	240.0	-21.7	2.1	-0.4	21.8	275.5	22.6101157407
S201500200_PROTEVS	46	C	01/22/2015	14:38:34	7.46305586	43.49903307		50.68	106.0	240.0	-22.4	1.0	0.6	22.4	272.6	22.6101157407
S201500200_PROTEVS	46	C	01/22/2015	14:38:34	7.46305586	43.49903307		58.68	101.0	239.0	-23.6	0.4	0.5	23.6	271.0	22.6101157407
S201500200_PROTEVS	46	C	01/22/2015	14:38:34	7.46305586	43.49903307		66.68	96.0	240.0	-22.2	-0.3	-0.2	22.2	269.2	22.6101157407
S201500200_PROTEVS	46	C	01/22/2015	14:38:34	7.46305586	43.49903307		74.68	92.0	240.0	-21.1	-0.5	1.2	21.1	268.6	22.6101157407
S201500200_PROTEVS	46	C	01/22/2015	14:38:34	7.46305586	43.49903307		82.68	87.0	240.0	-19.3	-1.3	1.2	19.3	266.1	22.6101157407
S201500200_PROTEVS	46	C	01/22/2015	14:38:34	7.46305586	43.49903307		90.68	82.0	240.0	-20.9	-7.0	0.8	22.0	251.5	22.6101157407
S201500200_PROTEVS	46	C	01/22/2015	14:38:34	7.46305586	43.49903307		98.68	75.0	239.0	-15.5	-7.7	-0.8	17.3	243.6	22.6101157407
S201500200_PROTEVS	46	C	01/22/2015	14:38:34	7.46305586	43.49903307		106.68	63.0	237.0	-11.1	-9.0	2.7	14.3	231.0	22.6101157407
S201500200_PROTEVS	46	C	01/22/2015	14:38:34	7.46305586	43.49903307		114.68	50.0	229.0	-10.9	-7.4	-0.8	13.2	235.8	22.6101157407
S201500200_PROTEVS	46	C	01/22/2015	14:38:34	7.46305586	43.49903307		122.68	40.0	216.0	-12.4	-4.9	1.2	13.3	248.4	22.6101157407
S201500200_PROTEVS	46	C	01/22/2015	14:38:34	7.46305586	43.49903307		130.68	32.0	194.0	-10.7	-3.5	4.6	11.3	251.9	22.6101157407
S201500200_PROTEVS	46	C	01/22/2015	14:38:34	7.46305586	43.49903307		138.68	28.0	166.0	-16.0	-5.3	-2.8	16.9	251.7	22.6101157407
S201500200_PROTEVS	46	C	01/22/2015	14:38:34	7.46305586	43.49903307		146.68	24.0	134.0	-16.9	-4.0	-4.2	17.4	256.7	22.6101157407
S201500200_PROTEVS	46	C	01/22/2015	14:38:34	7.46305586	43.49903307		154.68	21.0	112.0	-27.2	-12.7	-9.0	30.0	245.0	22.6101157407
S201500200_PROTEVS	46	C	01/22/2015	14:38:34	7.46305586	43.49903307		162.68	20.0	97.0	-26.9	1.1	-30.2	26.9	272.3	22.6101157407
S201500200_PROTEVS	46	C	01/22/2015	14:38:34	7.46305586	43.49903307		170.68	20.0	88.0	-18.0	4.8		18.6	284.9	22.6101157407
S201500200_PROTEVS	46	C	01/22/2015	14:38:34	7.46305586	43.49903307		178.68	20.0	89.0	-7.9	7.1		10.6	311.9	22.6101157407
S201500200_PROTEVS	46	C	01/22/2015	14:38:34	7.46305586	43.49903307		186.68	20.0	94.0	-0.2	-1.1		1.1	190.3	22.6101157407
S201500200_PROTEVS	46	C	01/22/2015	14:38:34	7.46305586	43.49903307		194.68	20.0	97.0	-24.3	1.4		24.3	273.3	22.6101157407
S201500200_PROTEVS	46	C	01/22/2015	14:38:34	7.46305586	43.49903307		202.68	21.0	110.0	1.0	-10.3	-30.3	10.3	174.5	22.6101157407
S201500200_PROTEVS	46	C	01/22/2015	14:38:34	7.46305586	43.49903307		210.68	21.0	116.0	-2.6	-6.6	9.8	7.1	201.5	22.6101157407
S201500200_PROTEVS	46	C	01/22/2015	14:38:34	7.46305586	43.49903307		218.68	22.0	124.0	-9.5	-3.3	0.5	10.1	250.8	22.6101157407
S201500200_PROTEVS	46	C	01/22/2015	14:38:34	7.46305586	43.49903307		226.68	24.0	141.0	-4.4	-0.9	4.8	4.5	258.4	22.6101157407
S201500200_PROTEVS	46	C	01/22/2015	14:38:34	7.46305586	43.49903307		234.68	26.0	159.0	-8.6	-6.0	-0.6	10.5	235.1	22.6101157407
S201500200_PROTEVS	46	C	01/22/2015	14:38:34	7.46305586	43.49903307		242.68	27.0	170.0	-8.6	-4.4	2.4	9.7	242.9	22.6101157407
S201500200_PROTEVS	46	C	01/22/2015	14:38:34	7.46305586	43.49903307		250.68	27.0	167.0	-5.6	-8.2	-1.5	9.9	214.3	22.6101157407
S201500200_PROTEVS	46	C	01/22/2015	14:38:34	7.46305586	43.49903307		258.68	25.0	156.0	-0.8	-4.9	-1.1	5.0	189.3	22.6101157407
S201500200_PROTEVS	46	C	01/22/2015	14:38:34	7.46305586	43.49903307		266.68	23.0	134.0	-1.7	-3.7	-2.0	4.1	204.7	22.6101157407
S201500200_PROTEVS	46	C	01/22/2015	14:38:34	7.46305586	43.49903307		274.68	20.0	107.0	-6.6	-1.3		6.7	258.9	22.6101157407
S201500200_PROTEVS	46	C	01/22/2015	14:38:34	7.46305586	43.49903307		282.68	19.0	83.0	1.7	-13.9		14.0	173.0	22.6101157407
S201500200_PROTEVS	46	C	01/22/2015	14:38:34	7.46305586	43.49903307		290.68	18.0	58.0						22.6101157407
S201500200_PROTEVS	46	C	01/22/2015	14:38:34	7.46305586	43.49903307		298.68	17.0	43.0						22.6101157407
S201500200_PROTEVS	46	C	01/22/2015	14:38:34	7.46305586	43.49903307		306.68	17.0	38.0						22.6101157407
S201500200_PROTEVS	46	C	01/22/2015	14:38:34	7.46305586	43.49903307		314.68	17.0	40.0						22.6101157407
S201500200_PROTEVS	46	C	01/22/2015	14:38:34	7.46305586	43.49903307		322.68	18.0	44.0						22.6101157407
S201500200_PROTEVS	46	C	01/22/2015	14:38:34	7.46305586	43.49903307		330.68	18.0	38.0						22.6101157407
S201500200_PROTEVS	47	C	01/22/2015	14:48:30	7.43310392	43.51363908		18.68	146.0	237.0	-22.9	-0.1	-0.9	22.9	269.7	22.6170138889
S201500200_PROTEVS	47	C	01/22/2015	14:48:30	7.43310392	43.51363908		26.68	132.0	240.0	-20.0	1.1	0.7	20.0	273.1	22.6170138889
S201500200_PROTEVS	47	C	01/22/2015	14:48:30	7.43310392	43.51363908		34.68	121.0	240.0	-21.2	0.1	0.2	21.2	270.3	22.6170138889
S201500200_PROTEVS	47	C	01/22/2015	14:48:30	7.43310392	43.51363908		42.68	113.0	240.0	-20.4	-1.4	2.0	20.4	266.1	22.6170138889
S201500200_PROTEVS	47	C	01/22/2015	14:48:30	7.43310392	43.51363908		50.68	106.0	240.0	-18.9	-2.3	-0.1	19.0	263.1	22.6170138889
S201500200_PROTEVS	47	C	01/22/2015	14:48:30	7.43310392	43.51363908		58.68	100.0	240.0	-15.9	-1.8	0.3	16.0	263.5	22.6170138889
S201500200_PROTEVS	47	C	01/22/2015	14:48:30	7.43310392	43.51363908		66.68	95.0	239.0	-18.8	1.0	0.9	18.8	273.0	22.6170138889
S201500200_PROTEVS	47	C	01/22/2015	14:48:30	7.43310392	43.51363908		74.68	92.0	240.0	-18.0	0.5	0.0	18.0	271.6	22.6170138889
S201500200_PROTEVS	47	C	01/22/2015	14:48:30	7.43310392	43.51363908		82.68	88.0	240.0	-17.5	-3.5	2.1	17.8	258.7	22.6170138889
S201500200_PROTEVS	47	C	01/22/2015	14:48:30	7.43310392	43.51363908		90.68	84.0	239.0	-17.0	-6.1	2.8	18.1	250.3	22.6170138889
S201500200_PROTEVS	47	C	01/22/2015	14:48:30	7.43310392	43.51363908		98.68	77.0	239.0	-18.4	-8.6	1.0	20.3	244.9	22.6170138889
S201500200_PROTEVS	47	C	01/22/2015	14:48:30	7.43310392	43.51363908		106.68	66.0	238.0	-18.5	-8.4	0.0	20.3	245.6	22.6170138889
S201500200_PROTEVS	47	C	01/22/2015	14:48:30	7.43310392	43.51363908		114.68	53.0	232.0	-16.4	-5.9	0.2	17.4	250.2	22.6170138889
S201500200_PROTEVS	47	C	01/22/2015	14:48:30	7.43310392	43.51363908		122.68	42.0	218.0	-9.9	-4.5	1.1	10.9	245.6	22.6170138889
S201500200_PROTEVS	47	C	01/22/2015	14:48:30	7.43310392	43.51363908		130.68	33.0	193.0	-10.2	-4.8	1.4	11.3	244.8	22.6170138889
S201500200_PROTEVS	47	C	01/22/2015	14:48:30	7.43310392	43.51363908		138.68	27.0	162.0	-15.2	-7.4	2.1	16.9	244.0	22.6170138889
S201500200_PROTEVS	47	C	01/22/2015	14:48:30	7.43310392	43.51363908		146.68	24.0	131.0	-9.2	-9.0	-0.8	12.9	225.6	22.6170138889
S201500200_PROTEVS	47	C	01/22/2015	14:48:30	7.43310392	43.51363908		154.68	22.0	113.0	-2.8	-10.5	0.0	10.9	194.9	22.6170138889
S201500200_PROTEVS	47	C	01/22/2015	14:48:30	7.43310392	43.51363908		162.68	21.0	102.0	0.7	-13.6	4.4	13.6	177.1	22.6170138889
S201500200_PROTEVS	47	C	01/22/2015	14:48:30	7.43310392	43.51363908		170.68	20.0	95.0	-15.9	-22.8		27.8	214.9	22.6170138889
S201500200_PROTEVS	47	C	01/22/2015	14:48:30	7.43310392	43.51363908		178.68	20.0	98.0	12.6	-20.4		24.0	148.3	22.6170138889
S201500200_PROTEVS	47	C	01/22/2015	14:48:30	7.43310392	43.51363908		186.68	22.0	106.0	-13.5	-3.4	7.1	13.9	255.9	22.6170138889
S201500200_PROTEVS	47	C	01/22/2015	14:48:30	7.43310392	43.51363908		194.68	22.0	122.0	-15.5	-1.7	1.3	15.6	263.7	22.6170138889
S201500200_PROTEVS	47	C	01/22/2015	14:48:30	7.43310392	43.51363908		202.68	22.0	130.0	-12.5	-2.9	1.1	12.8	256.9	22.6170138889
S201500200_PROTEVS	47	C	01/22/2015	14:48:30	7.43310392	43.51363908		210.68	23.0	134.0	-5.0	-7.0	-7.2	8.6	215.5	22.6170138889
S201500200_PROTEVS	47	C	01/22/2015	14:48:30	7.43310392	43.51363908		218.68	24.0	145.0	-12.4	-3.6	6.4	12.9	253.8	22.6170138889
S201500200_PROTEVS	47	C	01/22/2015	14:48:30	7.43310392	43.51363908		226.68	26.0	160.0	-4.9	-5.8	-1.6	7.6	220.2	22.6170138889
S201500200_PROTEVS	47	C	01/22/2015	14:48:30	7.43310392	43.51363908		234.68	27.0	170.0	-4.6	-0.4	2.4	4.6	265.0	22.6170138889
S201500200_PROTEVS	47	C	01/22/2015	14:48:30	7.43310392	43.51363908		242.68	27.0	168.0	-9.5	-5.5	0.1	11.0	239.9	22.6170138889
S201500200_PROTEVS	47	C	01/22/2015	14:48:30	7.43310392	43.51363908		250.68	25.0	158.0	-9.0	-5.2	0.4	10.4	240.0	22.6170138889
S201500200_PROTEVS	47	C	01/22/2015	14:48:30	7.43310392	43.51363908		258.68	24.0	142.0	-4.0	-2.7	2.1	4.8	236.0	22.6170138889
S201500200_PROTEVS	47	C	01/22/2015	14:48:30	7.43310392	43.51363908		266.68	22.0	119.0	1.3	1.0	-8.9	1.6	52.4	22.6170138889
S201500200_PROTEVS	47	C	01/22/2015	14:48:30	7.43310392	43.51363908		274.68	20.0	92.0	-18.4	-18.0		25.7	225.6	22.6170138889
S201500200_PROTEVS	47	C	01/22/2015	14:48:30	7.43310392	43.51363908		282.68	18.0	60.0						22.6170138889
S201500200_PROTEVS	47	C	01/22/2015	14:48:30	7.43310392	43.51363908		290.68	17.0	42.0						22.6170138889
S201500200_PROTEVS	47	C	01/22/2015	14:48:30	7.43310392	43.51363908		298.68	17.0	39.0						22.6170138889
S201500200_PROTEVS	47	C	01/22/2015	14:48:30	7.43310392	43.51363908		306.68	17.0	42.0						22.6170138889
S201500200_PROTEVS	47	C	01/22/2015	14:48:30	7.43310392	43.51363908		314.68	18.0	48.0						22.6170138889
S201500200_PROTEVS	47	C	01/22/2015	14:48:30	7.43310392	43.51363908		322.68	18.0	57.0						22.6170138889
S201500200_PROTEVS	47	C	01/22/2015	14:48:30	7.43310392	43.51363908		330.68	18.0	44.0						22.6170138889
S201500200_PROTEVS	48	C	01/22/2015	14:58:30	7.40277883	43.52795366		18.68	148.0	238.0	-19.8	-3.9	-1.7	20.2	258.9	22.6239583333
S201500200_PROTEVS	48	C	01/22/2015	14:58:30	7.40277883	43.52795366		26.68	132.0	240.0	-17.0	-2.1	2.4	17.1	263.0	22.6239583333
S201500200_PROTEVS	48	C	01/22/2015	14:58:30	7.40277883	43.52795366		34.68	122.0	240.0	-18.3	-4.3	0.9	18.8	256.8	22.6239583333
S201500200_PROTEVS	48	C	01/22/2015	14:58:30	7.40277883	43.52795366		42.68	114.0	240.0	-19.9	-5.2	1.5	20.6	255.4	22.6239583333
S201500200_PROTEVS	48	C	01/22/2015	14:58:30	7.40277883	43.52795366		50.68	107.0	240.0	-18.5	-4.6	3.0	19.1	256.0	22.6239583333
S201500200_PROTEVS	48	C	01/22/2015	14:58:30	7.40277883	43.52795366		58.68	101.0	240.0	-18.0	-5.2	0.7	18.7	253.9	22.6239583333
S201500200_PROTEVS	48	C	01/22/2015	14:58:30	7.40277883	43.52795366		66.68	96.0	240.0	-18.9	-4.0	0.4	19.3	258.1	22.6239583333
S201500200_PROTEVS	48	C	01/22/2015	14:58:30	7.40277883	43.52795366		74.68	93.0	240.0	-17.9	-3.3	1.0	18.2	259.6	22.6239583333
S201500200_PROTEVS	48	C	01/22/2015	14:58:30	7.40277883	43.52795366		82.68	89.0	239.0	-16.1	-4.4	2.4	16.7	254.7	22.6239583333
S201500200_PROTEVS	48	C	01/22/2015	14:58:30	7.40277883	43.52795366		90.68	86.0	239.0	-13.7	-8.4	1.1	16.1	238.5	22.6239583333
S201500200_PROTEVS	48	C	01/22/2015	14:58:30	7.40277883	43.52795366		98.68	79.0	239.0	-13.2	-12.7	1.4	18.3	226.1	22.6239583333
S201500200_PROTEVS	48	C	01/22/2015	14:58:30	7.40277883	43.52795366		106.68	69.0	237.0	-17.4	-10.6	-0.3	20.4	238.7	22.6239583333
S201500200_PROTEVS	48	C	01/22/2015	14:58:30	7.40277883	43.52795366		114.68	58.0	234.0	-17.3	-6.1	-0.2	18.3	250.6	22.6239583333
S201500200_PROTEVS	48	C	01/22/2015	14:58:30	7.40277883	43.52795366		122.68	45.0	224.0	-10.3	-0.8	-0.3	10.3	265.6	22.6239583333
S201500200_PROTEVS	48	C	01/22/2015	14:58:30	7.40277883	43.52795366		130.68	36.0	202.0	-11.1	-3.7	1.8	11.7	251.6	22.6239583333
S201500200_PROTEVS	48	C	01/22/2015	14:58:30	7.40277883	43.52795366		138.68	28.0	172.0	-7.1	-4.2	-0.1	8.2	239.4	22.6239583333
S201500200_PROTEVS	48	C	01/22/2015	14:58:30	7.40277883	43.52795366		146.68	25.0	142.0	-15.0	-7.7	1.0	16.9	242.8	22.6239583333
S201500200_PROTEVS	48	C	01/22/2015	14:58:30	7.40277883	43.52795366		154.68	23.0	128.0	-4.2	-4.1	12.6	5.9	225.7	22.6239583333
S201500200_PROTEVS	48	C	01/22/2015	14:58:30	7.40277883	43.52795366		162.68	23.0	127.0	-19.5	-1.2	-2.5	19.5	266.5	22.6239583333
S201500200_PROTEVS	48	C	01/22/2015	14:58:30	7.40277883	43.52795366		170.68	23.0	128.0	-13.3	8.3	2.7	15.7	302.0	22.6239583333
S201500200_PROTEVS	48	C	01/22/2015	14:58:30	7.40277883	43.52795366		178.68	24.0	140.0	-16.7	4.6	1.4	17.3	285.4	22.6239583333
S201500200_PROTEVS	48	C	01/22/2015	14:58:30	7.40277883	43.52795366		186.68	25.0	154.0	-8.5	-6.3	-4.6	10.6	233.5	22.6239583333
S201500200_PROTEVS	48	C	01/22/2015	14:58:30	7.40277883	43.52795366		194.68	25.0	152.0	-10.7	-6.2	0.8	12.4	239.9	22.6239583333
S201500200_PROTEVS	48	C	01/22/2015	14:58:30	7.40277883	43.52795366		202.68	24.0	146.0	-15.0	-7.4	0.1	16.7	243.7	22.6239583333
S201500200_PROTEVS	48	C	01/22/2015	14:58:30	7.40277883	43.52795366		210.68	24.0	150.0	-6.8	-5.2	0.6	8.6	232.6	22.6239583333
S201500200_PROTEVS	48	C	01/22/2015	14:58:30	7.40277883	43.52795366		218.68	25.0	155.0	-8.9	-8.3	-4.0	12.2	227.0	22.6239583333
S201500200_PROTEVS	48	C	01/22/2015	14:58:30	7.40277883	43.52795366		226.68	26.0	160.0	-11.5	-10.6	-4.5	15.6	227.3	22.6239583333
S201500200_PROTEVS	48	C	01/22/2015	14:58:30	7.40277883	43.52795366		234.68	26.0	163.0	-9.7	-7.2	0.9	12.1	233.4	22.6239583333
S201500200_PROTEVS	48	C	01/22/2015	14:58:30	7.40277883	43.52795366		242.68	26.0	162.0	-6.4	-8.6	-2.7	10.7	216.7	22.6239583333
S201500200_PROTEVS	48	C	01/22/2015	14:58:30	7.40277883	43.52795366		250.68	25.0	155.0	-8.5	-6.3	2.3	10.6	233.5	22.6239583333
S201500200_PROTEVS	48	C	01/22/2015	14:58:30	7.40277883	43.52795366		258.68	23.0	137.0	-2.5	-4.3	1.8	5.0	210.2	22.6239583333
S201500200_PROTEVS	48	C	01/22/2015	14:58:30	7.40277883	43.52795366		266.68	21.0	106.0	-3.8	6.3	12.2	7.4	328.9	22.6239583333
S201500200_PROTEVS	48	C	01/22/2015	14:58:30	7.40277883	43.52795366		274.68	19.0	80.0						22.6239583333
S201500200_PROTEVS	48	C	01/22/2015	14:58:30	7.40277883	43.52795366		282.68	18.0	61.0						22.6239583333
S201500200_PROTEVS	48	C	01/22/2015	14:58:30	7.40277883	43.52795366		290.68	18.0	55.0						22.6239583333
S201500200_PROTEVS	48	C	01/22/2015	14:58:30	7.40277883	43.52795366		298.68	18.0	66.0						22.6239583333
S201500200_PROTEVS	48	C	01/22/2015	14:58:30	7.40277883	43.52795366		306.68	19.0	76.0						22.6239583333
S201500200_PROTEVS	48	C	01/22/2015	14:58:30	7.40277883	43.52795366		314.68	19.0	78.0	-25.9	-18.8		32.0	234.0	22.6239583333
S201500200_PROTEVS	48	C	01/22/2015	14:58:30	7.40277883	43.52795366		322.68	20.0	83.0	-1.2	-14.0	6.7	14.1	184.9	22.6239583333
S201500200_PROTEVS	48	C	01/22/2015	14:58:30	7.40277883	43.52795366		330.68	20.0	60.0						22.6239583333
S201500200_PROTEVS	49	C	01/22/2015	15:08:34	7.37290869	43.54255267		18.68	148.0	239.0	-20.4	-4.3	2.0	20.8	258.1	22.6309490741
S201500200_PROTEVS	49	C	01/22/2015	15:08:34	7.37290869	43.54255267		26.68	133.0	239.0	-19.3	-3.3	-0.3	19.6	260.3	22.6309490741
S201500200_PROTEVS	49	C	01/22/2015	15:08:34	7.37290869	43.54255267		34.68	122.0	239.0	-19.5	-2.8	1.1	19.7	261.8	22.6309490741
S201500200_PROTEVS	49	C	01/22/2015	15:08:34	7.37290869	43.54255267		42.68	114.0	238.0	-17.2	-3.6	1.9	17.6	258.2	22.6309490741
S201500200_PROTEVS	49	C	01/22/2015	15:08:34	7.37290869	43.54255267		50.68	106.0	236.0	-17.7	0.0	1.4	17.7	270.0	22.6309490741
S201500200_PROTEVS	49	C	01/22/2015	15:08:34	7.37290869	43.54255267		58.68	102.0	236.0	-19.5	0.0	1.0	19.5	270.0	22.6309490741
S201500200_PROTEVS	49	C	01/22/2015	15:08:34	7.37290869	43.54255267		66.68	98.0	235.0	-19.4	1.8	-0.8	19.5	275.3	22.6309490741
S201500200_PROTEVS	49	C	01/22/2015	15:08:34	7.37290869	43.54255267		74.68	97.0	235.0	-16.7	2.0	0.0	16.8	276.8	22.6309490741
S201500200_PROTEVS	49	C	01/22/2015	15:08:34	7.37290869	43.54255267		82.68	94.0	234.0	-19.4	0.8	1.0	19.4	272.4	22.6309490741
S201500200_PROTEVS	49	C	01/22/2015	15:08:34	7.37290869	43.54255267		90.68	85.0	226.0	-19.4	-3.6	0.6	19.7	259.5	22.6309490741
S201500200_PROTEVS	49	C	01/22/2015	15:08:34	7.37290869	43.54255267		98.68	72.0	215.0	-23.8	-7.1	-1.3	24.8	253.4	22.6309490741
S201500200_PROTEVS	49	C	01/22/2015	15:08:34	7.37290869	43.54255267		106.68	62.0	204.0	-30.5	0.4	-4.0	30.5	270.8	22.6309490741
S201500200_PROTEVS	49	C	01/22/2015	15:08:34	7.37290869	43.54255267		114.68	57.0	194.0	-41.6	3.5	-2.5	41.7	274.8	22.6309490741
S201500200_PROTEVS	49	C	01/22/2015	15:08:34	7.37290869	43.54255267		122.68	52.0	182.0	-48.5	11.8	-1.2	49.9	283.7	22.6309490741
S201500200_PROTEVS	49	C	01/22/2015	15:08:34	7.37290869	43.54255267		130.68	47.0	166.0	-54.6	13.5	-6.0	56.2	283.9	22.6309490741
S201500200_PROTEVS	49	C	01/22/2015	15:08:34	7.37290869	43.54255267		138.68	43.0	148.0	-42.7	8.3	-0.4	43.5	281.0	22.6309490741
S201500200_PROTEVS	49	C	01/22/2015	15:08:34	7.37290869	43.54255267		146.68	40.0	132.0	-39.1	10.0	1.2	40.4	284.3	22.6309490741
S201500200_PROTEVS	49	C	01/22/2015	15:08:34	7.37290869	43.54255267		154.68	39.0	128.0	-34.7	3.3	1.3	34.9	275.4	22.6309490741
S201500200_PROTEVS	49	C	01/22/2015	15:08:34	7.37290869	43.54255267		162.68	39.0	124.0	-33.1	14.1	-3.9	36.0	293.1	22.6309490741
S201500200_PROTEVS	49	C	01/22/2015	15:08:34	7.37290869	43.54255267		170.68	40.0	134.0	-30.7	4.1	0.8	31.0	277.6	22.6309490741
S201500200_PROTEVS	49	C	01/22/2015	15:08:34	7.37290869	43.54255267		178.68	40.0	136.0	-29.1	5.8	1.0	29.7	281.3	22.6309490741
S201500200_PROTEVS	49	C	01/22/2015	15:08:34	7.37290869	43.54255267		186.68	40.0	135.0	-41.3	12.0	-3.6	43.0	286.2	22.6309490741
S201500200_PROTEVS	49	C	01/22/2015	15:08:34	7.37290869	43.54255267		194.68	41.0	139.0	-49.5	22.8	-5.5	54.5	294.7	22.6309490741
S201500200_PROTEVS	49	C	01/22/2015	15:08:34	7.37290869	43.54255267		202.68	42.0	148.0	-56.0	35.5	1.2	66.3	302.4	22.6309490741
S201500200_PROTEVS	49	C	01/22/2015	15:08:34	7.37290869	43.54255267		210.68	42.0	148.0	-37.4	9.3	5.8	38.5	284.0	22.6309490741
S201500200_PROTEVS	49	C	01/22/2015	15:08:34	7.37290869	43.54255267		218.68	42.0	150.0	-30.0	5.9	-2.3	30.6	281.1	22.6309490741
S201500200_PROTEVS	49	C	01/22/2015	15:08:34	7.37290869	43.54255267		226.68	42.0	146.0	-34.9	7.9	-1.6	35.8	282.8	22.6309490741
S201500200_PROTEVS	49	C	01/22/2015	15:08:34	7.37290869	43.54255267		234.68	41.0	141.0	-33.9	8.9	-1.6	35.0	284.7	22.6309490741
S201500200_PROTEVS	49	C	01/22/2015	15:08:34	7.37290869	43.54255267		242.68	40.0	135.0	-37.6	30.3	3.1	48.3	308.9	22.6309490741
S201500200_PROTEVS	49	C	01/22/2015	15:08:34	7.37290869	43.54255267		250.68	38.0	124.0	-37.7	20.0	-1.2	42.7	297.9	22.6309490741
S201500200_PROTEVS	49	C	01/22/2015	15:08:34	7.37290869	43.54255267		258.68	37.0	110.0	-57.7	15.4	-3.3	59.7	284.9	22.6309490741
S201500200_PROTEVS	49	C	01/22/2015	15:08:34	7.37290869	43.54255267		266.68	36.0	96.0	-128.9	133.8	-68.5	185.8	316.1	22.6309490741
S201500200_PROTEVS	49	C	01/22/2015	15:08:34	7.37290869	43.54255267		274.68	35.0	84.0	-280.1	262.8		384.1	313.2	22.6309490741
S201500200_PROTEVS	49	C	01/22/2015	15:08:34	7.37290869	43.54255267		282.68	35.0	73.0	-221.1	196.8	32.7	296.0	311.7	22.6309490741
S201500200_PROTEVS	49	C	01/22/2015	15:08:34	7.37290869	43.54255267		290.68	35.0	66.0	-213.3	167.7		271.3	308.2	22.6309490741
S201500200_PROTEVS	49	C	01/22/2015	15:08:34	7.37290869	43.54255267		298.68	34.0	68.0						22.6309490741
S201500200_PROTEVS	49	C	01/22/2015	15:08:34	7.37290869	43.54255267		306.68	35.0	74.0	-274.9	210.1	-14.3	346.0	307.4	22.6309490741
S201500200_PROTEVS	49	C	01/22/2015	15:08:34	7.37290869	43.54255267		314.68	34.0	76.0	-269.3	209.8		341.4	307.9	22.6309490741
S201500200_PROTEVS	49	C	01/22/2015	15:08:34	7.37290869	43.54255267		322.68	35.0	74.0	-249.2	172.6		303.1	304.7	22.6309490741
S201500200_PROTEVS	49	C	01/22/2015	15:08:34	7.37290869	43.54255267		330.68	22.0	67.0						22.6309490741
S201500200_PROTEVS	50	C	01/22/2015	15:18:32	7.34348818	43.55697059		18.68	151.0	238.0	-14.4	-7.0	2.2	16.0	244.1	22.6378703704
S201500200_PROTEVS	50	C	01/22/2015	15:18:32	7.34348818	43.55697059		26.68	136.0	238.0	-15.0	-7.4	0.2	16.7	243.7	22.6378703704
S201500200_PROTEVS	50	C	01/22/2015	15:18:32	7.34348818	43.55697059		34.68	126.0	238.0	-16.2	-7.6	-2.0	17.9	244.9	22.6378703704
S201500200_PROTEVS	50	C	01/22/2015	15:18:32	7.34348818	43.55697059		42.68	117.0	238.0	-18.0	-6.4	-2.1	19.1	250.4	22.6378703704
S201500200_PROTEVS	50	C	01/22/2015	15:18:32	7.34348818	43.55697059		50.68	112.0	238.0	-18.7	-7.0	-0.6	20.0	249.5	22.6378703704
S201500200_PROTEVS	50	C	01/22/2015	15:18:32	7.34348818	43.55697059		58.68	107.0	237.0	-19.9	-8.8	0.0	21.8	246.1	22.6378703704
S201500200_PROTEVS	50	C	01/22/2015	15:18:32	7.34348818	43.55697059		66.68	104.0	237.0	-19.9	-8.8	-0.6	21.8	246.1	22.6378703704
S201500200_PROTEVS	50	C	01/22/2015	15:18:32	7.34348818	43.55697059		74.68	98.0	235.0	-18.5	-10.4	0.8	21.2	240.7	22.6378703704
S201500200_PROTEVS	50	C	01/22/2015	15:18:32	7.34348818	43.55697059		82.68	90.0	231.0	-20.2	-12.0	1.5	23.5	239.3	22.6378703704
S201500200_PROTEVS	50	C	01/22/2015	15:18:32	7.34348818	43.55697059		90.68	79.0	227.0	-23.0	-12.1	1.1	26.0	242.3	22.6378703704
S201500200_PROTEVS	50	C	01/22/2015	15:18:32	7.34348818	43.55697059		98.68	69.0	218.0	-25.6	-5.2	0.1	26.1	258.5	22.6378703704
S201500200_PROTEVS	50	C	01/22/2015	15:18:32	7.34348818	43.55697059		106.68	59.0	208.0	-32.0	0.7	1.5	32.0	271.3	22.6378703704
S201500200_PROTEVS	50	C	01/22/2015	15:18:32	7.34348818	43.55697059		114.68	53.0	195.0	-29.1	-4.3	-1.4	29.4	261.6	22.6378703704
S201500200_PROTEVS	50	C	01/22/2015	15:18:32	7.34348818	43.55697059		122.68	49.0	186.0	-38.7	4.6	-1.9	39.0	276.8	22.6378703704
S201500200_PROTEVS	50	C	01/22/2015	15:18:32	7.34348818	43.55697059		130.68	45.0	169.0	-50.1	10.6	0.1	51.2	281.9	22.6378703704
S201500200_PROTEVS	50	C	01/22/2015	15:18:32	7.34348818	43.55697059		138.68	42.0	161.0	-43.8	4.8	-2.0	44.1	276.3	22.6378703704
S201500200_PROTEVS	50	C	01/22/2015	15:18:32	7.34348818	43.55697059		146.68	41.0	154.0	-23.0	-2.8	-3.0	23.2	263.1	22.6378703704
S201500200_PROTEVS	50	C	01/22/2015	15:18:32	7.34348818	43.55697059		154.68	42.0	157.0	-30.7	3.3	-0.5	30.9	276.1	22.6378703704
S201500200_PROTEVS	50	C	01/22/2015	15:18:32	7.34348818	43.55697059		162.68	42.0	162.0	-36.7	14.2	4.2	39.4	291.2	22.6378703704
S201500200_PROTEVS	50	C	01/22/2015	15:18:32	7.34348818	43.55697059		170.68	43.0	156.0	-28.9	1.4	4.6	28.9	272.8	22.6378703704
S201500200_PROTEVS	50	C	01/22/2015	15:18:32	7.34348818	43.55697059		178.68	40.0	144.0	-22.9	0.0	-0.5	22.9	270.0	22.6378703704
S201500200_PROTEVS	50	C	01/22/2015	15:18:32	7.34348818	43.55697059		186.68	39.0	134.0	-42.1	10.4	0.8	43.4	283.9	22.6378703704
S201500200_PROTEVS	50	C	01/22/2015	15:18:32	7.34348818	43.55697059		194.68	39.0	132.0	-35.1	8.4	0.8	36.1	283.5	22.6378703704
S201500200_PROTEVS	50	C	01/22/2015	15:18:32	7.34348818	43.55697059		202.68	39.0	133.0	-46.3	27.8	-1.0	54.0	301.0	22.6378703704
S201500200_PROTEVS	50	C	01/22/2015	15:18:32	7.34348818	43.55697059		210.68	39.0	134.0	-18.8	2.3	-2.3	18.9	277.0	22.6378703704
S201500200_PROTEVS	50	C	01/22/2015	15:18:32	7.34348818	43.55697059		218.68	38.0	130.0	-17.1	1.8	-0.4	17.2	276.0	22.6378703704
S201500200_PROTEVS	50	C	01/22/2015	15:18:32	7.34348818	43.55697059		226.68	38.0	129.0	-30.2	13.4	-2.8	33.0	293.9	22.6378703704
S201500200_PROTEVS	50	C	01/22/2015	15:18:32	7.34348818	43.55697059		234.68	37.0	122.0	-17.9	11.1	4.1	21.1	301.8	22.6378703704
S201500200_PROTEVS	50	C	01/22/2015	15:18:32	7.34348818	43.55697059		242.68	36.0	111.0	-32.6	16.2	-5.8	36.4	296.4	22.6378703704
S201500200_PROTEVS	50	C	01/22/2015	15:18:32	7.34348818	43.55697059		250.68	34.0	96.0	-54.4	43.0	-7.5	69.3	308.3	22.6378703704
S201500200_PROTEVS	50	C	01/22/2015	15:18:32	7.34348818	43.55697059		258.68	34.0	92.0	-173.3	133.9	19.8	219.0	307.7	22.6378703704
S201500200_PROTEVS	50	C	01/22/2015	15:18:32	7.34348818	43.55697059		266.68	34.0	92.0	-86.1	40.4		95.1	295.1	22.6378703704
S201500200_PROTEVS	50	C	01/22/2015	15:18:32	7.34348818	43.55697059		274.68	34.0	93.0	-55.6	31.0	1.7	63.7	299.1	22.6378703704
S201500200_PROTEVS	50	C	01/22/2015	15:18:32	7.34348818	43.55697059		282.68	36.0	103.0	-40.8	12.1	4.4	42.6	286.5	22.6378703704
S201500200_PROTEVS	50	C	01/22/2015	15:18:32	7.34348818	43.55697059		290.68	36.0	110.0	-16.8	13.0	0.4	21.2	307.7	22.6378703704
S201500200_PROTEVS	50	C	01/22/2015	15:18:32	7.34348818	43.55697059		298.68	37.0	118.0	-28.5	17.1	11.2	33.2	301.0	22.6378703704
S201500200_PROTEVS	50	C	01/22/2015	15:18:32	7.34348818	43.55697059		306.68	37.0	121.0	-43.7	20.3	0.4	48.2	294.9	22.6378703704
S201500200_PROTEVS	50	C	01/22/2015	15:18:32	7.34348818	43.55697059		314.68	38.0	116.0	-46.6	21.8	1.0	51.4	295.1	22.6378703704
S201500200_PROTEVS	50	C	01/22/2015	15:18:32	7.34348818	43.55697059		322.68	36.0	107.0	-20.1	13.3	-4.0	24.1	303.5	22.6378703704
S201500200_PROTEVS	50	C	01/22/2015	15:18:32	7.34348818	43.55697059		330.68	24.0	96.0	1.0	-2.7	13.0	2.9	159.7	22.6378703704
S201500200_PROTEVS	51	C	01/22/2015	15:28:32	7.32214416	43.56772444		18.68	150.0	239.0	-12.7	-14.1	1.0	19.0	222.0	22.6448148148
S201500200_PROTEVS	51	C	01/22/2015	15:28:32	7.32214416	43.56772444		26.68	136.0	240.0	-12.4	-10.7	0.3	16.4	229.2	22.6448148148
S201500200_PROTEVS	51	C	01/22/2015	15:28:32	7.32214416	43.56772444		34.68	125.0	240.0	-15.4	-8.5	0.2	17.6	241.1	22.6448148148
S201500200_PROTEVS	51	C	01/22/2015	15:28:32	7.32214416	43.56772444		42.68	117.0	239.0	-15.1	-10.8	2.2	18.6	234.4	22.6448148148
S201500200_PROTEVS	51	C	01/22/2015	15:28:32	7.32214416	43.56772444		50.68	109.0	239.0	-17.9	-9.9	-0.5	20.5	241.1	22.6448148148
S201500200_PROTEVS	51	C	01/22/2015	15:28:32	7.32214416	43.56772444		58.68	104.0	238.0	-18.5	-12.0	-0.7	22.1	237.0	22.6448148148
S201500200_PROTEVS	51	C	01/22/2015	15:28:32	7.32214416	43.56772444		66.68	100.0	238.0	-18.7	-12.0	0.6	22.2	237.3	22.6448148148
S201500200_PROTEVS	51	C	01/22/2015	15:28:32	7.32214416	43.56772444		74.68	98.0	238.0	-16.3	-12.2	-2.4	20.4	233.2	22.6448148148
S201500200_PROTEVS	51	C	01/22/2015	15:28:32	7.32214416	43.56772444		82.68	94.0	237.0	-18.6	-13.1	1.1	22.8	234.8	22.6448148148
S201500200_PROTEVS	51	C	01/22/2015	15:28:32	7.32214416	43.56772444		90.68	84.0	231.0	-21.9	-13.0	-1.0	25.5	239.3	22.6448148148
S201500200_PROTEVS	51	C	01/22/2015	15:28:32	7.32214416	43.56772444		98.68	74.0	227.0	-24.8	-10.4	-0.9	26.9	247.2	22.6448148148
S201500200_PROTEVS	51	C	01/22/2015	15:28:32	7.32214416	43.56772444		106.68	64.0	218.0	-33.2	-4.9	-2.2	33.6	261.6	22.6448148148
S201500200_PROTEVS	51	C	01/22/2015	15:28:32	7.32214416	43.56772444		114.68	58.0	208.0	-33.0	-8.0	-1.4	34.0	256.4	22.6448148148
S201500200_PROTEVS	51	C	01/22/2015	15:28:32	7.32214416	43.56772444		122.68	52.0	200.0	-45.1	7.6	-7.9	45.7	279.6	22.6448148148
S201500200_PROTEVS	51	C	01/22/2015	15:28:32	7.32214416	43.56772444		130.68	48.0	189.0	-37.5	1.9	-7.4	37.5	272.9	22.6448148148
S201500200_PROTEVS	51	C	01/22/2015	15:28:32	7.32214416	43.56772444		138.68	46.0	187.0	-31.7	-0.8	0.6	31.7	268.6	22.6448148148
S201500200_PROTEVS	51	C	01/22/2015	15:28:32	7.32214416	43.56772444		146.68	45.0	183.0	-35.6	3.2	7.3	35.7	275.1	22.6448148148
S201500200_PROTEVS	51	C	01/22/2015	15:28:32	7.32214416	43.56772444		154.68	45.0	179.0	-39.2	12.8	-1.8	41.2	288.1	22.6448148148
S201500200_PROTEVS	51	C	01/22/2015	15:28:32	7.32214416	43.56772444		162.68	43.0	168.0	-47.3	28.2	-1.1	55.1	300.8	22.6448148148
S201500200_PROTEVS	51	C	01/22/2015	15:28:32	7.32214416	43.56772444		170.68	40.0	147.0	-29.8	6.7	3.7	30.5	282.7	22.6448148148
S201500200_PROTEVS	51	C	01/22/2015	15:28:32	7.32214416	43.56772444		178.68	37.0	130.0	-9.0	-4.0	5.2	9.8	246.0	22.6448148148
S201500200_PROTEVS	51	C	01/22/2015	15:28:32	7.32214416	43.56772444		186.68	37.0	134.0	-39.6	7.5	4.0	40.3	280.7	22.6448148148
S201500200_PROTEVS	51	C	01/22/2015	15:28:32	7.32214416	43.56772444		194.68	38.0	143.0	-39.8	12.4	-3.5	41.7	287.3	22.6448148148
S201500200_PROTEVS	51	C	01/22/2015	15:28:32	7.32214416	43.56772444		202.68	39.0	151.0	-39.8	15.9	0.7	42.9	291.8	22.6448148148
S201500200_PROTEVS	51	C	01/22/2015	15:28:32	7.32214416	43.56772444		210.68	41.0	156.0	-30.2	24.5	6.9	38.9	309.1	22.6448148148
S201500200_PROTEVS	51	C	01/22/2015	15:28:32	7.32214416	43.56772444		218.68	41.0	152.0	-36.9	26.4	1.9	45.4	305.6	22.6448148148
S201500200_PROTEVS	51	C	01/22/2015	15:28:32	7.32214416	43.56772444		226.68	39.0	144.0	-26.4	13.0	1.5	29.4	296.2	22.6448148148
S201500200_PROTEVS	51	C	01/22/2015	15:28:32	7.32214416	43.56772444		234.68	38.0	135.0	-40.8	26.6	-1.9	48.7	303.1	22.6448148148
S201500200_PROTEVS	51	C	01/22/2015	15:28:32	7.32214416	43.56772444		242.68	35.0	114.0	3.3	4.7	-25.2	5.7	35.1	22.6448148148
S201500200_PROTEVS	51	C	01/22/2015	15:28:32	7.32214416	43.56772444		250.68	34.0	103.0	-68.0	81.3		106.0	320.1	22.6448148148
S201500200_PROTEVS	51	C	01/22/2015	15:28:32	7.32214416	43.56772444		258.68	34.0	90.0	-177.0	53.6		184.9	286.8	22.6448148148
S201500200_PROTEVS	51	C	01/22/2015	15:28:32	7.32214416	43.56772444		266.68	35.0	95.0	-215.5	214.0	-18.0	303.7	314.8	22.6448148148
S201500200_PROTEVS	51	C	01/22/2015	15:28:32	7.32214416	43.56772444		274.68	36.0	103.0	-83.1	89.7	-28.5	122.3	317.2	22.6448148148
S201500200_PROTEVS	51	C	01/22/2015	15:28:32	7.32214416	43.56772444		282.68	38.0	130.0	-46.6	24.1	0.1	52.5	297.3	22.6448148148
S201500200_PROTEVS	51	C	01/22/2015	15:28:32	7.32214416	43.56772444		290.68	40.0	152.0	-34.8	24.6	-5.0	42.6	305.3	22.6448148148
S201500200_PROTEVS	51	C	01/22/2015	15:28:32	7.32214416	43.56772444		298.68	40.0	150.0	-26.9	5.2	-2.7	27.4	280.9	22.6448148148
S201500200_PROTEVS	51	C	01/22/2015	15:28:32	7.32214416	43.56772444		306.68	38.0	140.0	-54.5	28.0	-4.5	61.3	297.2	22.6448148148
S201500200_PROTEVS	51	C	01/22/2015	15:28:32	7.32214416	43.56772444		314.68	36.0	122.0	-4.1	-0.1	-6.0	4.1	268.6	22.6448148148
S201500200_PROTEVS	51	C	01/22/2015	15:28:32	7.32214416	43.56772444		322.68	36.0	110.0	-26.8	-1.5	-7.1	26.8	266.8	22.6448148148
S201500200_PROTEVS	51	C	01/22/2015	15:28:32	7.32214416	43.56772444		330.68	25.0	106.0	-33.2	-15.2		36.5	245.4	22.6448148148
