PLATFORM,DATE (yyyy-mm-ddThh:mi:ssZ),LATITUDE (degree_north),LONGITUDE (degree_east),ATMS LEVEL0 (hectopascal),DEPH LEVEL0 (meter),SLEV LEVEL0 (meter),SLVR LEVEL0 (meter),QC
EXSH0001,2016-10-01T00:00:34Z,48.3600,-4.7800,1009.3,0,2.5045,0.0588,01111011
EXSH0001,2016-10-01T00:05:34Z,48.3600,-4.7800,1009.3,0,2.6045,0.0537,01111011
EXSH0001,2016-10-01T00:10:34Z,48.3600,-4.7800,1009.3,0,2.7216,0.0559,01111011
EXSH0001,2016-10-01T00:15:34Z,48.3600,-4.7800,1009.3,0,2.8409,0.0601,01111011
EXSH0001,2016-10-01T00:20:34Z,48.3600,-4.7800,1009.3,0,2.9445,0.0488,01111011
EXSH0001,2016-10-01T00:25:34Z,48.3600,-4.7800,1009.3,0,3.0652,0.0544,01111011
EXSH0001,2016-10-01T00:30:34Z,48.3600,-4.7800,1009.3,0,3.1901,0.0593,01111011
EXSH0001,2016-10-01T00:35:34Z,48.3600,-4.7800,1009.3,0,3.3167,0.0867,01111011
EXSH0001,2016-10-01T00:40:34Z,48.3600,-4.7800,1009.3,0,3.4105,0.0505,01111011
EXSH0001,2016-10-01T00:45:34Z,48.3600,-4.7800,1009.3,0,3.5414,0.0614,01111011
EXSH0001,2016-10-01T00:50:34Z,48.3600,-4.7800,1009.3,0,3.6811,0.0711,01111011
EXSH0001,2016-10-01T00:55:34Z,48.3600,-4.7800,1009.3,0,3.7934,0.0634,01111011
EXSH0001,2016-10-01T01:00:34Z,48.3600,-4.7800,1008.9,0,3.9105,0.0505,01111011
EXSH0001,2016-10-01T01:05:34Z,48.3600,-4.7800,1008.9,0,4.0373,0.0573,01111011
EXSH0001,2016-10-01T01:10:34Z,48.3600,-4.7800,1008.9,0,4.1626,0.0614,01111011
EXSH0001,2016-10-01T01:15:34Z,48.3600,-4.7800,1008.9,0,4.2647,0.0347,01111011
EXSH0001,2016-10-01T01:20:34Z,48.3600,-4.7800,1008.9,0,4.3879,0.0379,01111011
EXSH0001,2016-10-01T01:25:34Z,48.3600,-4.7800,1008.9,0,4.5107,0.0407,01111011
EXSH0001,2016-10-01T01:30:34Z,48.3600,-4.7800,1008.9,0,4.6313,0.0413,01111011
EXSH0001,2016-10-01T01:35:34Z,48.3600,-4.7800,1008.9,0,4.7553,0.0741,01111011
EXSH0001,2016-10-01T01:40:34Z,48.3600,-4.7800,1008.9,0,4.8802,0.079,01111011
EXSH0001,2016-10-01T01:45:34Z,48.3600,-4.7800,1008.9,0,4.9882,0.0697,01111011
EXSH0001,2016-10-01T01:50:34Z,48.3600,-4.7800,1008.9,0,5.1101,0.0789,01111011
EXSH0001,2016-10-01T01:55:34Z,48.3600,-4.7800,1008.9,0,5.2126,0.0714,01111011
EXSH0001,2016-10-01T02:00:34Z,48.3600,-4.7800,1008.2,0,5.3187,0.0652,01111011
EXSH0001,2016-10-01T02:05:34Z,48.3600,-4.7800,1008.2,0,5.4189,0.0604,01111011
EXSH0001,2016-10-01T02:10:34Z,48.3600,-4.7800,1008.2,0,5.5169,0.0533,01111011
EXSH0001,2016-10-01T02:15:34Z,48.3600,-4.7800,1008.2,0,5.6215,0.053,01111011
EXSH0001,2016-10-01T02:20:34Z,48.3600,-4.7800,1008.2,0,5.7143,0.0484,01111011
EXSH0001,2016-10-01T02:25:34Z,48.3600,-4.7800,1008.2,0,5.8154,0.0495,01111011
EXSH0001,2016-10-01T02:30:34Z,48.3600,-4.7800,1008.2,0,5.9061,0.0502,01111011
EXSH0001,2016-10-01T02:35:34Z,48.3600,-4.7800,1008.2,0,5.9919,0.0688,01111011
EXSH0001,2016-10-01T02:40:34Z,48.3600,-4.7800,1008.2,0,6.0925,0.0794,01111011
EXSH0001,2016-10-01T02:45:34Z,48.3600,-4.7800,1008.2,0,6.1493,0.0551,01111011
EXSH0001,2016-10-01T02:50:34Z,48.3600,-4.7800,1008.2,0,6.2222,0.043,01111011
EXSH0001,2016-10-01T02:55:34Z,48.3600,-4.7800,1008.2,0,6.3221,0.0678,01111011
EXSH0001,2016-10-01T03:00:34Z,48.3600,-4.7800,1007.3,0,6.386,0.0667,01111011
EXSH0001,2016-10-01T03:05:34Z,48.3600,-4.7800,1007.3,0,6.4376,0.0522,01111011
EXSH0001,2016-10-01T03:10:34Z,48.3600,-4.7800,1007.3,0,6.5061,0.0607,01111011
EXSH0001,2016-10-01T03:15:34Z,48.3600,-4.7800,1007.3,0,6.5546,0.058,01111011
EXSH0001,2016-10-01T03:20:34Z,48.3600,-4.7800,1007.3,0,6.6303,0.0787,01111011
EXSH0001,2016-10-01T03:25:34Z,48.3600,-4.7800,1007.3,0,6.6696,0.0819,01111011
EXSH0001,2016-10-01T03:30:34Z,48.3600,-4.7800,1007.3,0,6.7098,0.0821,01111011
EXSH0001,2016-10-01T03:35:34Z,48.3600,-4.7800,1007.3,0,6.7304,0.08,01111011
EXSH0001,2016-10-01T03:40:34Z,48.3600,-4.7800,1007.3,0,6.7565,0.0763,01111011
EXSH0001,2016-10-01T03:45:34Z,48.3600,-4.7800,1007.3,0,6.7971,0.1019,01111011
EXSH0001,2016-10-01T03:50:34Z,48.3600,-4.7800,1007.3,0,6.8105,0.1003,01111011
EXSH0001,2016-10-01T03:55:34Z,48.3600,-4.7800,1007.3,0,6.8127,0.0927,01111011
EXSH0001,2016-10-01T04:00:34Z,48.3600,-4.7800,1007.1,0,6.805,0.0852,01111011
EXSH0001,2016-10-01T04:05:34Z,48.3600,-4.7800,1007.1,0,6.8277,0.1177,01111011
EXSH0001,2016-10-01T04:10:34Z,48.3600,-4.7800,1007.1,0,6.818,0.1182,01111011
EXSH0001,2016-10-01T04:15:34Z,48.3600,-4.7800,1007.1,0,6.7895,0.1099,01111011
EXSH0001,2016-10-01T04:20:34Z,48.3600,-4.7800,1007.1,0,6.7816,0.122,01111011
EXSH0001,2016-10-01T04:25:34Z,48.3600,-4.7800,1007.1,0,6.7483,0.1187,01111011
EXSH0001,2016-10-01T04:30:34Z,48.3600,-4.7800,1007.1,0,6.7236,0.134,01111011
EXSH0001,2016-10-01T05:36:34Z,48.3600,-4.7800,,0,5.897,0.1403,01119011
EXSH0001,2016-10-01T05:41:34Z,48.3600,-4.7800,,0,5.8035,0.1368,01119011
EXSH0001,2016-10-01T05:46:34Z,48.3600,-4.7800,,0,5.7307,0.154,01119011
EXSH0001,2016-10-01T05:51:34Z,48.3600,-4.7800,,0,5.6405,0.1593,01119011
EXSH0001,2016-10-01T05:56:34Z,48.3600,-4.7800,,0,5.5513,0.1646,01119011
EXSH0001,2016-10-01T06:01:34Z,48.3600,-4.7800,1007.5,0,5.4461,0.155,01111011
EXSH0001,2016-10-01T06:06:34Z,48.3600,-4.7800,1007.5,0,5.3344,0.1383,01111011
EXSH0001,2016-10-01T06:11:34Z,48.3600,-4.7800,1007.5,0,5.2547,0.158,01111011
EXSH0001,2016-10-01T06:16:34Z,48.3600,-4.7800,1007.5,0,5.1526,0.1564,01111011
EXSH0001,2016-10-01T06:21:34Z,48.3600,-4.7800,1007.5,0,5.0773,0.1862,01111011
EXSH0001,2016-10-01T06:26:34Z,48.3600,-4.7800,1007.5,0,4.9681,0.1719,01111011
EXSH0001,2016-10-01T06:31:34Z,48.3600,-4.7800,1007.5,0,4.8727,0.1563,01111011
EXSH0001,2016-10-01T06:36:34Z,48.3600,-4.7800,1007.5,0,4.7782,0.1669,01111011
EXSH0001,2016-10-01T06:41:34Z,48.3600,-4.7800,1007.5,0,4.6683,0.162,01111011
EXSH0001,2016-10-01T06:46:34Z,48.3600,-4.7800,1007.5,0,4.5623,0.1609,01111011
EXSH0001,2016-10-01T06:51:34Z,48.3600,-4.7800,1007.5,0,4.4527,0.1563,01111011
EXSH0001,2016-10-01T06:56:34Z,48.3600,-4.7800,1007.5,0,4.3564,0.1581,01111011
EXSH0001,2016-10-01T07:01:34Z,48.3600,-4.7800,1007.8,0,4.248,0.1517,01111011
EXSH0001,2016-10-01T07:06:34Z,48.3600,-4.7800,1007.8,0,4.1613,0.17,01111011
EXSH0001,2016-10-01T07:11:34Z,48.3600,-4.7800,1007.8,0,4.0509,0.1646,01111011
EXSH0001,2016-10-01T07:16:34Z,48.3600,-4.7800,1007.8,0,3.9508,0.1695,01111011
EXSH0001,2016-10-01T07:21:34Z,48.3600,-4.7800,1007.8,0,3.8501,0.1737,01111011
EXSH0001,2016-10-01T07:26:34Z,48.3600,-4.7800,1007.8,0,3.7448,0.1665,01111011
EXSH0001,2016-10-01T07:31:34Z,48.3600,-4.7800,1007.8,0,3.6312,0.1279,01111011
EXSH0001,2016-10-01T07:36:34Z,48.3600,-4.7800,1007.8,0,3.5248,0.1265,01111011
EXSH0001,2016-10-01T07:41:34Z,48.3600,-4.7800,1007.8,0,3.4206,0.1192,01111011
EXSH0001,2016-10-01T07:46:34Z,48.3600,-4.7800,1007.8,0,3.3347,0.1364,01111011
EXSH0001,2016-10-01T07:51:34Z,48.3600,-4.7800,1007.8,0,3.2497,0.1483,01111011
EXSH0001,2016-10-01T07:56:34Z,48.3600,-4.7800,1007.8,0,3.147,0.1456,01111011
EXSH0001,2016-10-01T08:01:34Z,48.3600,-4.7800,1008.3,0,3.0475,0.1442,01111011
EXSH0001,2016-10-01T08:06:34Z,48.3600,-4.7800,1008.3,0,2.9499,0.1416,01111011
EXSH0001,2016-10-01T08:11:34Z,48.3600,-4.7800,1008.3,0,2.8728,0.1614,01111011
EXSH0001,2016-10-01T08:16:34Z,48.3600,-4.7800,1008.3,0,2.7668,0.1454,01111011
EXSH0001,2016-10-01T08:21:34Z,48.3600,-4.7800,1008.3,0,2.6725,0.1411,01111011
EXSH0001,2016-10-01T08:26:34Z,48.3600,-4.7800,1008.3,0,2.5845,0.1431,01111011
EXSH0001,2016-10-01T08:31:34Z,48.3600,-4.7800,1008.3,0,2.4899,0.1154,01111011
EXSH0001,2016-10-01T08:36:34Z,48.3600,-4.7800,1008.3,0,2.4033,0.1096,01111011
EXSH0001,2016-10-01T08:41:34Z,48.3600,-4.7800,1008.3,0,2.3129,0.1042,01111011
EXSH0001,2016-10-01T08:46:34Z,48.3600,-4.7800,1008.3,0,2.2411,0.1073,01111011
EXSH0001,2016-10-01T08:51:34Z,48.3600,-4.7800,1008.3,0,2.1583,0.0996,01111011
EXSH0001,2016-10-01T08:56:34Z,48.3600,-4.7800,1008.3,0,2.0845,0.1007,01111011
EXSH0001,2016-10-01T09:01:34Z,48.3600,-4.7800,1009.1,0,2.0149,0.1062,01111011
EXSH0001,2016-10-01T09:06:34Z,48.3600,-4.7800,1009.1,0,1.9467,0.1037,01111011
EXSH0001,2016-10-01T09:11:34Z,48.3600,-4.7800,1009.1,0,1.8755,0.0925,01111011
EXSH0001,2016-10-01T09:16:34Z,48.3600,-4.7800,1009.1,0,1.8219,0.0989,01111011
EXSH0001,2016-10-01T09:21:34Z,48.3600,-4.7800,1009.1,0,1.7523,0.0851,01111011
EXSH0001,2016-10-01T09:26:34Z,48.3600,-4.7800,1009.1,0,1.6825,0.0695,01111011
EXSH0001,2016-10-01T09:31:34Z,48.3600,-4.7800,1009.1,0,1.6305,0.0524,01111011
EXSH0001,2016-10-01T09:36:34Z,48.3600,-4.7800,1009.1,0,1.5897,0.0567,01111011
EXSH0001,2016-10-01T09:41:34Z,48.3600,-4.7800,1009.1,0,1.5543,0.0562,01111011
EXSH0001,2016-10-01T09:46:34Z,48.3600,-4.7800,1009.1,0,1.5199,0.0612,01111011
EXSH0001,2016-10-01T09:51:34Z,48.3600,-4.7800,1009.1,0,1.4601,0.0314,01111011
EXSH0001,2016-10-01T09:56:34Z,48.3600,-4.7800,1009.1,0,1.484,0.0796,01111011
EXSH0001,2016-10-01T10:01:34Z,48.3600,-4.7800,1009.8,0,1.4323,0.0529,01111011
EXSH0001,2016-10-01T10:06:34Z,48.3600,-4.7800,1009.8,0,1.3994,0.0351,01111011
EXSH0001,2016-10-01T10:11:34Z,48.3600,-4.7800,1009.8,0,1.4109,0.0609,01111011
EXSH0001,2016-10-01T10:16:34Z,48.3600,-4.7800,1009.8,0,1.3665,0.0222,01111011
EXSH0001,2016-10-01T10:21:34Z,48.3600,-4.7800,1009.8,0,1.3839,0.0439,01111011
EXSH0001,2016-10-01T10:26:34Z,48.3600,-4.7800,1009.8,0,1.3859,0.0459,01111011
EXSH0001,2016-10-01T10:31:34Z,48.3600,-4.7800,1009.8,0,1.3817,0.0348,01111011
EXSH0001,2016-10-01T10:36:34Z,48.3600,-4.7800,1009.8,0,1.3985,0.0467,01111011
EXSH0001,2016-10-01T10:41:34Z,48.3600,-4.7800,1009.8,0,1.3996,0.0327,01111011
EXSH0001,2016-10-01T10:46:34Z,48.3600,-4.7800,1009.8,0,1.4132,0.0214,01111011
EXSH0001,2016-10-01T10:51:34Z,48.3600,-4.7800,1009.8,0,1.4257,0.012,01111011
EXSH0001,2016-10-01T10:56:34Z,48.3600,-4.7800,1009.8,0,1.4473,0.0036,01111011
EXSH0001,2016-10-01T11:01:34Z,48.3600,-4.7800,1010.2,0,1.4993,0.0188,01111011
EXSH0001,2016-10-01T11:06:34Z,48.3600,-4.7800,1010.2,0,1.5011,-0.0144,01111011
EXSH0001,2016-10-01T11:11:34Z,48.3600,-4.7800,1010.2,0,1.5618,-0.0056,01111011
EXSH0001,2016-10-01T11:16:34Z,48.3600,-4.7800,1010.2,0,1.6152,-0.0022,01111011
EXSH0001,2016-10-01T11:21:34Z,48.3600,-4.7800,1010.2,0,1.6599,-0.0107,01111011
EXSH0001,2016-10-01T11:26:34Z,48.3600,-4.7800,1010.2,0,1.7423,0.0049,01111011
EXSH0001,2016-10-01T11:31:34Z,48.3600,-4.7800,1010.2,0,1.8069,0.0241,01111011
EXSH0001,2016-10-01T11:36:34Z,48.3600,-4.7800,1010.2,0,1.8661,0.0151,01111011
EXSH0001,2016-10-01T11:41:34Z,48.3600,-4.7800,1010.2,0,1.9233,-0.0027,01111011
EXSH0001,2016-10-01T11:46:34Z,48.3600,-4.7800,1010.2,0,1.9995,-0.0097,01111011
EXSH0001,2016-10-01T11:51:34Z,48.3600,-4.7800,1010.2,0,2.0771,-0.0221,01111011
EXSH0001,2016-10-01T11:56:34Z,48.3600,-4.7800,1010.2,0,2.1526,-0.0366,01111011
EXSH0001,2016-10-01T12:01:34Z,48.3600,-4.7800,1010.6,0,2.272,-0.0072,01111011
EXSH0001,2016-10-01T12:06:34Z,48.3600,-4.7800,1010.6,0,2.3506,-0.0268,01111011
EXSH0001,2016-10-01T12:11:34Z,48.3600,-4.7800,1010.6,0,2.463,-0.0194,01111011
EXSH0001,2016-10-01T12:16:34Z,48.3600,-4.7800,1010.6,0,2.5467,-0.0407,01111011
EXSH0001,2016-10-01T12:21:34Z,48.3600,-4.7800,1010.6,0,2.6725,-0.0299,01111011
EXSH0001,2016-10-01T12:26:34Z,48.3600,-4.7800,1010.6,0,2.7608,-0.0548,01111011
EXSH0001,2016-10-01T12:31:34Z,48.3600,-4.7800,1010.6,0,2.8864,-0.0188,01111011
EXSH0001,2016-10-01T12:36:34Z,48.3600,-4.7800,1010.6,0,2.9949,-0.0259,01111011
EXSH0001,2016-10-01T12:41:34Z,48.3600,-4.7800,1010.6,0,3.1146,-0.03,01111011
EXSH0001,2016-10-01T12:46:34Z,48.3600,-4.7800,1010.6,0,3.2213,-0.0439,01111011
EXSH0001,2016-10-01T12:51:34Z,48.3600,-4.7800,1010.6,0,3.3409,-0.0443,01111011
EXSH0001,2016-10-01T12:56:34Z,48.3600,-4.7800,1010.6,0,3.4675,-0.0477,01111011
EXSH0001,2016-10-01T13:01:34Z,48.3600,-4.7800,1010.9,0,3.5864,-0.0488,01111011
EXSH0001,2016-10-01T13:06:34Z,48.3600,-4.7800,1010.9,0,3.7121,-0.0531,01111011
EXSH0001,2016-10-01T13:11:34Z,48.3600,-4.7800,1010.9,0,3.8541,-0.0405,01111011
EXSH0001,2016-10-01T13:16:34Z,48.3600,-4.7800,1010.9,0,3.9727,-0.0425,01111011
EXSH0001,2016-10-01T13:21:34Z,48.3600,-4.7800,1010.9,0,4.0874,-0.0572,01111011
EXSH0001,2016-10-01T13:26:34Z,48.3600,-4.7800,1010.9,0,4.2048,-0.0604,01111011
EXSH0001,2016-10-01T13:31:34Z,48.3600,-4.7800,1010.9,0,4.3041,-0.0503,01111011
EXSH0001,2016-10-01T13:36:34Z,48.3600,-4.7800,1010.9,0,4.4242,-0.0602,01111011
EXSH0001,2016-10-01T13:41:34Z,48.3600,-4.7800,1010.9,0,4.5455,-0.0589,01111011
EXSH0001,2016-10-01T13:46:34Z,48.3600,-4.7800,1010.9,0,4.6727,-0.0517,01111011
EXSH0001,2016-10-01T13:51:34Z,48.3600,-4.7800,1010.9,0,4.7973,-0.0471,01111011
EXSH0001,2016-10-01T13:56:34Z,48.3600,-4.7800,1010.9,0,4.9053,-0.0491,01111011
EXSH0001,2016-10-01T14:01:34Z,48.3600,-4.7800,1011.1,0,5.0356,-0.0388,01111011
EXSH0001,2016-10-01T14:06:34Z,48.3600,-4.7800,1011.1,0,5.1414,-0.0424,01111011
EXSH0001,2016-10-01T14:11:34Z,48.3600,-4.7800,1011.1,0,5.2545,-0.0399,01111011
EXSH0001,2016-10-01T14:16:34Z,48.3600,-4.7800,1011.1,0,5.3459,-0.0579,01111011
EXSH0001,2016-10-01T14:21:34Z,48.3600,-4.7800,1011.1,0,5.4499,-0.059,01111011
EXSH0001,2016-10-01T14:26:34Z,48.3600,-4.7800,1011.1,0,5.5486,-0.0647,01111011
EXSH0001,2016-10-01T14:31:34Z,48.3600,-4.7800,1011.1,0,5.6538,-0.0298,01111011
EXSH0001,2016-10-01T14:36:34Z,48.3600,-4.7800,1011.1,0,5.7588,-0.0298,01111011
EXSH0001,2016-10-01T14:41:34Z,48.3600,-4.7800,1011.1,0,5.8487,-0.033,01111011
EXSH0001,2016-10-01T14:46:34Z,48.3600,-4.7800,1011.1,0,5.9384,-0.0333,01111011
EXSH0001,2016-10-01T14:51:34Z,48.3600,-4.7800,1011.1,0,6.026,-0.0357,01111011
EXSH0001,2016-10-01T14:56:34Z,48.3600,-4.7800,1011.1,0,6.1125,-0.0323,01111011
EXSH0001,2016-10-01T15:01:34Z,48.3600,-4.7800,1011.3,0,6.1866,-0.0431,01111011
EXSH0001,2016-10-01T15:06:34Z,48.3600,-4.7800,1011.3,0,6.2472,-0.0575,01111011
EXSH0001,2016-10-01T15:11:34Z,48.3600,-4.7800,1011.3,0,6.3464,-0.0234,01111011
EXSH0001,2016-10-01T15:16:34Z,48.3600,-4.7800,1011.3,0,6.3992,-0.0386,01111011
EXSH0001,2016-10-01T15:21:34Z,48.3600,-4.7800,1011.3,0,6.4628,-0.0431,01111011
EXSH0001,2016-10-01T15:26:34Z,48.3600,-4.7800,1011.3,0,6.528,-0.0298,01111011
EXSH0001,2016-10-01T15:31:34Z,48.3600,-4.7800,1011.3,0,6.5761,-0.0263,01111011
EXSH0001,2016-10-01T15:36:34Z,48.3600,-4.7800,1011.3,0,6.6208,-0.0285,01111011
EXSH0001,2016-10-01T15:41:34Z,48.3600,-4.7800,1011.3,0,6.6594,-0.0268,01111011
EXSH0001,2016-10-01T15:46:34Z,48.3600,-4.7800,1011.3,0,6.7045,-0.0217,01111011
EXSH0001,2016-10-01T15:51:34Z,48.3600,-4.7800,1011.3,0,6.7346,-0.0216,01111011
EXSH0001,2016-10-01T15:56:34Z,48.3600,-4.7800,1011.3,0,6.7697,-0.0065,01111011
EXSH0001,2016-10-01T16:01:34Z,48.3600,-4.7800,1011.7,0,6.7915,-0.0066,01111011
EXSH0001,2016-10-01T16:06:34Z,48.3600,-4.7800,1011.7,0,6.7995,-0.0036,01111011
EXSH0001,2016-10-01T16:11:34Z,48.3600,-4.7800,1011.7,0,6.8061,-0.0039,01111011
EXSH0001,2016-10-01T16:16:34Z,48.3600,-4.7800,1011.7,0,6.8135,0.0066,01111011
EXSH0001,2016-10-01T16:21:34Z,48.3600,-4.7800,1011.7,0,6.8077,0.0077,01111011
EXSH0001,2016-10-01T16:26:34Z,48.3600,-4.7800,1011.7,0,6.8082,0.0213,01111011
EXSH0001,2016-10-01T16:31:34Z,48.3600,-4.7800,1011.7,0,6.795,0.0235,01111011
EXSH0001,2016-10-01T16:36:34Z,48.3600,-4.7800,1011.7,0,6.7623,0.0208,01111011
EXSH0001,2016-10-01T16:41:34Z,48.3600,-4.7800,1011.7,0,6.7295,0.018,01111011
EXSH0001,2016-10-01T16:46:34Z,48.3600,-4.7800,1011.7,0,6.6945,0.013,01111011
EXSH0001,2016-10-01T16:51:34Z,48.3600,-4.7800,1011.7,0,6.6596,0.0224,01111011
EXSH0001,2016-10-01T16:56:34Z,48.3600,-4.7800,1011.7,0,6.6252,0.033,01111011
EXSH0001,2016-10-01T17:01:34Z,48.3600,-4.7800,1012.1,0,6.5713,0.0283,01111011
EXSH0001,2016-10-01T17:06:34Z,48.3600,-4.7800,1012.1,0,6.5151,0.0321,01111011
EXSH0001,2016-10-01T17:11:34Z,48.3600,-4.7800,1012.1,0,6.4312,0.0082,01111011
EXSH0001,2016-10-01T17:16:34Z,48.3600,-4.7800,1012.1,0,6.3769,0.0139,01111011
EXSH0001,2016-10-01T17:21:34Z,48.3600,-4.7800,1012.1,0,6.3134,0.0247,01111011
EXSH0001,2016-10-01T17:26:34Z,48.3600,-4.7800,1012.1,0,6.2471,0.0241,01111011
EXSH0001,2016-10-01T17:31:34Z,48.3600,-4.7800,1012.1,0,6.1767,0.0106,01111011
EXSH0001,2016-10-01T17:36:34Z,48.3600,-4.7800,1012.1,0,6.1193,0.0376,01111011
EXSH0001,2016-10-01T17:41:34Z,48.3600,-4.7800,1012.1,0,6.0447,0.0386,01111011
EXSH0001,2016-10-01T17:46:34Z,48.3600,-4.7800,1012.1,0,5.9725,0.0564,01111011
EXSH0001,2016-10-01T17:51:34Z,48.3600,-4.7800,1012.1,0,5.8813,0.0452,01111011
EXSH0001,2016-10-01T17:56:34Z,48.3600,-4.7800,1012.1,0,5.7947,0.0486,01111011
EXSH0001,2016-10-01T18:01:34Z,48.3600,-4.7800,1012.7,0,5.7148,0.0594,01111011
EXSH0001,2016-10-01T18:06:34Z,48.3600,-4.7800,1012.7,0,5.6215,0.0654,01111011
EXSH0001,2016-10-01T18:11:34Z,48.3600,-4.7800,1012.7,0,5.5268,0.0614,01111011
EXSH0001,2016-10-01T18:16:34Z,48.3600,-4.7800,1012.7,0,5.4439,0.0778,01111011
EXSH0001,2016-10-01T18:21:34Z,48.3600,-4.7800,1012.7,0,5.3378,0.0717,01111011
EXSH0001,2016-10-01T18:26:34Z,48.3600,-4.7800,1012.7,0,5.2542,0.0838,01111011
EXSH0001,2016-10-01T18:31:34Z,48.3600,-4.7800,1012.7,0,5.1678,0.0757,01111011
EXSH0001,2016-10-01T18:36:34Z,48.3600,-4.7800,1012.7,0,5.0651,0.0681,01111011
EXSH0001,2016-10-01T18:41:34Z,48.3600,-4.7800,1012.7,0,4.9517,0.0596,01111011
EXSH0001,2016-10-01T18:46:34Z,48.3600,-4.7800,1012.7,0,4.8592,0.0722,01111011
EXSH0001,2016-10-01T18:51:34Z,48.3600,-4.7800,1012.7,0,4.762,0.0799,01111011
EXSH0001,2016-10-01T18:56:34Z,48.3600,-4.7800,1012.7,0,4.6552,0.0781,01111011
EXSH0001,2016-10-01T19:01:34Z,48.3600,-4.7800,1013.3,0,4.5454,0.0733,01111011
EXSH0001,2016-10-01T19:06:34Z,48.3600,-4.7800,1013.3,0,4.4323,0.0652,01111011
EXSH0001,2016-10-01T19:11:34Z,48.3600,-4.7800,1013.3,0,4.3281,0.066,01111011
EXSH0001,2016-10-01T19:16:34Z,48.3600,-4.7800,1013.3,0,4.2397,0.0827,01111011
EXSH0001,2016-10-01T19:21:34Z,48.3600,-4.7800,1013.3,0,4.1458,0.0938,01111011
EXSH0001,2016-10-01T19:26:34Z,48.3600,-4.7800,1013.3,0,4.0299,0.0828,01111011
EXSH0001,2016-10-01T19:31:34Z,48.3600,-4.7800,1013.3,0,3.9351,0.0675,01111011
EXSH0001,2016-10-01T19:36:34Z,48.3600,-4.7800,1013.3,0,3.8375,0.0749,01111011
EXSH0001,2016-10-01T19:41:34Z,48.3600,-4.7800,1013.3,0,3.7387,0.0811,01111011
EXSH0001,2016-10-01T19:46:34Z,48.3600,-4.7800,1013.3,0,3.6229,0.0703,01111011
EXSH0001,2016-10-01T19:51:34Z,48.3600,-4.7800,1013.3,0,3.5231,0.0655,01111011
EXSH0001,2016-10-01T19:56:34Z,48.3600,-4.7800,1013.3,0,3.4203,0.0677,01111011
EXSH0001,2016-10-01T20:01:34Z,48.3600,-4.7800,1013.8,0,3.3227,0.0751,01111011
EXSH0001,2016-10-01T20:06:34Z,48.3600,-4.7800,1013.8,0,3.2181,0.0673,01111011
EXSH0001,2016-10-01T20:11:34Z,48.3600,-4.7800,1013.8,0,3.1215,0.0739,01111011
EXSH0001,2016-10-01T20:16:34Z,48.3600,-4.7800,1013.8,0,3.0155,0.0647,01111011
EXSH0001,2016-10-01T20:21:34Z,48.3600,-4.7800,1013.8,0,2.9211,0.0703,01111011
EXSH0001,2016-10-01T20:26:34Z,48.3600,-4.7800,1013.8,0,2.8444,0.0918,01111011
EXSH0001,2016-10-01T20:31:34Z,48.3600,-4.7800,1013.8,0,2.7391,0.0555,01111011
EXSH0001,2016-10-01T20:36:34Z,48.3600,-4.7800,1013.8,0,2.656,0.0668,01111011
EXSH0001,2016-10-01T20:41:34Z,48.3600,-4.7800,1013.8,0,2.5441,0.0505,01111011
EXSH0001,2016-10-01T20:46:34Z,48.3600,-4.7800,1013.8,0,2.4629,0.0593,01111011
EXSH0001,2016-10-01T20:51:34Z,48.3600,-4.7800,1013.8,0,2.3638,0.0408,01111011
EXSH0001,2016-10-01T20:56:34Z,48.3600,-4.7800,1013.8,0,2.2904,0.0568,01111011
EXSH0001,2016-10-01T21:01:34Z,48.3600,-4.7800,1014.1,0,2.1981,0.0451,01111011
EXSH0001,2016-10-01T21:06:34Z,48.3600,-4.7800,1014.1,0,2.1107,0.0427,01111011
EXSH0001,2016-10-01T21:11:34Z,48.3600,-4.7800,1014.1,0,2.0465,0.0535,01111011
EXSH0001,2016-10-01T21:16:34Z,48.3600,-4.7800,1014.1,0,1.9549,0.0369,01111011
EXSH0001,2016-10-01T21:21:34Z,48.3600,-4.7800,1014.1,0,1.8959,0.0529,01111011
EXSH0001,2016-10-01T21:26:34Z,48.3600,-4.7800,1014.1,0,1.8185,0.0361,01111011
EXSH0001,2016-10-01T21:31:34Z,48.3600,-4.7800,1014.1,0,1.7632,0.031,01111011
EXSH0001,2016-10-01T21:36:34Z,48.3600,-4.7800,1014.1,0,1.6729,0.0051,01111011
EXSH0001,2016-10-01T21:41:34Z,48.3600,-4.7800,1014.1,0,1.6146,0.0012,01111011
EXSH0001,2016-10-01T21:46:34Z,48.3600,-4.7800,1014.1,0,1.5689,0.0106,01111011
EXSH0001,2016-10-01T21:51:34Z,48.3600,-4.7800,1014.1,0,1.5135,0.0002,01111011
EXSH0001,2016-10-01T21:56:34Z,48.3600,-4.7800,1014.1,0,1.4723,0.004,01111011
EXSH0001,2016-10-01T22:01:34Z,48.3600,-4.7800,1014.6,0,1.4233,-0.0001,01111011
EXSH0001,2016-10-01T22:06:34Z,48.3600,-4.7800,1014.6,0,1.3898,0.0009,01111011
EXSH0001,2016-10-01T22:11:34Z,48.3600,-4.7800,1014.6,0,1.3506,-0.0083,01111011
EXSH0001,2016-10-01T22:16:34Z,48.3600,-4.7800,1014.6,0,1.3234,-0.0055,01111011
EXSH0001,2016-10-01T22:21:34Z,48.3600,-4.7800,1014.6,0,1.3139,0.0094,01111011
EXSH0001,2016-10-01T22:26:34Z,48.3600,-4.7800,1014.6,0,1.2947,0.0052,01111011
EXSH0001,2016-10-01T22:31:34Z,48.3600,-4.7800,1014.6,0,1.2965,0.0185,01111011
EXSH0001,2016-10-01T22:36:34Z,48.3600,-4.7800,1014.6,0,1.2919,0.0219,01111011
EXSH0001,2016-10-01T22:41:34Z,48.3600,-4.7800,1014.6,0,1.2793,0.0193,01111011
EXSH0001,2016-10-01T22:46:34Z,48.3600,-4.7800,1014.6,0,1.2791,0.0191,01111011
EXSH0001,2016-10-01T22:51:34Z,48.3600,-4.7800,1014.6,0,1.2906,0.0206,01111011
EXSH0001,2016-10-01T22:56:34Z,48.3600,-4.7800,1014.6,0,1.2787,0.0018,01111011
EXSH0001,2016-10-01T23:01:34Z,48.3600,-4.7800,1015.2,0,1.288,-0.004,01111011
EXSH0001,2016-10-01T23:06:34Z,48.3600,-4.7800,1015.2,0,1.285,-0.022,01111011
EXSH0001,2016-10-01T23:11:34Z,48.3600,-4.7800,1015.2,0,1.3041,-0.0298,01111011
EXSH0001,2016-10-01T23:16:34Z,48.3600,-4.7800,1015.2,0,1.3316,-0.0323,01111011
EXSH0001,2016-10-01T23:21:34Z,48.3600,-4.7800,1015.2,0,1.3567,-0.0472,01111011
EXSH0001,2016-10-01T23:26:34Z,48.3600,-4.7800,1015.2,0,1.4225,-0.0183,01111011
EXSH0001,2016-10-01T23:31:34Z,48.3600,-4.7800,1015.2,0,1.4568,-0.0175,01111011
EXSH0001,2016-10-01T23:36:34Z,48.3600,-4.7800,1015.2,0,1.5241,0.0017,01111011
EXSH0001,2016-10-01T23:41:34Z,48.3600,-4.7800,1015.2,0,1.577,-0.0054,01111011
EXSH0001,2016-10-01T23:46:34Z,48.3600,-4.7800,1015.2,0,1.6317,-0.0107,01111011
EXSH0001,2016-10-01T23:51:34Z,48.3600,-4.7800,1015.2,0,1.7203,0.0098,01111011
EXSH0001,2016-10-01T23:56:34Z,48.3600,-4.7800,1015.2,0,1.7827,0.0072,01111011
EXSH0001,2016-10-02T00:01:34Z,48.3600,-4.7800,1015.4,0,1.8483,-0.0103,01111011
EXSH0001,2016-10-02T00:06:34Z,48.3600,-4.7800,1015.4,0,1.9207,-0.0179,01111011
EXSH0001,2016-10-02T00:11:34Z,48.3600,-4.7800,1015.4,0,2.0174,-0.0112,01111011
EXSH0001,2016-10-02T00:16:34Z,48.3600,-4.7800,1015.4,0,2.083,-0.0356,01111011
EXSH0001,2016-10-02T00:21:34Z,48.3600,-4.7800,1015.4,0,2.1968,-0.0199,01111011
EXSH0001,2016-10-02T00:26:34Z,48.3600,-4.7800,1015.4,0,2.2817,-0.03,01111011
EXSH0001,2016-10-02T00:31:34Z,48.3600,-4.7800,1015.4,0,2.3974,-0.0023,01111011
EXSH0001,2016-10-02T00:36:34Z,48.3600,-4.7800,1015.4,0,2.4817,-0.023,01111011
EXSH0001,2016-10-02T00:41:34Z,48.3600,-4.7800,1015.4,0,2.6195,-0.0002,01111011
EXSH0001,2016-10-02T00:46:34Z,48.3600,-4.7800,1015.4,0,2.7248,-0.0092,01111011
EXSH0001,2016-10-02T00:51:34Z,48.3600,-4.7800,1015.4,0,2.8332,-0.0208,01111011
EXSH0001,2016-10-02T00:56:34Z,48.3600,-4.7800,1015.4,0,2.9521,-0.0219,01111011
EXSH0001,2016-10-02T01:01:34Z,48.3600,-4.7800,1015.7,0,3.0555,-0.0385,01111011
EXSH0001,2016-10-02T01:06:34Z,48.3600,-4.7800,1015.7,0,3.1733,-0.05,01111011
EXSH0001,2016-10-02T01:11:34Z,48.3600,-4.7800,1015.7,0,3.3027,-0.0413,01111011
EXSH0001,2016-10-02T01:16:34Z,48.3600,-4.7800,1015.7,0,3.4171,-0.0562,01111011
EXSH0001,2016-10-02T01:21:34Z,48.3600,-4.7800,1015.7,0,3.5346,-0.0636,01111011
EXSH0001,2016-10-02T01:26:34Z,48.3600,-4.7800,1015.7,0,3.6621,-0.0619,01111011
EXSH0001,2016-10-02T01:31:34Z,48.3600,-4.7800,1015.7,0,3.7906,-0.0346,01111011
EXSH0001,2016-10-02T01:36:34Z,48.3600,-4.7800,1015.7,0,3.9075,-0.0433,01111011
EXSH0001,2016-10-02T01:41:34Z,48.3600,-4.7800,1015.7,0,4.0395,-0.0364,01111011
EXSH0001,2016-10-02T01:46:34Z,48.3600,-4.7800,1015.7,0,4.1697,-0.0355,01111011
EXSH0001,2016-10-02T01:51:34Z,48.3600,-4.7800,1015.7,0,4.2679,-0.0673,01111011
EXSH0001,2016-10-02T01:56:34Z,48.3600,-4.7800,1015.7,0,4.3831,-0.0721,01111011
EXSH0001,2016-10-02T02:01:34Z,48.3600,-4.7800,1015.7,0,4.5009,-0.0743,01111011
EXSH0001,2016-10-02T02:06:34Z,48.3600,-4.7800,1015.7,0,4.6309,-0.0643,01111011
EXSH0001,2016-10-02T02:11:34Z,48.3600,-4.7800,1015.7,0,4.7496,-0.0656,01111011
EXSH0001,2016-10-02T02:16:34Z,48.3600,-4.7800,1015.7,0,4.8637,-0.0715,01111011
EXSH0001,2016-10-02T02:21:34Z,48.3600,-4.7800,1015.7,0,4.9861,-0.0684,01111011
EXSH0001,2016-10-02T02:26:34Z,48.3600,-4.7800,1015.7,0,5.0956,-0.0696,01111011
EXSH0001,2016-10-02T02:31:34Z,48.3600,-4.7800,1015.7,0,5.2056,-0.0424,01111011
EXSH0001,2016-10-02T02:36:34Z,48.3600,-4.7800,1015.7,0,5.3009,-0.0539,01111011
EXSH0001,2016-10-02T02:41:34Z,48.3600,-4.7800,1015.7,0,5.4084,-0.0595,01111011
EXSH0001,2016-10-02T02:46:34Z,48.3600,-4.7800,1015.7,0,5.5154,-0.0476,01111011
EXSH0001,2016-10-02T02:51:34Z,48.3600,-4.7800,1015.7,0,5.6043,-0.0636,01111011
EXSH0001,2016-10-02T02:56:34Z,48.3600,-4.7800,1015.7,0,5.6985,-0.0644,01111011
EXSH0001,2016-10-02T03:01:34Z,48.3600,-4.7800,1015.7,0,5.7849,-0.0762,01111011
EXSH0001,2016-10-02T03:06:34Z,48.3600,-4.7800,1015.7,0,5.8824,-0.0687,01111011
EXSH0001,2016-10-02T03:11:34Z,48.3600,-4.7800,1015.7,0,5.9696,-0.0715,01111011
EXSH0001,2016-10-02T03:16:34Z,48.3600,-4.7800,1015.7,0,6.0521,-0.069,01111011
EXSH0001,2016-10-02T03:21:34Z,48.3600,-4.7800,1015.7,0,6.131,-0.0732,01111011
EXSH0001,2016-10-02T03:26:34Z,48.3600,-4.7800,1015.7,0,6.2092,-0.07,01111011
EXSH0001,2016-10-02T03:31:34Z,48.3600,-4.7800,1015.7,0,6.2767,-0.0561,01111011
EXSH0001,2016-10-02T03:36:34Z,48.3600,-4.7800,1015.7,0,6.3409,-0.0601,01111011
EXSH0001,2016-10-02T03:41:34Z,48.3600,-4.7800,1015.7,0,6.3873,-0.0723,01111011
EXSH0001,2016-10-02T03:46:34Z,48.3600,-4.7800,1015.7,0,6.4561,-0.0567,01111011
EXSH0001,2016-10-02T03:51:34Z,48.3600,-4.7800,1015.7,0,6.5006,-0.0622,01111011
EXSH0001,2016-10-02T03:56:34Z,48.3600,-4.7800,1015.7,0,6.5675,-0.0389,01111011
EXSH0001,2016-10-02T04:01:34Z,48.3600,-4.7800,1015.8,0,6.5901,-0.0563,01111011
EXSH0001,2016-10-02T04:06:34Z,48.3600,-4.7800,1015.8,0,6.6292,-0.0472,01111011
EXSH0001,2016-10-02T04:11:34Z,48.3600,-4.7800,1015.8,0,6.6543,-0.0521,01111011
EXSH0001,2016-10-02T04:16:34Z,48.3600,-4.7800,1015.8,0,6.6724,-0.0558,01111011
EXSH0001,2016-10-02T04:21:34Z,48.3600,-4.7800,1015.8,0,6.7009,-0.0391,01111011
EXSH0001,2016-10-02T04:26:34Z,48.3600,-4.7800,1015.8,0,6.7018,-0.0464,01111011
EXSH0001,2016-10-02T04:31:34Z,48.3600,-4.7800,1015.8,0,6.7293,-0.0207,01111011
EXSH0001,2016-10-02T05:37:33Z,48.3600,-4.7800,,0,6.2429,-0.0096,01119011
EXSH0001,2016-10-02T05:42:33Z,48.3600,-4.7800,,0,6.1745,-0.003,01119011
EXSH0001,2016-10-02T05:47:33Z,48.3600,-4.7800,,0,6.1095,0.007,01119011
EXSH0001,2016-10-02T05:52:33Z,48.3600,-4.7800,,0,6.0389,0.0114,01119011
EXSH0001,2016-10-02T05:57:33Z,48.3600,-4.7800,,0,5.9745,0.032,01119011
EXSH0001,2016-10-02T06:02:33Z,48.3600,-4.7800,1016.5,0,5.8827,0.0237,01111011
EXSH0001,2016-10-02T06:07:33Z,48.3600,-4.7800,1016.5,0,5.8005,0.028,01111011
EXSH0001,2016-10-02T06:12:33Z,48.3600,-4.7800,1016.5,0,5.7149,0.0259,01111011
EXSH0001,2016-10-02T06:17:33Z,48.3600,-4.7800,1016.5,0,5.6339,0.0384,01111011
EXSH0001,2016-10-02T06:22:33Z,48.3600,-4.7800,1016.5,0,5.5469,0.0479,01111011
EXSH0001,2016-10-02T06:27:33Z,48.3600,-4.7800,1016.5,0,5.4626,0.0571,01111011
EXSH0001,2016-10-02T06:32:33Z,48.3600,-4.7800,1016.5,0,5.3576,0.027,01111011
EXSH0001,2016-10-02T06:37:33Z,48.3600,-4.7800,1016.5,0,5.2641,0.0334,01111011
EXSH0001,2016-10-02T06:42:33Z,48.3600,-4.7800,1016.5,0,5.1909,0.0552,01111011
EXSH0001,2016-10-02T06:47:33Z,48.3600,-4.7800,1016.5,0,5.0863,0.0556,01111011
EXSH0001,2016-10-02T06:52:33Z,48.3600,-4.7800,1016.5,0,4.9679,0.0322,01111011
EXSH0001,2016-10-02T06:57:33Z,48.3600,-4.7800,1016.5,0,4.8761,0.0454,01111011
EXSH0001,2016-10-02T07:02:33Z,48.3600,-4.7800,1016.9,0,4.781,0.0553,01111011
EXSH0001,2016-10-02T07:07:33Z,48.3600,-4.7800,1016.9,0,4.6802,0.0595,01111011
EXSH0001,2016-10-02T07:12:33Z,48.3600,-4.7800,1016.9,0,4.5855,0.0698,01111011
EXSH0001,2016-10-02T07:17:33Z,48.3600,-4.7800,1016.9,0,4.4629,0.0522,01111011
EXSH0001,2016-10-02T07:22:33Z,48.3600,-4.7800,1016.9,0,4.3734,0.0677,01111011
EXSH0001,2016-10-02T07:27:33Z,48.3600,-4.7800,1016.9,0,4.2669,0.0662,01111011
EXSH0001,2016-10-02T07:32:33Z,48.3600,-4.7800,1016.9,0,4.1581,0.0354,01111011
EXSH0001,2016-10-02T07:37:33Z,48.3600,-4.7800,1016.9,0,4.0635,0.0459,01111011
EXSH0001,2016-10-02T07:42:33Z,48.3600,-4.7800,1016.9,0,3.9596,0.0469,01111011
EXSH0001,2016-10-02T07:47:33Z,48.3600,-4.7800,1016.9,0,3.8547,0.0471,01111011
EXSH0001,2016-10-02T07:52:33Z,48.3600,-4.7800,1016.9,0,3.7609,0.0572,01111011
EXSH0001,2016-10-02T07:57:33Z,48.3600,-4.7800,1016.9,0,3.6471,0.0394,01111011
EXSH0001,2016-10-02T08:02:33Z,48.3600,-4.7800,1017.6,0,3.5403,0.0376,01111011
EXSH0001,2016-10-02T08:07:33Z,48.3600,-4.7800,1017.6,0,3.44,0.0423,01111011
EXSH0001,2016-10-02T08:12:33Z,48.3600,-4.7800,1017.6,0,3.3538,0.0601,01111011
EXSH0001,2016-10-02T08:17:33Z,48.3600,-4.7800,1017.6,0,3.2649,0.0673,01111011
EXSH0001,2016-10-02T08:22:33Z,48.3600,-4.7800,1017.6,0,3.1605,0.0668,01111011
EXSH0001,2016-10-02T08:27:33Z,48.3600,-4.7800,1017.6,0,3.0689,0.0713,01111011
EXSH0001,2016-10-02T08:32:33Z,48.3600,-4.7800,1017.6,0,2.9656,0.0388,01111011
EXSH0001,2016-10-02T08:37:33Z,48.3600,-4.7800,1017.6,0,2.8766,0.0498,01111011
EXSH0001,2016-10-02T08:42:33Z,48.3600,-4.7800,1017.6,0,2.7881,0.0513,01111011
EXSH0001,2016-10-02T08:47:33Z,48.3600,-4.7800,1017.6,0,2.6903,0.0457,01111011
EXSH0001,2016-10-02T08:52:33Z,48.3600,-4.7800,1017.6,0,2.6004,0.0536,01111011
EXSH0001,2016-10-02T08:57:33Z,48.3600,-4.7800,1017.6,0,2.4967,0.0299,01111011
EXSH0001,2016-10-02T09:02:33Z,48.3600,-4.7800,1018.2,0,2.4111,0.0343,01111011
EXSH0001,2016-10-02T09:07:33Z,48.3600,-4.7800,1018.2,0,2.3225,0.0335,01111011
EXSH0001,2016-10-02T09:12:33Z,48.3600,-4.7800,1018.2,0,2.2335,0.0195,01111011
EXSH0001,2016-10-02T09:17:33Z,48.3600,-4.7800,1018.2,0,2.1576,0.0286,01111011
EXSH0001,2016-10-02T09:22:33Z,48.3600,-4.7800,1018.2,0,2.0691,0.0151,01111011
EXSH0001,2016-10-02T09:27:33Z,48.3600,-4.7800,1018.2,0,2.0104,0.0314,01111011
EXSH0001,2016-10-02T09:32:33Z,48.3600,-4.7800,1018.2,0,1.919,-0.0066,01111011
EXSH0001,2016-10-02T09:37:33Z,48.3600,-4.7800,1018.2,0,1.8665,0.0095,01111011
EXSH0001,2016-10-02T09:42:33Z,48.3600,-4.7800,1018.2,0,1.8006,0.005,01111011
EXSH0001,2016-10-02T09:47:33Z,48.3600,-4.7800,1018.2,0,1.7454,0.0098,01111011
EXSH0001,2016-10-02T09:52:33Z,48.3600,-4.7800,1018.2,0,1.6622,-0.017,01111011
EXSH0001,2016-10-02T09:57:33Z,48.3600,-4.7800,1018.2,0,1.598,-0.0276,01111011
EXSH0001,2016-10-02T10:02:33Z,48.3600,-4.7800,1018.5,0,1.5501,-0.0291,01111011
EXSH0001,2016-10-02T10:07:33Z,48.3600,-4.7800,1018.5,0,1.4991,-0.0351,01111011
EXSH0001,2016-10-02T10:12:33Z,48.3600,-4.7800,1018.5,0,1.4655,-0.0273,01111011
EXSH0001,2016-10-02T10:17:33Z,48.3600,-4.7800,1018.5,0,1.4249,-0.0379,01111011
EXSH0001,2016-10-02T10:22:33Z,48.3600,-4.7800,1018.5,0,1.4123,-0.0141,01111011
EXSH0001,2016-10-02T10:27:33Z,48.3600,-4.7800,1018.5,0,1.3771,-0.0257,01111011
EXSH0001,2016-10-02T10:32:33Z,48.3600,-4.7800,1018.5,0,1.3553,-0.0251,01111011
EXSH0001,2016-10-02T10:37:33Z,48.3600,-4.7800,1018.5,0,1.3408,-0.0244,01111011
EXSH0001,2016-10-02T10:42:33Z,48.3600,-4.7800,1018.5,0,1.3229,-0.0273,01111011
EXSH0001,2016-10-02T10:47:33Z,48.3600,-4.7800,1018.5,0,1.3175,-0.0225,01111011
EXSH0001,2016-10-02T10:52:33Z,48.3600,-4.7800,1018.5,0,1.3059,-0.0243,01111011
EXSH0001,2016-10-02T10:57:33Z,48.3600,-4.7800,1018.5,0,1.3177,-0.0171,01111011
EXSH0001,2016-10-02T11:02:33Z,48.3600,-4.7800,1018.7,0,1.3117,-0.0283,01111011
EXSH0001,2016-10-02T11:07:33Z,48.3600,-4.7800,1018.7,0,1.3123,-0.0325,01111011
EXSH0001,2016-10-02T11:12:33Z,48.3600,-4.7800,1018.7,0,1.3052,-0.0546,01111011
EXSH0001,2016-10-02T11:17:33Z,48.3600,-4.7800,1018.7,0,1.3231,-0.0565,01111011
EXSH0001,2016-10-02T11:22:33Z,48.3600,-4.7800,1018.7,0,1.3338,-0.0758,01111011
EXSH0001,2016-10-02T11:27:33Z,48.3600,-4.7800,1018.7,0,1.3642,-0.0702,01111011
EXSH0001,2016-10-02T11:32:33Z,48.3600,-4.7800,1018.7,0,1.396,-0.0663,01111011
EXSH0001,2016-10-02T11:37:33Z,48.3600,-4.7800,1018.7,0,1.4339,-0.0596,01111011
EXSH0001,2016-10-02T11:42:33Z,48.3600,-4.7800,1018.7,0,1.4908,-0.0477,01111011
EXSH0001,2016-10-02T11:47:33Z,48.3600,-4.7800,1018.7,0,1.5191,-0.0744,01111011
EXSH0001,2016-10-02T11:52:33Z,48.3600,-4.7800,1018.7,0,1.5877,-0.0569,01111011
EXSH0001,2016-10-02T11:57:33Z,48.3600,-4.7800,1018.7,0,1.6299,-0.0747,01111011
EXSH0001,2016-10-02T12:02:33Z,48.3600,-4.7800,1019,0,1.6998,-0.0648,01111011
EXSH0001,2016-10-02T12:07:33Z,48.3600,-4.7800,1019,0,1.7769,-0.0589,01111011
EXSH0001,2016-10-02T12:12:33Z,48.3600,-4.7800,1019,0,1.862,-0.0487,01111011
EXSH0001,2016-10-02T12:17:33Z,48.3600,-4.7800,1019,0,1.9192,-0.0765,01111011
EXSH0001,2016-10-02T12:22:33Z,48.3600,-4.7800,1019,0,2.0159,-0.061,01111011
EXSH0001,2016-10-02T12:27:33Z,48.3600,-4.7800,1019,0,2.0935,-0.0734,01111011
EXSH0001,2016-10-02T12:32:33Z,48.3600,-4.7800,1019,0,2.1845,-0.052,01111011
EXSH0001,2016-10-02T12:37:33Z,48.3600,-4.7800,1019,0,2.2772,-0.0569,01111011
EXSH0001,2016-10-02T12:42:33Z,48.3600,-4.7800,1019,0,2.3782,-0.0582,01111011
EXSH0001,2016-10-02T12:47:33Z,48.3600,-4.7800,1019,0,2.4851,-0.0564,01111011
EXSH0001,2016-10-02T12:52:33Z,48.3600,-4.7800,1019,0,2.5779,-0.0709,01111011
EXSH0001,2016-10-02T12:57:33Z,48.3600,-4.7800,1019,0,2.7,-0.0688,01111011
EXSH0001,2016-10-02T13:02:33Z,48.3600,-4.7800,1019,0,2.8229,-0.0559,01111011
EXSH0001,2016-10-02T13:07:33Z,48.3600,-4.7800,1019,0,2.9309,-0.0679,01111011
EXSH0001,2016-10-02T13:12:33Z,48.3600,-4.7800,1019,0,3.0426,-0.0762,01111011
EXSH0001,2016-10-02T13:17:33Z,48.3600,-4.7800,1019,0,3.1737,-0.0724,01111011
EXSH0001,2016-10-02T13:22:33Z,48.3600,-4.7800,1019,0,3.2853,-0.0835,01111011
EXSH0001,2016-10-02T13:27:33Z,48.3600,-4.7800,1019,0,3.4151,-0.0811,01111011
EXSH0001,2016-10-02T13:32:33Z,48.3600,-4.7800,1019,0,3.5352,-0.0528,01111011
EXSH0001,2016-10-02T13:37:33Z,48.3600,-4.7800,1019,0,3.651,-0.067,01111011
EXSH0001,2016-10-02T13:42:33Z,48.3600,-4.7800,1019,0,3.786,-0.0605,01111011
EXSH0001,2016-10-02T13:47:33Z,48.3600,-4.7800,1019,0,3.8983,-0.0697,01111011
EXSH0001,2016-10-02T13:52:33Z,48.3600,-4.7800,1019,0,4.0183,-0.0782,01111011
EXSH0001,2016-10-02T13:57:33Z,48.3600,-4.7800,1019,0,4.1403,-0.0812,01111011
EXSH0001,2016-10-02T14:02:33Z,48.3600,-4.7800,1019.2,0,4.2656,-0.0824,01111011
EXSH0001,2016-10-02T14:07:33Z,48.3600,-4.7800,1019.2,0,4.3936,-0.0744,01111011
EXSH0001,2016-10-02T14:12:33Z,48.3600,-4.7800,1019.2,0,4.5033,-0.0847,01111011
EXSH0001,2016-10-02T14:17:33Z,48.3600,-4.7800,1019.2,0,4.6307,-0.0838,01111011
EXSH0001,2016-10-02T14:22:33Z,48.3600,-4.7800,1019.2,0,4.7568,-0.0712,01111011
EXSH0001,2016-10-02T14:27:33Z,48.3600,-4.7800,1019.2,0,4.8665,-0.0815,01111011
EXSH0001,2016-10-02T14:32:33Z,48.3600,-4.7800,1019.2,0,4.9679,-0.0664,01111011
EXSH0001,2016-10-02T14:37:33Z,48.3600,-4.7800,1019.2,0,5.0924,-0.0568,01111011
EXSH0001,2016-10-02T14:42:33Z,48.3600,-4.7800,1019.2,0,5.2021,-0.0571,01111011
EXSH0001,2016-10-02T14:47:33Z,48.3600,-4.7800,1019.2,0,5.3023,-0.067,01111011
EXSH0001,2016-10-02T14:52:33Z,48.3600,-4.7800,1019.2,0,5.4117,-0.0626,01111011
EXSH0001,2016-10-02T14:57:33Z,48.3600,-4.7800,1019.2,0,5.5045,-0.0748,01111011
EXSH0001,2016-10-02T15:02:33Z,48.3600,-4.7800,1019.2,0,5.6229,-0.0514,01111011
EXSH0001,2016-10-02T15:07:33Z,48.3600,-4.7800,1019.2,0,5.7159,-0.0535,01111011
EXSH0001,2016-10-02T15:12:33Z,48.3600,-4.7800,1019.2,0,5.7999,-0.0695,01111011
EXSH0001,2016-10-02T15:17:33Z,48.3600,-4.7800,1019.2,0,5.8861,-0.0733,01111011
EXSH0001,2016-10-02T15:22:33Z,48.3600,-4.7800,1019.2,0,5.9695,-0.075,01111011
EXSH0001,2016-10-02T15:27:33Z,48.3600,-4.7800,1019.2,0,6.055,-0.0744,01111011
EXSH0001,2016-10-02T15:32:33Z,48.3600,-4.7800,1019.2,0,6.1311,-0.0541,01111011
EXSH0001,2016-10-02T15:37:33Z,48.3600,-4.7800,1019.2,0,6.1955,-0.0648,01111011
EXSH0001,2016-10-02T15:42:33Z,48.3600,-4.7800,1019.2,0,6.2764,-0.0589,01111011
EXSH0001,2016-10-02T15:47:33Z,48.3600,-4.7800,1019.2,0,6.3478,-0.0564,01111011
EXSH0001,2016-10-02T15:52:33Z,48.3600,-4.7800,1019.2,0,6.4131,-0.0511,01111011
EXSH0001,2016-10-02T15:57:33Z,48.3600,-4.7800,1019.2,0,6.4737,-0.0505,01111011
EXSH0001,2016-10-02T16:02:33Z,48.3600,-4.7800,1019,0,6.5356,-0.0376,01111011
EXSH0001,2016-10-02T16:07:33Z,48.3600,-4.7800,1019,0,6.5746,-0.0435,01111011
EXSH0001,2016-10-02T16:12:33Z,48.3600,-4.7800,1019,0,6.6264,-0.0357,01111011
EXSH0001,2016-10-02T16:17:33Z,48.3600,-4.7800,1019,0,6.6544,-0.0377,01111011
EXSH0001,2016-10-02T16:22:33Z,48.3600,-4.7800,1019,0,6.6871,-0.035,01111011
EXSH0001,2016-10-02T16:27:33Z,48.3600,-4.7800,1019,0,6.7047,-0.0414,01111011
EXSH0001,2016-10-02T16:32:33Z,48.3600,-4.7800,1019,0,6.7274,-0.0298,01111011
EXSH0001,2016-10-02T16:37:33Z,48.3600,-4.7800,1019,0,6.733,-0.037,01111011
EXSH0001,2016-10-02T16:42:33Z,48.3600,-4.7800,1019,0,6.7805,0.0033,01111011
EXSH0001,2016-10-02T16:47:33Z,48.3600,-4.7800,1019,0,6.7779,0.0001,01111011
EXSH0001,2016-10-02T16:52:33Z,48.3600,-4.7800,1019,0,6.7681,-0.0019,01111011
EXSH0001,2016-10-02T16:57:33Z,48.3600,-4.7800,1019,0,6.7466,-0.0112,01111011
EXSH0001,2016-10-02T17:02:33Z,48.3600,-4.7800,1019.3,0,6.7335,-0.0021,01111011
EXSH0001,2016-10-02T17:07:33Z,48.3600,-4.7800,1019.3,0,6.7211,0.0155,01111011
EXSH0001,2016-10-02T17:12:33Z,48.3600,-4.7800,1019.3,0,6.6639,-0.0117,01111011
EXSH0001,2016-10-02T17:17:33Z,48.3600,-4.7800,1019.3,0,6.6582,0.0148,01111011
EXSH0001,2016-10-02T17:22:33Z,48.3600,-4.7800,1019.3,0,6.5937,-0.0047,01111011
EXSH0001,2016-10-02T17:27:33Z,48.3600,-4.7800,1019.3,0,6.5605,0.0071,01111011
EXSH0001,2016-10-02T17:32:33Z,48.3600,-4.7800,1019.3,0,6.5074,-0.0082,01111011
EXSH0001,2016-10-02T17:37:33Z,48.3600,-4.7800,1019.3,0,6.45,-0.0056,01111011
EXSH0001,2016-10-02T17:42:33Z,48.3600,-4.7800,1019.3,0,6.383,-0.019,01111011
EXSH0001,2016-10-02T17:47:33Z,48.3600,-4.7800,1019.3,0,6.3236,-0.012,01111011
EXSH0001,2016-10-02T17:52:33Z,48.3600,-4.7800,1019.3,0,6.248,-0.024,01111011
EXSH0001,2016-10-02T17:57:33Z,48.3600,-4.7800,1019.3,0,6.1982,0.0012,01111011
EXSH0001,2016-10-02T18:02:33Z,48.3600,-4.7800,1019.7,0,6.1163,-0.0057,01111011
EXSH0001,2016-10-02T18:07:33Z,48.3600,-4.7800,1019.7,0,6.0597,0.0127,01111011
EXSH0001,2016-10-02T18:12:33Z,48.3600,-4.7800,1019.7,0,5.9853,0.0233,01111011
EXSH0001,2016-10-02T18:17:33Z,48.3600,-4.7800,1019.7,0,5.9112,0.0328,01111011
EXSH0001,2016-10-02T18:22:33Z,48.3600,-4.7800,1019.7,0,5.8374,0.039,01111011
EXSH0001,2016-10-02T18:27:33Z,48.3600,-4.7800,1019.7,0,5.7456,0.0372,01111011
EXSH0001,2016-10-02T18:32:33Z,48.3600,-4.7800,1019.7,0,5.6551,0.0139,01111011
EXSH0001,2016-10-02T18:37:33Z,48.3600,-4.7800,1019.7,0,5.561,0.0098,01111011
EXSH0001,2016-10-02T18:42:33Z,48.3600,-4.7800,1019.7,0,5.4755,0.0241,01111011
EXSH0001,2016-10-02T18:47:33Z,48.3600,-4.7800,1019.7,0,5.3869,0.0257,01111011
EXSH0001,2016-10-02T18:52:33Z,48.3600,-4.7800,1019.7,0,5.3003,0.0389,01111011
EXSH0001,2016-10-02T18:57:33Z,48.3600,-4.7800,1019.7,0,5.2211,0.0547,01111011
EXSH0001,2016-10-02T19:02:33Z,48.3600,-4.7800,1020.2,0,5.1198,0.0486,01111011
EXSH0001,2016-10-02T19:07:33Z,48.3600,-4.7800,1020.2,0,5.0069,0.0405,01111011
EXSH0001,2016-10-02T19:12:33Z,48.3600,-4.7800,1020.2,0,4.9147,0.0435,01111011
EXSH0001,2016-10-02T19:17:33Z,48.3600,-4.7800,1020.2,0,4.8103,0.0439,01111011
EXSH0001,2016-10-02T19:22:33Z,48.3600,-4.7800,1020.2,0,4.7236,0.0622,01111011
EXSH0001,2016-10-02T19:27:33Z,48.3600,-4.7800,1020.2,0,4.6175,0.0611,01111011
EXSH0001,2016-10-02T19:32:33Z,48.3600,-4.7800,1020.2,0,4.5107,0.0276,01111011
EXSH0001,2016-10-02T19:37:33Z,48.3600,-4.7800,1020.2,0,4.4039,0.022,01111011
EXSH0001,2016-10-02T19:42:33Z,48.3600,-4.7800,1020.2,0,4.315,0.0381,01111011
EXSH0001,2016-10-02T19:47:33Z,48.3600,-4.7800,1020.2,0,4.2219,0.0499,01111011
EXSH0001,2016-10-02T19:52:33Z,48.3600,-4.7800,1020.2,0,4.108,0.041,01111011
EXSH0001,2016-10-02T19:57:33Z,48.3600,-4.7800,1020.2,0,4.0026,0.0406,01111011
EXSH0001,2016-10-02T20:02:33Z,48.3600,-4.7800,1020.7,0,3.9126,0.0556,01111011
EXSH0001,2016-10-02T20:07:33Z,48.3600,-4.7800,1020.7,0,3.8129,0.0598,01111011
EXSH0001,2016-10-02T20:12:33Z,48.3600,-4.7800,1020.7,0,3.7128,0.0558,01111011
EXSH0001,2016-10-02T20:17:33Z,48.3600,-4.7800,1020.7,0,3.6077,0.0557,01111011
EXSH0001,2016-10-02T20:22:33Z,48.3600,-4.7800,1020.7,0,3.4887,0.0417,01111011
EXSH0001,2016-10-02T20:27:33Z,48.3600,-4.7800,1020.7,0,3.3978,0.0459,01111011
EXSH0001,2016-10-02T20:32:33Z,48.3600,-4.7800,1020.7,0,3.3037,0.0301,01111011
EXSH0001,2016-10-02T20:37:33Z,48.3600,-4.7800,1020.7,0,3.208,0.0321,01111011
EXSH0001,2016-10-02T20:42:33Z,48.3600,-4.7800,1020.7,0,3.1145,0.041,01111011
EXSH0001,2016-10-02T20:47:33Z,48.3600,-4.7800,1020.7,0,3.01,0.0341,01111011
EXSH0001,2016-10-02T20:52:33Z,48.3600,-4.7800,1020.7,0,2.9239,0.0404,01111011
EXSH0001,2016-10-02T20:57:33Z,48.3600,-4.7800,1020.7,0,2.8355,0.0496,01111011
EXSH0001,2016-10-02T21:02:33Z,48.3600,-4.7800,1021.7,0,2.7431,0.0472,01111011
EXSH0001,2016-10-02T21:07:33Z,48.3600,-4.7800,1021.7,0,2.6427,0.0368,01111011
EXSH0001,2016-10-02T21:12:33Z,48.3600,-4.7800,1021.7,0,2.5432,0.0273,01111011
EXSH0001,2016-10-02T21:17:33Z,48.3600,-4.7800,1021.7,0,2.4619,0.036,01111011
EXSH0001,2016-10-02T21:22:33Z,48.3600,-4.7800,1021.7,0,2.3724,0.0341,01111011
EXSH0001,2016-10-02T21:27:33Z,48.3600,-4.7800,1021.7,0,2.2999,0.044,01111011
EXSH0001,2016-10-02T21:32:33Z,48.3600,-4.7800,1021.7,0,2.2039,0.0064,01111011
EXSH0001,2016-10-02T21:37:33Z,48.3600,-4.7800,1021.7,0,2.1123,-0.0102,01111011
EXSH0001,2016-10-02T21:42:33Z,48.3600,-4.7800,1021.7,0,2.042,-0.0055,01111011
EXSH0001,2016-10-02T21:47:33Z,48.3600,-4.7800,1021.7,0,1.9749,0.0024,01111011
EXSH0001,2016-10-02T21:52:33Z,48.3600,-4.7800,1021.7,0,1.8975,-0.0085,01111011
EXSH0001,2016-10-02T21:57:33Z,48.3600,-4.7800,1021.7,0,1.8383,0.0023,01111011
EXSH0001,2016-10-02T22:02:33Z,48.3600,-4.7800,1021.9,0,1.7887,0.0127,01111011
EXSH0001,2016-10-02T22:07:33Z,48.3600,-4.7800,1021.9,0,1.7273,0.0113,01111011
EXSH0001,2016-10-02T22:12:33Z,48.3600,-4.7800,1021.9,0,1.6805,0.016,01111011
EXSH0001,2016-10-02T22:17:33Z,48.3600,-4.7800,1021.9,0,1.6096,0.0001,01111011
EXSH0001,2016-10-02T22:22:33Z,48.3600,-4.7800,1021.9,0,1.5522,-0.0123,01111011
EXSH0001,2016-10-02T22:27:33Z,48.3600,-4.7800,1021.9,0,1.5059,-0.0136,01111011
EXSH0001,2016-10-02T22:32:33Z,48.3600,-4.7800,1021.9,0,1.4659,-0.0243,01111011
EXSH0001,2016-10-02T22:37:33Z,48.3600,-4.7800,1021.9,0,1.4335,-0.0168,01111011
EXSH0001,2016-10-02T22:42:33Z,48.3600,-4.7800,1021.9,0,1.4005,-0.0197,01111011
EXSH0001,2016-10-02T22:47:33Z,48.3600,-4.7800,1021.9,0,1.3843,-0.0059,01111011
EXSH0001,2016-10-02T22:52:33Z,48.3600,-4.7800,1021.9,0,1.3587,-0.0115,01111011
EXSH0001,2016-10-02T22:57:33Z,48.3600,-4.7800,1021.9,0,1.3405,-0.0096,01111011
EXSH0001,2016-10-02T23:02:33Z,48.3600,-4.7800,1022.2,0,1.3517,0.0117,01111011
EXSH0001,2016-10-02T23:07:33Z,48.3600,-4.7800,1022.2,0,1.3411,0.011,01111011
EXSH0001,2016-10-02T23:12:33Z,48.3600,-4.7800,1022.2,0,1.3315,0.0015,01111011
EXSH0001,2016-10-02T23:17:33Z,48.3600,-4.7800,1022.2,0,1.3304,0.0004,01111011
EXSH0001,2016-10-02T23:22:33Z,48.3600,-4.7800,1022.2,0,1.3325,0.0025,01111011
EXSH0001,2016-10-02T23:27:33Z,48.3600,-4.7800,1022.2,0,1.3285,-0.0114,01111011
EXSH0001,2016-10-02T23:32:33Z,48.3600,-4.7800,1022.2,0,1.3286,-0.0225,01111011
EXSH0001,2016-10-02T23:37:33Z,48.3600,-4.7800,1022.2,0,1.352,-0.0201,01111011
EXSH0001,2016-10-02T23:42:33Z,48.3600,-4.7800,1022.2,0,1.3461,-0.046,01111011
EXSH0001,2016-10-02T23:47:33Z,48.3600,-4.7800,1022.2,0,1.3996,-0.0225,01111011
EXSH0001,2016-10-02T23:52:33Z,48.3600,-4.7800,1022.2,0,1.416,-0.0372,01111011
EXSH0001,2016-10-02T23:57:33Z,48.3600,-4.7800,1022.2,0,1.4577,-0.0404,01111011
EXSH0001,2016-10-03T00:02:33Z,48.3600,-4.7800,1022.2,0,1.5068,-0.0364,01111011
EXSH0001,2016-10-03T00:07:33Z,48.3600,-4.7800,1022.2,0,1.5535,-0.0347,01111011
EXSH0001,2016-10-03T00:12:33Z,48.3600,-4.7800,1022.2,0,1.6307,-0.0135,01111011
EXSH0001,2016-10-03T00:17:33Z,48.3600,-4.7800,1022.2,0,1.6884,-0.0158,01111011
EXSH0001,2016-10-03T00:22:33Z,48.3600,-4.7800,1022.2,0,1.7815,0.0073,01111011
EXSH0001,2016-10-03T00:27:33Z,48.3600,-4.7800,1022.2,0,1.8221,-0.0182,01111011
EXSH0001,2016-10-03T00:32:33Z,48.3600,-4.7800,1022.2,0,1.8953,-0.0107,01111011
EXSH0001,2016-10-03T00:37:33Z,48.3600,-4.7800,1022.2,0,1.9508,-0.0324,01111011
EXSH0001,2016-10-03T00:42:33Z,48.3600,-4.7800,1022.2,0,2.0422,-0.031,01111011
EXSH0001,2016-10-03T00:47:33Z,48.3600,-4.7800,1022.2,0,2.1281,-0.0351,01111011
EXSH0001,2016-10-03T00:52:33Z,48.3600,-4.7800,1022.2,0,2.2313,-0.0219,01111011
EXSH0001,2016-10-03T00:57:33Z,48.3600,-4.7800,1022.2,0,2.3263,-0.0291,01111011
EXSH0001,2016-10-03T01:02:33Z,48.3600,-4.7800,1022.4,0,2.42,-0.0404,01111011
EXSH0001,2016-10-03T01:07:33Z,48.3600,-4.7800,1022.4,0,2.5107,-0.0547,01111011
EXSH0001,2016-10-03T01:12:33Z,48.3600,-4.7800,1022.4,0,2.6253,-0.0523,01111011
EXSH0001,2016-10-03T01:17:33Z,48.3600,-4.7800,1022.4,0,2.74,-0.0476,01111011
EXSH0001,2016-10-03T01:22:33Z,48.3600,-4.7800,1022.4,0,2.8354,-0.0722,01111011
EXSH0001,2016-10-03T01:27:33Z,48.3600,-4.7800,1022.4,0,2.9708,-0.0568,01111011
EXSH0001,2016-10-03T01:32:33Z,48.3600,-4.7800,1022.4,0,3.0779,-0.0409,01111011
EXSH0001,2016-10-03T01:37:33Z,48.3600,-4.7800,1022.4,0,3.2109,-0.0279,01111011
EXSH0001,2016-10-03T01:42:33Z,48.3600,-4.7800,1022.4,0,3.3114,-0.051,01111011
EXSH0001,2016-10-03T01:47:33Z,48.3600,-4.7800,1022.4,0,3.4206,-0.0682,01111011
EXSH0001,2016-10-03T01:52:33Z,48.3600,-4.7800,1022.4,0,3.5288,-0.0836,01111011
EXSH0001,2016-10-03T01:57:33Z,48.3600,-4.7800,1022.4,0,3.6388,-0.1,01111011
EXSH0001,2016-10-03T02:02:33Z,48.3600,-4.7800,1022.5,0,3.7843,-0.0845,01111011
EXSH0001,2016-10-03T02:07:33Z,48.3600,-4.7800,1022.5,0,3.8964,-0.0924,01111011
EXSH0001,2016-10-03T02:12:33Z,48.3600,-4.7800,1022.5,0,4.0217,-0.0971,01111011
EXSH0001,2016-10-03T02:17:33Z,48.3600,-4.7800,1022.5,0,4.1627,-0.0847,01111011
EXSH0001,2016-10-03T02:22:33Z,48.3600,-4.7800,1022.5,0,4.2629,-0.1059,01111011
EXSH0001,2016-10-03T02:27:33Z,48.3600,-4.7800,1022.5,0,4.3879,-0.1009,01111011
EXSH0001,2016-10-03T02:32:33Z,48.3600,-4.7800,1022.5,0,4.4979,-0.0805,01111011
EXSH0001,2016-10-03T02:37:33Z,48.3600,-4.7800,1022.5,0,4.6328,-0.0656,01111011
EXSH0001,2016-10-03T02:42:33Z,48.3600,-4.7800,1022.5,0,4.7509,-0.0675,01111011
EXSH0001,2016-10-03T02:47:33Z,48.3600,-4.7800,1022.5,0,4.8543,-0.0793,01111011
EXSH0001,2016-10-03T02:52:33Z,48.3600,-4.7800,1022.5,0,4.9746,-0.0738,01111011
EXSH0001,2016-10-03T02:57:33Z,48.3600,-4.7800,1022.5,0,5.0871,-0.0713,01111011
EXSH0001,2016-10-03T03:02:33Z,48.3600,-4.7800,1022.5,0,5.1934,-0.0752,01111011
EXSH0001,2016-10-03T03:07:33Z,48.3600,-4.7800,1022.5,0,5.2839,-0.0897,01111011
EXSH0001,2016-10-03T03:12:33Z,48.3600,-4.7800,1022.5,0,5.3738,-0.1048,01111011
EXSH0001,2016-10-03T03:17:33Z,48.3600,-4.7800,1022.5,0,5.4765,-0.1023,01111011
EXSH0001,2016-10-03T03:22:33Z,48.3600,-4.7800,1022.5,0,5.5757,-0.1029,01111011
EXSH0001,2016-10-03T03:27:33Z,48.3600,-4.7800,1022.5,0,5.6846,-0.0842,01111011
EXSH0001,2016-10-03T03:32:33Z,48.3600,-4.7800,1022.5,0,5.7688,-0.0681,01111011
EXSH0001,2016-10-03T03:37:33Z,48.3600,-4.7800,1022.5,0,5.8607,-0.0662,01111011
EXSH0001,2016-10-03T03:42:33Z,48.3600,-4.7800,1022.5,0,5.9526,-0.0643,01111011
EXSH0001,2016-10-03T03:47:33Z,48.3600,-4.7800,1022.5,0,6.0313,-0.0644,01111011
EXSH0001,2016-10-03T03:52:33Z,48.3600,-4.7800,1022.5,0,6.1148,-0.056,01111011
EXSH0001,2016-10-03T03:57:33Z,48.3600,-4.7800,1022.5,0,6.1909,-0.0549,01111011
EXSH0001,2016-10-03T04:02:33Z,48.3600,-4.7800,1022.4,0,6.26,-0.0546,01111011
EXSH0001,2016-10-03T04:07:33Z,48.3600,-4.7800,1022.4,0,6.3124,-0.0622,01111011
EXSH0001,2016-10-03T04:12:33Z,48.3600,-4.7800,1022.4,0,6.3705,-0.0641,01111011
EXSH0001,2016-10-03T04:17:33Z,48.3600,-4.7800,1022.4,0,6.4311,-0.0535,01111011
EXSH0001,2016-10-03T04:22:33Z,48.3600,-4.7800,1022.4,0,6.495,-0.0434,01111011
EXSH0001,2016-10-03T04:27:33Z,48.3600,-4.7800,1022.4,0,6.5083,-0.0652,01111011
EXSH0001,2016-10-03T04:32:33Z,48.3600,-4.7800,1022.4,0,6.5567,-0.048,01111011
EXSH0001,2016-10-03T05:38:34Z,48.3600,-4.7800,,0,6.5223,-0.0146,01119011
EXSH0001,2016-10-03T05:43:34Z,48.3600,-4.7800,,0,6.4935,0.0081,01119011
EXSH0001,2016-10-03T05:48:34Z,48.3600,-4.7800,,0,6.4214,-0.0189,01119011
EXSH0001,2016-10-03T05:53:34Z,48.3600,-4.7800,,0,6.3631,-0.0207,01119011
EXSH0001,2016-10-03T05:58:34Z,48.3600,-4.7800,,0,6.3072,-0.0166,01119011
EXSH0001,2016-10-03T06:03:34Z,48.3600,-4.7800,1023.3,0,6.2396,-0.0226,01111011
EXSH0001,2016-10-03T06:08:34Z,48.3600,-4.7800,1023.3,0,6.1641,-0.0297,01111011
EXSH0001,2016-10-03T06:13:34Z,48.3600,-4.7800,1023.3,0,6.1203,-0.0019,01111011
EXSH0001,2016-10-03T06:18:34Z,48.3600,-4.7800,1023.3,0,6.0488,0.0015,01111011
EXSH0001,2016-10-03T06:23:34Z,48.3600,-4.7800,1023.3,0,5.9779,0.0072,01111011
EXSH0001,2016-10-03T06:28:34Z,48.3600,-4.7800,1023.3,0,5.8939,0.0067,01111011
EXSH0001,2016-10-03T06:33:34Z,48.3600,-4.7800,1023.3,0,5.8137,-0.0086,01111011
EXSH0001,2016-10-03T06:38:34Z,48.3600,-4.7800,1023.3,0,5.7532,0.0109,01111011
EXSH0001,2016-10-03T06:43:34Z,48.3600,-4.7800,1023.3,0,5.6648,0.0125,01111011
EXSH0001,2016-10-03T06:48:34Z,48.3600,-4.7800,1023.3,0,5.5754,0.0131,01111011
EXSH0001,2016-10-03T06:53:34Z,48.3600,-4.7800,1023.3,0,5.4909,0.0186,01111011
EXSH0001,2016-10-03T06:58:34Z,48.3600,-4.7800,1023.3,0,5.3895,0.0072,01111011
EXSH0001,2016-10-03T07:03:34Z,48.3600,-4.7800,1023.3,0,5.305,0.0206,01111011
EXSH0001,2016-10-03T07:08:34Z,48.3600,-4.7800,1023.3,0,5.2291,0.0368,01111011
EXSH0001,2016-10-03T07:13:34Z,48.3600,-4.7800,1023.3,0,5.1243,0.0299,01111011
EXSH0001,2016-10-03T07:18:34Z,48.3600,-4.7800,1023.3,0,5.0223,0.023,01111011
EXSH0001,2016-10-03T07:23:34Z,48.3600,-4.7800,1023.3,0,4.9089,0.0145,01111011
EXSH0001,2016-10-03T07:28:34Z,48.3600,-4.7800,1023.3,0,4.8153,0.016,01111011
EXSH0001,2016-10-03T07:33:34Z,48.3600,-4.7800,1023.3,0,4.7253,0.004,01111011
EXSH0001,2016-10-03T07:38:34Z,48.3600,-4.7800,1023.3,0,4.6337,0.0083,01111011
EXSH0001,2016-10-03T07:43:34Z,48.3600,-4.7800,1023.3,0,4.5256,0.0043,01111011
EXSH0001,2016-10-03T07:48:34Z,48.3600,-4.7800,1023.3,0,4.4185,0.0022,01111011
EXSH0001,2016-10-03T07:53:34Z,48.3600,-4.7800,1023.3,0,4.3157,-0.0056,01111011
EXSH0001,2016-10-03T07:58:34Z,48.3600,-4.7800,1023.3,0,4.2242,0.0079,01111011
EXSH0001,2016-10-03T08:03:34Z,48.3600,-4.7800,1023.7,0,4.1073,-0.004,01111011
EXSH0001,2016-10-03T08:08:34Z,48.3600,-4.7800,1023.7,0,4.0154,0.0091,01111011
EXSH0001,2016-10-03T08:13:34Z,48.3600,-4.7800,1023.7,0,3.9236,0.0123,01111011
EXSH0001,2016-10-03T08:18:34Z,48.3600,-4.7800,1023.7,0,3.8205,0.0142,01111011
EXSH0001,2016-10-03T08:23:34Z,48.3600,-4.7800,1023.7,0,3.7355,0.0342,01111011
EXSH0001,2016-10-03T08:28:34Z,48.3600,-4.7800,1023.7,0,3.6302,0.0248,01111011
EXSH0001,2016-10-03T08:33:34Z,48.3600,-4.7800,1023.7,0,3.5275,-0.0008,01111011
EXSH0001,2016-10-03T08:38:34Z,48.3600,-4.7800,1023.7,0,3.4305,0.002,01111011
EXSH0001,2016-10-03T08:43:34Z,48.3600,-4.7800,1023.7,0,3.3433,0.0148,01111011
EXSH0001,2016-10-03T08:48:34Z,48.3600,-4.7800,1023.7,0,3.2553,0.0221,01111011
EXSH0001,2016-10-03T08:53:34Z,48.3600,-4.7800,1023.7,0,3.1555,0.0172,01111011
EXSH0001,2016-10-03T08:58:34Z,48.3600,-4.7800,1023.7,0,3.0598,0.0213,01111011
EXSH0001,2016-10-03T09:03:34Z,48.3600,-4.7800,1024.1,0,2.9595,0.021,01111011
EXSH0001,2016-10-03T09:08:34Z,48.3600,-4.7800,1024.1,0,2.8738,0.0253,01111011
EXSH0001,2016-10-03T09:13:34Z,48.3600,-4.7800,1024.1,0,2.7837,0.0252,01111011
EXSH0001,2016-10-03T09:18:34Z,48.3600,-4.7800,1024.1,0,2.6918,0.0233,01111011
EXSH0001,2016-10-03T09:23:34Z,48.3600,-4.7800,1024.1,0,2.6012,0.0227,01111011
EXSH0001,2016-10-03T09:28:34Z,48.3600,-4.7800,1024.1,0,2.5079,0.0141,01111011
EXSH0001,2016-10-03T09:33:34Z,48.3600,-4.7800,1024.1,0,2.4406,0.0105,01111011
EXSH0001,2016-10-03T09:38:34Z,48.3600,-4.7800,1024.1,0,2.3482,-0.0019,01111011
EXSH0001,2016-10-03T09:43:34Z,48.3600,-4.7800,1024.1,0,2.2685,0.0017,01111011
EXSH0001,2016-10-03T09:48:34Z,48.3600,-4.7800,1024.1,0,2.2022,0.0105,01111011
EXSH0001,2016-10-03T09:53:34Z,48.3600,-4.7800,1024.1,0,2.1215,0.0048,01111011
EXSH0001,2016-10-03T09:58:34Z,48.3600,-4.7800,1024.1,0,2.0704,0.027,01111011
EXSH0001,2016-10-03T10:03:34Z,48.3600,-4.7800,1024.1,0,1.991,0.0143,01111011
EXSH0001,2016-10-03T10:08:34Z,48.3600,-4.7800,1024.1,0,1.9367,0.0233,01111011
EXSH0001,2016-10-03T10:13:34Z,48.3600,-4.7800,1024.1,0,1.8613,0.0079,01111011
EXSH0001,2016-10-03T10:18:34Z,48.3600,-4.7800,1024.1,0,1.8015,0.0081,01111011
EXSH0001,2016-10-03T10:23:34Z,48.3600,-4.7800,1024.1,0,1.7422,0.0021,01111011
EXSH0001,2016-10-03T10:28:34Z,48.3600,-4.7800,1024.1,0,1.6667,-0.0267,01111011
EXSH0001,2016-10-03T10:33:34Z,48.3600,-4.7800,1024.1,0,1.6345,-0.0169,01111011
EXSH0001,2016-10-03T10:38:34Z,48.3600,-4.7800,1024.1,0,1.5755,-0.0388,01111011
EXSH0001,2016-10-03T10:43:34Z,48.3600,-4.7800,1024.1,0,1.5346,-0.0397,01111011
EXSH0001,2016-10-03T10:48:34Z,48.3600,-4.7800,1024.1,0,1.5099,-0.0266,01111011
EXSH0001,2016-10-03T10:53:34Z,48.3600,-4.7800,1024.1,0,1.4834,-0.0209,01111011
EXSH0001,2016-10-03T10:58:34Z,48.3600,-4.7800,1024.1,0,1.4557,-0.0264,01111011
EXSH0001,2016-10-03T11:03:34Z,48.3600,-4.7800,1024.1,0,1.4315,-0.0256,01111011
EXSH0001,2016-10-03T11:08:34Z,48.3600,-4.7800,1024.1,0,1.4225,-0.0196,01111011
EXSH0001,2016-10-03T11:13:34Z,48.3600,-4.7800,1024.1,0,1.4135,-0.0136,01111011
EXSH0001,2016-10-03T11:18:34Z,48.3600,-4.7800,1024.1,0,1.4167,-0.0033,01111011
EXSH0001,2016-10-03T11:23:34Z,48.3600,-4.7800,1024.1,0,1.4043,-0.0057,01111011
EXSH0001,2016-10-03T11:28:34Z,48.3600,-4.7800,1024.1,0,1.4077,-0.0023,01111011
EXSH0001,2016-10-03T11:33:34Z,48.3600,-4.7800,1024.1,0,1.3963,-0.0229,01111011
EXSH0001,2016-10-03T11:38:34Z,48.3600,-4.7800,1024.1,0,1.3941,-0.0301,01111011
EXSH0001,2016-10-03T11:43:34Z,48.3600,-4.7800,1024.1,0,1.3927,-0.0465,01111011
EXSH0001,2016-10-03T11:48:34Z,48.3600,-4.7800,1024.1,0,1.4135,-0.0407,01111011
EXSH0001,2016-10-03T11:53:34Z,48.3600,-4.7800,1024.1,0,1.426,-0.0524,01111011
EXSH0001,2016-10-03T11:58:34Z,48.3600,-4.7800,1024.1,0,1.4482,-0.0602,01111011
EXSH0001,2016-10-03T12:03:34Z,48.3600,-4.7800,1023.9,0,1.4762,-0.0622,01111011
EXSH0001,2016-10-03T12:08:34Z,48.3600,-4.7800,1023.9,0,1.5253,-0.0531,01111011
EXSH0001,2016-10-03T12:13:34Z,48.3600,-4.7800,1023.9,0,1.5738,-0.0438,01111011
EXSH0001,2016-10-03T12:18:34Z,48.3600,-4.7800,1023.9,0,1.6169,-0.0499,01111011
EXSH0001,2016-10-03T12:23:34Z,48.3600,-4.7800,1023.9,0,1.6864,-0.0312,01111011
EXSH0001,2016-10-03T12:28:34Z,48.3600,-4.7800,1023.9,0,1.7368,-0.04,01111011
EXSH0001,2016-10-03T12:33:34Z,48.3600,-4.7800,1023.9,0,1.8077,-0.0139,01111011
EXSH0001,2016-10-03T12:38:34Z,48.3600,-4.7800,1023.9,0,1.8543,-0.0377,01111011
EXSH0001,2016-10-03T12:43:34Z,48.3600,-4.7800,1023.9,0,1.9484,-0.0186,01111011
EXSH0001,2016-10-03T12:48:34Z,48.3600,-4.7800,1023.9,0,2.0107,-0.0313,01111011
EXSH0001,2016-10-03T12:53:34Z,48.3600,-4.7800,1023.9,0,2.0955,-0.0269,01111011
EXSH0001,2016-10-03T12:58:34Z,48.3600,-4.7800,1023.9,0,2.1713,-0.0411,01111011
EXSH0001,2016-10-03T13:03:34Z,48.3600,-4.7800,1023.7,0,2.2429,-0.0595,01111011
EXSH0001,2016-10-03T13:08:34Z,48.3600,-4.7800,1023.7,0,2.3409,-0.0519,01111011
EXSH0001,2016-10-03T13:13:34Z,48.3600,-4.7800,1023.7,0,2.4235,-0.0689,01111011
EXSH0001,2016-10-03T13:18:34Z,48.3600,-4.7800,1023.7,0,2.521,-0.0718,01111011
EXSH0001,2016-10-03T13:23:34Z,48.3600,-4.7800,1023.7,0,2.6249,-0.0783,01111011
EXSH0001,2016-10-03T13:28:34Z,48.3600,-4.7800,1023.7,0,2.7531,-0.0601,01111011
EXSH0001,2016-10-03T13:33:34Z,48.3600,-4.7800,1023.7,0,2.8647,-0.0362,01111011
EXSH0001,2016-10-03T13:38:34Z,48.3600,-4.7800,1023.7,0,2.98,-0.0324,01111011
EXSH0001,2016-10-03T13:43:34Z,48.3600,-4.7800,1023.7,0,3.0887,-0.0437,01111011
EXSH0001,2016-10-03T13:48:34Z,48.3600,-4.7800,1023.7,0,3.2105,-0.0419,01111011
EXSH0001,2016-10-03T13:53:34Z,48.3600,-4.7800,1023.7,0,3.3172,-0.0552,01111011
EXSH0001,2016-10-03T13:58:34Z,48.3600,-4.7800,1023.7,0,3.4257,-0.0667,01111011
EXSH0001,2016-10-03T14:03:34Z,48.3600,-4.7800,1023.4,0,3.5479,-0.0661,01111011
EXSH0001,2016-10-03T14:08:34Z,48.3600,-4.7800,1023.4,0,3.6685,-0.0739,01111011
EXSH0001,2016-10-03T14:13:34Z,48.3600,-4.7800,1023.4,0,3.7893,-0.0731,01111011
EXSH0001,2016-10-03T14:18:34Z,48.3600,-4.7800,1023.4,0,3.9082,-0.0808,01111011
EXSH0001,2016-10-03T14:23:34Z,48.3600,-4.7800,1023.4,0,4.0171,-0.0953,01111011
EXSH0001,2016-10-03T14:28:34Z,48.3600,-4.7800,1023.4,0,4.1323,-0.1001,01111011
EXSH0001,2016-10-03T14:33:34Z,48.3600,-4.7800,1023.4,0,4.2655,-0.0581,01111011
EXSH0001,2016-10-03T14:38:34Z,48.3600,-4.7800,1023.4,0,4.3809,-0.0627,01111011
EXSH0001,2016-10-03T14:43:34Z,48.3600,-4.7800,1023.4,0,4.4923,-0.0713,01111011
EXSH0001,2016-10-03T14:48:34Z,48.3600,-4.7800,1023.4,0,4.6093,-0.0743,01111011
EXSH0001,2016-10-03T14:53:34Z,48.3600,-4.7800,1023.4,0,4.7231,-0.0805,01111011
EXSH0001,2016-10-03T14:58:34Z,48.3600,-4.7800,1023.4,0,4.83,-0.0836,01111011
EXSH0001,2016-10-03T15:03:34Z,48.3600,-4.7800,1023.1,0,4.9343,-0.0913,01111011
EXSH0001,2016-10-03T15:08:34Z,48.3600,-4.7800,1023.1,0,5.0617,-0.0719,01111011
EXSH0001,2016-10-03T15:13:34Z,48.3600,-4.7800,1023.1,0,5.1612,-0.0845,01111011
EXSH0001,2016-10-03T15:18:34Z,48.3600,-4.7800,1023.1,0,5.268,-0.0797,01111011
EXSH0001,2016-10-03T15:23:34Z,48.3600,-4.7800,1023.1,0,5.367,-0.0786,01111011
EXSH0001,2016-10-03T15:28:34Z,48.3600,-4.7800,1023.1,0,5.4551,-0.0926,01111011
EXSH0001,2016-10-03T15:33:34Z,48.3600,-4.7800,1023.1,0,5.5333,-0.0854,01111011
EXSH0001,2016-10-03T15:38:34Z,48.3600,-4.7800,1023.1,0,5.6343,-0.0803,01111011
EXSH0001,2016-10-03T15:43:34Z,48.3600,-4.7800,1023.1,0,5.7265,-0.0781,01111011
EXSH0001,2016-10-03T15:48:34Z,48.3600,-4.7800,1023.1,0,5.8208,-0.0647,01111011
EXSH0001,2016-10-03T15:53:34Z,48.3600,-4.7800,1023.1,0,5.9045,-0.066,01111011
EXSH0001,2016-10-03T15:58:34Z,48.3600,-4.7800,1023.1,0,5.9753,-0.0793,01111011
EXSH0001,2016-10-03T16:03:34Z,48.3600,-4.7800,1022.7,0,6.0818,-0.0487,01111011
EXSH0001,2016-10-03T16:08:34Z,48.3600,-4.7800,1022.7,0,6.1279,-0.0685,01111011
EXSH0001,2016-10-03T16:13:34Z,48.3600,-4.7800,1022.7,0,6.2087,-0.0577,01111011
EXSH0001,2016-10-03T16:18:34Z,48.3600,-4.7800,1022.7,0,6.2642,-0.0622,01111011
EXSH0001,2016-10-03T16:23:34Z,48.3600,-4.7800,1022.7,0,6.3216,-0.0648,01111011
EXSH0001,2016-10-03T16:28:34Z,48.3600,-4.7800,1022.7,0,6.3747,-0.0626,01111011
EXSH0001,2016-10-03T16:33:34Z,48.3600,-4.7800,1022.7,0,6.4249,-0.0559,01111011
EXSH0001,2016-10-03T16:38:34Z,48.3600,-4.7800,1022.7,0,6.4695,-0.051,01111011
EXSH0001,2016-10-03T16:43:34Z,48.3600,-4.7800,1022.7,0,6.5321,-0.0284,01111011
EXSH0001,2016-10-03T16:48:34Z,48.3600,-4.7800,1022.7,0,6.5655,-0.025,01111011
EXSH0001,2016-10-03T16:53:34Z,48.3600,-4.7800,1022.7,0,6.5792,-0.0413,01111011
EXSH0001,2016-10-03T16:58:34Z,48.3600,-4.7800,1022.7,0,6.6173,-0.028,01111011
EXSH0001,2016-10-03T17:03:34Z,48.3600,-4.7800,1022.5,0,6.5993,-0.0607,01111011
EXSH0001,2016-10-03T17:08:34Z,48.3600,-4.7800,1022.5,0,6.6284,-0.0369,01111011
EXSH0001,2016-10-03T17:13:34Z,48.3600,-4.7800,1022.5,0,6.6494,-0.0206,01111011
EXSH0001,2016-10-03T17:18:34Z,48.3600,-4.7800,1022.5,0,6.6455,-0.0245,01111011
EXSH0001,2016-10-03T17:23:34Z,48.3600,-4.7800,1022.5,0,6.6498,-0.0099,01111011
EXSH0001,2016-10-03T17:28:34Z,48.3600,-4.7800,1022.5,0,6.6219,-0.0229,01111011
EXSH0001,2016-10-03T17:33:34Z,48.3600,-4.7800,1022.5,0,6.6176,-0.0157,01111011
EXSH0001,2016-10-03T17:38:34Z,48.3600,-4.7800,1022.5,0,6.5889,-0.0178,01111011
EXSH0001,2016-10-03T17:43:34Z,48.3600,-4.7800,1022.5,0,6.5791,0.0024,01111011
EXSH0001,2016-10-03T17:48:34Z,48.3600,-4.7800,1022.5,0,6.526,-0.0107,01111011
EXSH0001,2016-10-03T17:53:34Z,48.3600,-4.7800,1022.5,0,6.4875,-0.0126,01111011
EXSH0001,2016-10-03T17:58:34Z,48.3600,-4.7800,1022.5,0,6.4333,-0.0217,01111011
EXSH0001,2016-10-03T18:03:34Z,48.3600,-4.7800,1022.5,0,6.4011,-0.0023,01111011
EXSH0001,2016-10-03T18:08:34Z,48.3600,-4.7800,1022.5,0,6.3351,-0.0083,01111011
EXSH0001,2016-10-03T18:13:34Z,48.3600,-4.7800,1022.5,0,6.2729,-0.0105,01111011
EXSH0001,2016-10-03T18:18:34Z,48.3600,-4.7800,1022.5,0,6.2227,-0.0007,01111011
EXSH0001,2016-10-03T18:23:34Z,48.3600,-4.7800,1022.5,0,6.1546,-0.0022,01111011
EXSH0001,2016-10-03T18:28:34Z,48.3600,-4.7800,1022.5,0,6.0921,0.0004,01111011
EXSH0001,2016-10-03T18:33:34Z,48.3600,-4.7800,1022.5,0,6.0282,-0.0075,01111011
EXSH0001,2016-10-03T18:38:34Z,48.3600,-4.7800,1022.5,0,5.9382,-0.0225,01111011
EXSH0001,2016-10-03T18:43:34Z,48.3600,-4.7800,1022.5,0,5.8874,0.0117,01111011
EXSH0001,2016-10-03T18:48:34Z,48.3600,-4.7800,1022.5,0,5.8046,0.0038,01111011
EXSH0001,2016-10-03T18:53:34Z,48.3600,-4.7800,1022.5,0,5.7232,0.0103,01111011
EXSH0001,2016-10-03T18:58:34Z,48.3600,-4.7800,1022.5,0,5.6426,0.0118,01111011
EXSH0001,2016-10-03T19:03:34Z,48.3600,-4.7800,1022.7,0,5.5559,0.013,01111011
EXSH0001,2016-10-03T19:08:34Z,48.3600,-4.7800,1022.7,0,5.4636,0.0107,01111011
EXSH0001,2016-10-03T19:13:34Z,48.3600,-4.7800,1022.7,0,5.3751,0.0122,01111011
EXSH0001,2016-10-03T19:18:34Z,48.3600,-4.7800,1022.7,0,5.3053,0.0324,01111011
EXSH0001,2016-10-03T19:23:34Z,48.3600,-4.7800,1022.7,0,5.2029,0.0229,01111011
EXSH0001,2016-10-03T19:28:34Z,48.3600,-4.7800,1022.7,0,5.1149,0.032,01111011
EXSH0001,2016-10-03T19:33:34Z,48.3600,-4.7800,1022.7,0,5.0367,0.0219,01111011
EXSH0001,2016-10-03T19:38:34Z,48.3600,-4.7800,1022.7,0,4.9211,0.0063,01111011
EXSH0001,2016-10-03T19:43:34Z,48.3600,-4.7800,1022.7,0,4.8429,0.0181,01111011
EXSH0001,2016-10-03T19:48:34Z,48.3600,-4.7800,1022.7,0,4.7655,0.0407,01111011
EXSH0001,2016-10-03T19:53:34Z,48.3600,-4.7800,1022.7,0,4.6316,0.006,01111011
EXSH0001,2016-10-03T19:58:34Z,48.3600,-4.7800,1022.7,0,4.5329,0.0023,01111011
EXSH0001,2016-10-03T20:03:34Z,48.3600,-4.7800,1022.7,0,4.4259,-0.0089,01111011
EXSH0001,2016-10-03T20:08:34Z,48.3600,-4.7800,1022.7,0,4.3367,0.0061,01111011
EXSH0001,2016-10-03T20:13:34Z,48.3600,-4.7800,1022.7,0,4.2492,0.0144,01111011
EXSH0001,2016-10-03T20:18:34Z,48.3600,-4.7800,1022.7,0,4.1583,0.0235,01111011
EXSH0001,2016-10-03T20:23:34Z,48.3600,-4.7800,1022.7,0,4.0428,0.0072,01111011
EXSH0001,2016-10-03T20:28:34Z,48.3600,-4.7800,1022.7,0,3.9521,0.0115,01111011
EXSH0001,2016-10-03T20:33:34Z,48.3600,-4.7800,1022.7,0,3.8833,0.0211,01111011
EXSH0001,2016-10-03T20:38:34Z,48.3600,-4.7800,1022.7,0,3.7828,0.0156,01111011
EXSH0001,2016-10-03T20:43:34Z,48.3600,-4.7800,1022.7,0,3.6801,0.0125,01111011
EXSH0001,2016-10-03T20:48:34Z,48.3600,-4.7800,1022.7,0,3.5948,0.0272,01111011
EXSH0001,2016-10-03T20:53:34Z,48.3600,-4.7800,1022.7,0,3.4729,0.0007,01111011
EXSH0001,2016-10-03T20:58:34Z,48.3600,-4.7800,1022.7,0,3.3764,-0.0012,01111011
EXSH0001,2016-10-03T21:03:34Z,48.3600,-4.7800,1022.6,0,3.3,0.0178,01111011
EXSH0001,2016-10-03T21:08:34Z,48.3600,-4.7800,1022.6,0,3.1984,0.0108,01111011
EXSH0001,2016-10-03T21:13:34Z,48.3600,-4.7800,1022.6,0,3.1297,0.0321,01111011
EXSH0001,2016-10-03T21:18:34Z,48.3600,-4.7800,1022.6,0,3.05,0.0428,01111011
EXSH0001,2016-10-03T21:23:34Z,48.3600,-4.7800,1022.6,0,2.9617,0.0541,01111011
EXSH0001,2016-10-03T21:28:34Z,48.3600,-4.7800,1022.6,0,2.8708,0.0528,01111011
EXSH0001,2016-10-03T21:33:34Z,48.3600,-4.7800,1022.6,0,2.7913,0.0306,01111011
EXSH0001,2016-10-03T21:38:34Z,48.3600,-4.7800,1022.6,0,2.6765,0.0058,01111011
EXSH0001,2016-10-03T21:43:34Z,48.3600,-4.7800,1022.6,0,2.6025,0.0203,01111011
EXSH0001,2016-10-03T21:48:34Z,48.3600,-4.7800,1022.6,0,2.5131,0.0124,01111011
EXSH0001,2016-10-03T21:53:34Z,48.3600,-4.7800,1022.6,0,2.4566,0.0343,01111011
EXSH0001,2016-10-03T21:58:34Z,48.3600,-4.7800,1022.6,0,2.3603,0.0131,01111011
EXSH0001,2016-10-03T22:03:34Z,48.3600,-4.7800,1022.3,0,2.2994,0.0272,01111011
EXSH0001,2016-10-03T22:08:34Z,48.3600,-4.7800,1022.3,0,2.2211,0.0238,01111011
EXSH0001,2016-10-03T22:13:34Z,48.3600,-4.7800,1022.3,0,2.1445,0.0207,01111011
EXSH0001,2016-10-03T22:18:34Z,48.3600,-4.7800,1022.3,0,2.0756,0.0184,01111011
EXSH0001,2016-10-03T22:23:34Z,48.3600,-4.7800,1022.3,0,2.0068,0.013,01111011
EXSH0001,2016-10-03T22:28:34Z,48.3600,-4.7800,1022.3,0,1.9391,0.0053,01111011
EXSH0001,2016-10-03T22:34:32Z,48.3600,-4.7800,1022.3,0,1.8818,0.0052,01111011
EXSH0001,2016-10-03T22:39:32Z,48.3600,-4.7800,1022.3,0,1.8241,0.0017,01111011
EXSH0001,2016-10-03T22:44:32Z,48.3600,-4.7800,1022.3,0,1.7903,0.0229,01111011
EXSH0001,2016-10-03T22:49:32Z,48.3600,-4.7800,1022.3,0,1.7533,0.0309,01111011
EXSH0001,2016-10-03T22:54:32Z,48.3600,-4.7800,1022.3,0,1.69,0.0126,01111011
EXSH0001,2016-10-03T22:59:32Z,48.3600,-4.7800,1022.3,0,1.6549,0.0166,01111011
EXSH0001,2016-10-03T23:04:32Z,48.3600,-4.7800,1022.2,0,1.5957,-0.0118,01111011
EXSH0001,2016-10-03T23:09:32Z,48.3600,-4.7800,1022.2,0,1.5755,0.0072,01111011
EXSH0001,2016-10-03T23:14:32Z,48.3600,-4.7800,1022.2,0,1.5325,-0.0158,01111011
EXSH0001,2016-10-03T23:19:32Z,48.3600,-4.7800,1022.2,0,1.5187,-0.0055,01111011
EXSH0001,2016-10-03T23:24:32Z,48.3600,-4.7800,1022.2,0,1.4878,-0.0113,01111011
EXSH0001,2016-10-03T23:29:32Z,48.3600,-4.7800,1022.2,0,1.4728,-0.0113,01111011
EXSH0001,2016-10-03T23:34:32Z,48.3600,-4.7800,1022.2,0,1.4754,-0.0046,01111011
EXSH0001,2016-10-03T23:39:32Z,48.3600,-4.7800,1022.2,0,1.459,-0.011,01111011
EXSH0001,2016-10-03T23:44:32Z,48.3600,-4.7800,1022.2,0,1.4828,0.0128,01111011
EXSH0001,2016-10-03T23:49:32Z,48.3600,-4.7800,1022.2,0,1.4583,-0.0117,01111011
EXSH0001,2016-10-03T23:54:32Z,48.3600,-4.7800,1022.2,0,1.4705,-0.0065,01111011
EXSH0001,2016-10-03T23:59:32Z,48.3600,-4.7800,1022.2,0,1.4588,-0.0332,01111011
EXSH0001,2016-10-04T00:04:32Z,48.3600,-4.7800,1022.1,0,1.482,-0.025,01111011
EXSH0001,2016-10-04T00:09:32Z,48.3600,-4.7800,1022.1,0,1.4957,-0.0283,01111011
EXSH0001,2016-10-04T00:14:32Z,48.3600,-4.7800,1022.1,0,1.4967,-0.0573,01111011
EXSH0001,2016-10-04T00:19:32Z,48.3600,-4.7800,1022.1,0,1.5407,-0.0433,01111011
EXSH0001,2016-10-04T00:24:32Z,48.3600,-4.7800,1022.1,0,1.5761,-0.0379,01111011
EXSH0001,2016-10-04T00:29:32Z,48.3600,-4.7800,1022.1,0,1.6184,-0.0376,01111011
EXSH0001,2016-10-04T00:34:32Z,48.3600,-4.7800,1022.1,0,1.6591,-0.0404,01111011
EXSH0001,2016-10-04T00:39:32Z,48.3600,-4.7800,1022.1,0,1.716,-0.0285,01111011
EXSH0001,2016-10-04T00:44:32Z,48.3600,-4.7800,1022.1,0,1.769,-0.0336,01111011
EXSH0001,2016-10-04T00:49:32Z,48.3600,-4.7800,1022.1,0,1.8509,-0.0117,01111011
EXSH0001,2016-10-04T00:54:32Z,48.3600,-4.7800,1022.1,0,1.8963,-0.0263,01111011
EXSH0001,2016-10-04T00:59:32Z,48.3600,-4.7800,1022.1,0,1.9589,-0.0318,01111011
EXSH0001,2016-10-04T01:04:32Z,48.3600,-4.7800,1021.9,0,2.0253,-0.0404,01111011
EXSH0001,2016-10-04T01:09:32Z,48.3600,-4.7800,1021.9,0,2.1129,-0.0278,01111011
EXSH0001,2016-10-04T01:14:32Z,48.3600,-4.7800,1021.9,0,2.1706,-0.0583,01111011
EXSH0001,2016-10-04T01:19:32Z,48.3600,-4.7800,1021.9,0,2.2823,-0.0366,01111011
EXSH0001,2016-10-04T01:24:32Z,48.3600,-4.7800,1021.9,0,2.344,-0.0649,01111011
EXSH0001,2016-10-04T01:29:32Z,48.3600,-4.7800,1021.9,0,2.4514,-0.0556,01111011
EXSH0001,2016-10-04T01:34:32Z,48.3600,-4.7800,1021.9,0,2.5229,-0.0544,01111011
EXSH0001,2016-10-04T01:39:32Z,48.3600,-4.7800,1021.9,0,2.6393,-0.0425,01111011
EXSH0001,2016-10-04T01:44:32Z,48.3600,-4.7800,1021.9,0,2.7533,-0.0335,01111011
EXSH0001,2016-10-04T01:49:32Z,48.3600,-4.7800,1021.9,0,2.8624,-0.034,01111011
EXSH0001,2016-10-04T01:54:32Z,48.3600,-4.7800,1021.9,0,2.9803,-0.0265,01111011
EXSH0001,2016-10-04T01:59:32Z,48.3600,-4.7800,1021.9,0,3.0491,-0.0728,01111011
EXSH0001,2016-10-04T02:04:32Z,48.3600,-4.7800,1021.8,0,3.171,-0.0654,01111011
EXSH0001,2016-10-04T02:09:32Z,48.3600,-4.7800,1021.8,0,3.2837,-0.0727,01111011
EXSH0001,2016-10-04T02:14:32Z,48.3600,-4.7800,1021.8,0,3.4044,-0.072,01111011
EXSH0001,2016-10-04T02:19:32Z,48.3600,-4.7800,1021.8,0,3.5347,-0.0617,01111011
EXSH0001,2016-10-04T02:24:32Z,48.3600,-4.7800,1021.8,0,3.6462,-0.0702,01111011
EXSH0001,2016-10-04T02:29:32Z,48.3600,-4.7800,1021.8,0,3.7706,-0.0658,01111011
EXSH0001,2016-10-04T02:34:32Z,48.3600,-4.7800,1021.8,0,3.9063,-0.0197,01111011
EXSH0001,2016-10-04T02:39:32Z,48.3600,-4.7800,1021.8,0,4.007,-0.039,01111011
EXSH0001,2016-10-04T02:44:32Z,48.3600,-4.7800,1021.8,0,4.1156,-0.0504,01111011
EXSH0001,2016-10-04T02:49:32Z,48.3600,-4.7800,1021.8,0,4.2437,-0.0423,01111011
EXSH0001,2016-10-04T02:54:32Z,48.3600,-4.7800,1021.8,0,4.3457,-0.0603,01111011
EXSH0001,2016-10-04T02:59:32Z,48.3600,-4.7800,1021.8,0,4.4663,-0.0589,01111011
EXSH0001,2016-10-04T03:04:32Z,48.3600,-4.7800,1021.4,0,4.5988,-0.0372,01111011
EXSH0001,2016-10-04T03:09:32Z,48.3600,-4.7800,1021.4,0,4.6933,-0.062,01111011
EXSH0001,2016-10-04T03:14:32Z,48.3600,-4.7800,1021.4,0,4.8021,-0.0581,01111011
EXSH0001,2016-10-04T03:19:32Z,48.3600,-4.7800,1021.4,0,4.8884,-0.0869,01111011
EXSH0001,2016-10-04T03:24:32Z,48.3600,-4.7800,1021.4,0,5.0197,-0.0605,01111011
EXSH0001,2016-10-04T03:29:32Z,48.3600,-4.7800,1021.4,0,5.1417,-0.0435,01111011
EXSH0001,2016-10-04T03:34:32Z,48.3600,-4.7800,1021.4,0,5.2501,-0.0146,01111011
EXSH0001,2016-10-04T03:39:32Z,48.3600,-4.7800,1021.4,0,5.3239,-0.0387,01111011
EXSH0001,2016-10-04T03:44:32Z,48.3600,-4.7800,1021.4,0,5.4315,-0.0311,01111011
EXSH0001,2016-10-04T03:49:32Z,48.3600,-4.7800,1021.4,0,5.5138,-0.0388,01111011
EXSH0001,2016-10-04T03:54:32Z,48.3600,-4.7800,1021.4,0,5.6153,-0.0352,01111011
EXSH0001,2016-10-04T03:59:32Z,48.3600,-4.7800,1021.4,0,5.7051,-0.0275,01111011
EXSH0001,2016-10-04T04:04:32Z,48.3600,-4.7800,1021,0,5.7603,-0.0602,01111011
EXSH0001,2016-10-04T04:09:32Z,48.3600,-4.7800,1021,0,5.8476,-0.055,01111011
EXSH0001,2016-10-04T04:14:32Z,48.3600,-4.7800,1021,0,5.9261,-0.0544,01111011
EXSH0001,2016-10-04T04:19:32Z,48.3600,-4.7800,1021,0,6.0298,-0.0257,01111011
EXSH0001,2016-10-04T04:24:32Z,48.3600,-4.7800,1021,0,6.1015,-0.0269,01111011
EXSH0001,2016-10-04T04:29:32Z,48.3600,-4.7800,1021,0,6.1613,-0.0271,01111011
EXSH0001,2016-10-04T05:34:29Z,48.3600,-4.7800,,0,6.622,0.042,01119011
EXSH0001,2016-10-04T05:39:29Z,48.3600,-4.7800,,0,6.6007,0.03,01119011
EXSH0001,2016-10-04T05:44:29Z,48.3600,-4.7800,,0,6.5917,0.036,01119011
EXSH0001,2016-10-04T05:49:29Z,48.3600,-4.7800,,0,6.585,0.0443,01119011
EXSH0001,2016-10-04T05:54:29Z,48.3600,-4.7800,,0,6.5539,0.0382,01119011
EXSH0001,2016-10-04T05:59:29Z,48.3600,-4.7800,,0,6.5327,0.0413,01119011
EXSH0001,2016-10-04T06:04:29Z,48.3600,-4.7800,1021.1,0,6.5092,0.0578,01111011
EXSH0001,2016-10-04T06:09:29Z,48.3600,-4.7800,1021.1,0,6.4419,0.0298,01111011
EXSH0001,2016-10-04T06:14:29Z,48.3600,-4.7800,1021.1,0,6.4129,0.0458,01111011
EXSH0001,2016-10-04T06:19:29Z,48.3600,-4.7800,1021.1,0,6.3557,0.0429,01111011
EXSH0001,2016-10-04T06:24:29Z,48.3600,-4.7800,1021.1,0,6.3153,0.0525,01111011
EXSH0001,2016-10-04T06:29:29Z,48.3600,-4.7800,1021.1,0,6.2761,0.0733,01111011
EXSH0001,2016-10-04T06:34:29Z,48.3600,-4.7800,1021.1,0,6.177,0.0198,01111011
EXSH0001,2016-10-04T06:39:29Z,48.3600,-4.7800,1021.1,0,6.1445,0.053,01111011
EXSH0001,2016-10-04T06:44:29Z,48.3600,-4.7800,1021.1,0,6.0733,0.0468,01111011
EXSH0001,2016-10-04T06:49:29Z,48.3600,-4.7800,1021.1,0,6.0279,0.0764,01111011
EXSH0001,2016-10-04T06:54:29Z,48.3600,-4.7800,1021.1,0,5.9295,0.053,01111011
EXSH0001,2016-10-04T06:59:29Z,48.3600,-4.7800,1021.1,0,5.8576,0.0561,01111011
EXSH0001,2016-10-04T07:04:29Z,48.3600,-4.7800,1021,0,5.7659,0.0494,01111011
EXSH0001,2016-10-04T07:09:29Z,48.3600,-4.7800,1021,0,5.7079,0.0721,01111011
EXSH0001,2016-10-04T07:14:29Z,48.3600,-4.7800,1021,0,5.6263,0.0705,01111011
EXSH0001,2016-10-04T07:19:29Z,48.3600,-4.7800,1021,0,5.5691,0.1033,01111011
EXSH0001,2016-10-04T07:24:29Z,48.3600,-4.7800,1021,0,5.4711,0.0946,01111011
EXSH0001,2016-10-04T07:29:29Z,48.3600,-4.7800,1021,0,5.3759,0.0801,01111011
EXSH0001,2016-10-04T07:34:29Z,48.3600,-4.7800,1021,0,5.2846,0.0557,01111011
EXSH0001,2016-10-04T07:39:29Z,48.3600,-4.7800,1021,0,5.2044,0.0673,01111011
EXSH0001,2016-10-04T07:44:29Z,48.3600,-4.7800,1021,0,5.1191,0.0802,01111011
EXSH0001,2016-10-04T07:49:29Z,48.3600,-4.7800,1021,0,5.0405,0.0916,01111011
EXSH0001,2016-10-04T07:54:29Z,48.3600,-4.7800,1021,0,4.936,0.0771,01111011
EXSH0001,2016-10-04T07:59:29Z,48.3600,-4.7800,1021,0,4.8398,0.0809,01111011
EXSH0001,2016-10-04T08:04:29Z,48.3600,-4.7800,1021.1,0,4.747,0.0781,01111011
EXSH0001,2016-10-04T08:09:29Z,48.3600,-4.7800,1021.1,0,4.6509,0.082,01111011
EXSH0001,2016-10-04T08:14:29Z,48.3600,-4.7800,1021.1,0,4.5636,0.0847,01111011
EXSH0001,2016-10-04T08:19:29Z,48.3600,-4.7800,1021.1,0,4.4591,0.0802,01111011
EXSH0001,2016-10-04T08:24:29Z,48.3600,-4.7800,1021.1,0,4.3618,0.0797,01111011
EXSH0001,2016-10-04T08:29:29Z,48.3600,-4.7800,1021.1,0,4.2695,0.0824,01111011
EXSH0001,2016-10-04T08:34:29Z,48.3600,-4.7800,1021.1,0,4.1755,0.0635,01111011
EXSH0001,2016-10-04T08:39:29Z,48.3600,-4.7800,1021.1,0,4.0786,0.0566,01111011
EXSH0001,2016-10-04T08:44:29Z,48.3600,-4.7800,1021.1,0,3.9849,0.0629,01111011
EXSH0001,2016-10-04T08:49:29Z,48.3600,-4.7800,1021.1,0,3.8994,0.0674,01111011
EXSH0001,2016-10-04T08:54:29Z,48.3600,-4.7800,1021.1,0,3.8113,0.0793,01111011
EXSH0001,2016-10-04T08:59:29Z,48.3600,-4.7800,1021.1,0,3.6959,0.0539,01111011
EXSH0001,2016-10-04T09:04:29Z,48.3600,-4.7800,1020.9,0,3.5981,0.0561,01111011
EXSH0001,2016-10-04T09:09:29Z,48.3600,-4.7800,1020.9,0,3.531,0.079,01111011
EXSH0001,2016-10-04T09:14:29Z,48.3600,-4.7800,1020.9,0,3.4381,0.0791,01111011
EXSH0001,2016-10-04T09:19:29Z,48.3600,-4.7800,1020.9,0,3.3522,0.0902,01111011
EXSH0001,2016-10-04T09:24:29Z,48.3600,-4.7800,1020.9,0,3.2733,0.1013,01111011
EXSH0001,2016-10-04T09:29:29Z,48.3600,-4.7800,1020.9,0,3.1876,0.1056,01111011
EXSH0001,2016-10-04T09:34:29Z,48.3600,-4.7800,1020.9,0,3.0998,0.0862,01111011
EXSH0001,2016-10-04T09:39:29Z,48.3600,-4.7800,1020.9,0,3.0083,0.0803,01111011
EXSH0001,2016-10-04T09:44:29Z,48.3600,-4.7800,1020.9,0,2.9308,0.0872,01111011
EXSH0001,2016-10-04T09:49:29Z,48.3600,-4.7800,1020.9,0,2.8384,0.0804,01111011
EXSH0001,2016-10-04T09:54:29Z,48.3600,-4.7800,1020.9,0,2.7705,0.0969,01111011
EXSH0001,2016-10-04T09:59:29Z,48.3600,-4.7800,1020.9,0,2.6695,0.0759,01111011
EXSH0001,2016-10-04T10:04:29Z,48.3600,-4.7800,1021,0,2.5953,0.0823,01111011
EXSH0001,2016-10-04T10:09:29Z,48.3600,-4.7800,1021,0,2.507,0.069,01111011
EXSH0001,2016-10-04T10:14:29Z,48.3600,-4.7800,1021,0,2.452,0.089,01111011
EXSH0001,2016-10-04T10:19:29Z,48.3600,-4.7800,1021,0,2.39,0.102,01111011
EXSH0001,2016-10-04T10:24:29Z,48.3600,-4.7800,1021,0,2.3082,0.0858,01111011
EXSH0001,2016-10-04T10:29:29Z,48.3600,-4.7800,1021,0,2.2696,0.1172,01111011
EXSH0001,2016-10-04T10:34:29Z,48.3600,-4.7800,1021,0,2.1817,0.0741,01111011
EXSH0001,2016-10-04T10:39:29Z,48.3600,-4.7800,1021,0,2.1279,0.0803,01111011
EXSH0001,2016-10-04T10:44:29Z,48.3600,-4.7800,1021,0,2.0579,0.0703,01111011
EXSH0001,2016-10-04T10:49:29Z,48.3600,-4.7800,1021,0,2.0137,0.0855,01111011
EXSH0001,2016-10-04T10:54:29Z,48.3600,-4.7800,1021,0,1.9523,0.0691,01111011
EXSH0001,2016-10-04T10:59:29Z,48.3600,-4.7800,1021,0,1.9245,0.0863,01111011
EXSH0001,2016-10-04T11:04:29Z,48.3600,-4.7800,1020.6,0,1.8753,0.0821,01111011
EXSH0001,2016-10-04T11:09:29Z,48.3600,-4.7800,1020.6,0,1.8319,0.0831,01111011
EXSH0001,2016-10-04T11:14:29Z,48.3600,-4.7800,1020.6,0,1.7997,0.0865,01111011
EXSH0001,2016-10-04T11:19:29Z,48.3600,-4.7800,1020.6,0,1.7574,0.0786,01111011
EXSH0001,2016-10-04T11:24:29Z,48.3600,-4.7800,1020.6,0,1.7363,0.0875,01111011
EXSH0001,2016-10-04T11:29:29Z,48.3600,-4.7800,1020.6,0,1.6969,0.0681,01111011
EXSH0001,2016-10-04T11:34:29Z,48.3600,-4.7800,1020.6,0,1.6855,0.0774,01111011
EXSH0001,2016-10-04T11:39:29Z,48.3600,-4.7800,1020.6,0,1.6517,0.0586,01111011
EXSH0001,2016-10-04T11:44:29Z,48.3600,-4.7800,1020.6,0,1.6444,0.0644,01111011
EXSH0001,2016-10-04T11:49:29Z,48.3600,-4.7800,1020.6,0,1.6353,0.0622,01111011
EXSH0001,2016-10-04T11:54:29Z,48.3600,-4.7800,1020.6,0,1.6201,0.0501,01111011
EXSH0001,2016-10-04T11:59:29Z,48.3600,-4.7800,1020.6,0,1.6249,0.0549,01111011
EXSH0001,2016-10-04T12:04:29Z,48.3600,-4.7800,1020.7,0,1.6371,0.0651,01111011
EXSH0001,2016-10-04T12:09:29Z,48.3600,-4.7800,1020.7,0,1.6324,0.0454,01111011
EXSH0001,2016-10-04T12:14:29Z,48.3600,-4.7800,1020.7,0,1.6485,0.0546,01111011
EXSH0001,2016-10-04T12:19:29Z,48.3600,-4.7800,1020.7,0,1.6519,0.035,01111011
EXSH0001,2016-10-04T12:24:29Z,48.3600,-4.7800,1020.7,0,1.6414,0.0075,01111011
EXSH0001,2016-10-04T12:29:29Z,48.3600,-4.7800,1020.7,0,1.6715,0.0076,01111011
EXSH0001,2016-10-04T12:34:29Z,48.3600,-4.7800,1020.7,0,1.7002,0.0139,01111011
EXSH0001,2016-10-04T12:39:29Z,48.3600,-4.7800,1020.7,0,1.7616,0.0421,01111011
EXSH0001,2016-10-04T12:44:29Z,48.3600,-4.7800,1020.7,0,1.7897,0.0252,01111011
EXSH0001,2016-10-04T12:49:29Z,48.3600,-4.7800,1020.7,0,1.8321,0.0227,01111011
EXSH0001,2016-10-04T12:54:29Z,48.3600,-4.7800,1020.7,0,1.8747,0.0203,01111011
EXSH0001,2016-10-04T12:59:29Z,48.3600,-4.7800,1020.7,0,1.9345,0.0219,01111011
EXSH0001,2016-10-04T13:04:29Z,48.3600,-4.7800,1020.9,0,2.0054,0.0328,01111011
EXSH0001,2016-10-04T13:09:29Z,48.3600,-4.7800,1020.9,0,2.0388,0.003,01111011
EXSH0001,2016-10-04T13:14:29Z,48.3600,-4.7800,1020.9,0,2.1227,0.0201,01111011
EXSH0001,2016-10-04T13:19:29Z,48.3600,-4.7800,1020.9,0,2.1833,0.0075,01111011
EXSH0001,2016-10-04T13:24:29Z,48.3600,-4.7800,1020.9,0,2.2622,0.0115,01111011
EXSH0001,2016-10-04T13:29:29Z,48.3600,-4.7800,1020.9,0,2.3403,0.0014,01111011
EXSH0001,2016-10-04T13:34:29Z,48.3600,-4.7800,1020.9,0,2.4194,0.0179,01111011
EXSH0001,2016-10-04T13:39:29Z,48.3600,-4.7800,1020.9,0,2.4968,0.011,01111011
EXSH0001,2016-10-04T13:44:29Z,48.3600,-4.7800,1020.9,0,2.5724,-0.0134,01111011
EXSH0001,2016-10-04T13:49:29Z,48.3600,-4.7800,1020.9,0,2.6916,0.0158,01111011
EXSH0001,2016-10-04T13:54:29Z,48.3600,-4.7800,1020.9,0,2.78,-0.0001,01111011
EXSH0001,2016-10-04T13:59:29Z,48.3600,-4.7800,1020.9,0,2.8895,0.0044,01111011
EXSH0001,2016-10-04T14:04:29Z,48.3600,-4.7800,1020.9,0,2.9834,-0.0067,01111011
EXSH0001,2016-10-04T14:09:29Z,48.3600,-4.7800,1020.9,0,3.0975,0.0024,01111011
EXSH0001,2016-10-04T14:14:29Z,48.3600,-4.7800,1020.9,0,3.1829,-0.0272,01111011
EXSH0001,2016-10-04T14:19:29Z,48.3600,-4.7800,1020.9,0,3.2849,-0.0395,01111011
EXSH0001,2016-10-04T14:24:29Z,48.3600,-4.7800,1020.9,0,3.3941,-0.0403,01111011
EXSH0001,2016-10-04T14:29:29Z,48.3600,-4.7800,1020.9,0,3.5007,-0.0537,01111011
EXSH0001,2016-10-04T14:34:29Z,48.3600,-4.7800,1020.9,0,3.607,-0.0286,01111011
EXSH0001,2016-10-04T14:39:29Z,48.3600,-4.7800,1020.9,0,3.7229,-0.0327,01111011
EXSH0001,2016-10-04T14:44:29Z,48.3600,-4.7800,1020.9,0,3.8387,-0.0362,01111011
EXSH0001,2016-10-04T14:49:29Z,48.3600,-4.7800,1020.9,0,3.9512,-0.0344,01111011
EXSH0001,2016-10-04T14:54:29Z,48.3600,-4.7800,1020.9,0,4.0646,-0.041,01111011
EXSH0001,2016-10-04T14:59:29Z,48.3600,-4.7800,1020.9,0,4.1847,-0.0352,01111011
EXSH0001,2016-10-04T15:04:29Z,48.3600,-4.7800,1021,0,4.2757,-0.0599,01111011
EXSH0001,2016-10-04T15:09:29Z,48.3600,-4.7800,1021,0,4.3749,-0.075,01111011
EXSH0001,2016-10-04T15:14:29Z,48.3600,-4.7800,1021,0,4.4937,-0.0712,01111011
EXSH0001,2016-10-04T15:19:29Z,48.3600,-4.7800,1021,0,4.602,-0.0679,01111011
EXSH0001,2016-10-04T15:24:29Z,48.3600,-4.7800,1021,0,4.7102,-0.0747,01111011
EXSH0001,2016-10-04T15:29:29Z,48.3600,-4.7800,1021,0,4.8155,-0.0744,01111011
EXSH0001,2016-10-04T15:34:29Z,48.3600,-4.7800,1021,0,4.9064,-0.0616,01111011
EXSH0001,2016-10-04T15:39:29Z,48.3600,-4.7800,1021,0,5.0281,-0.043,01111011
EXSH0001,2016-10-04T15:44:29Z,48.3600,-4.7800,1021,0,5.1235,-0.0445,01111011
EXSH0001,2016-10-04T15:49:29Z,48.3600,-4.7800,1021,0,5.2142,-0.0569,01111011
EXSH0001,2016-10-04T15:54:29Z,48.3600,-4.7800,1021,0,5.2973,-0.0638,01111011
EXSH0001,2016-10-04T15:59:29Z,48.3600,-4.7800,1021,0,5.3888,-0.0623,01111011
EXSH0001,2016-10-04T16:04:29Z,48.3600,-4.7800,1020.9,0,5.4768,-0.0643,01111011
EXSH0001,2016-10-04T16:09:29Z,48.3600,-4.7800,1020.9,0,5.5583,-0.0728,01111011
EXSH0001,2016-10-04T16:14:29Z,48.3600,-4.7800,1020.9,0,5.6591,-0.0552,01111011
EXSH0001,2016-10-04T16:19:29Z,48.3600,-4.7800,1020.9,0,5.7415,-0.0577,01111011
EXSH0001,2016-10-04T16:24:29Z,48.3600,-4.7800,1020.9,0,5.8203,-0.054,01111011
EXSH0001,2016-10-04T16:29:29Z,48.3600,-4.7800,1020.9,0,5.8643,-0.0831,01111011
EXSH0001,2016-10-04T16:34:29Z,48.3600,-4.7800,1020.9,0,5.9428,-0.0522,01111011
EXSH0001,2016-10-04T16:39:29Z,48.3600,-4.7800,1020.9,0,6.0069,-0.0551,01111011
EXSH0001,2016-10-04T16:44:29Z,48.3600,-4.7800,1020.9,0,6.0754,-0.0466,01111011
EXSH0001,2016-10-04T16:49:29Z,48.3600,-4.7800,1020.9,0,6.1255,-0.0565,01111011
EXSH0001,2016-10-04T16:54:29Z,48.3600,-4.7800,1020.9,0,6.1735,-0.0655,01111011
EXSH0001,2016-10-04T16:59:29Z,48.3600,-4.7800,1020.9,0,6.245,-0.039,01111011
EXSH0001,2016-10-04T17:04:29Z,48.3600,-4.7800,1020.8,0,6.2869,-0.0421,01111011
EXSH0001,2016-10-04T17:09:29Z,48.3600,-4.7800,1020.8,0,6.3149,-0.0511,01111011
EXSH0001,2016-10-04T17:14:29Z,48.3600,-4.7800,1020.8,0,6.3503,-0.0557,01111011
EXSH0001,2016-10-04T17:19:29Z,48.3600,-4.7800,1020.8,0,6.3692,-0.0668,01111011
EXSH0001,2016-10-04T17:24:29Z,48.3600,-4.7800,1020.8,0,6.3895,-0.0635,01111011
EXSH0001,2016-10-04T17:29:29Z,48.3600,-4.7800,1020.8,0,6.4059,-0.0701,01111011
EXSH0001,2016-10-04T17:34:29Z,48.3600,-4.7800,1020.8,0,6.4382,-0.0418,01111011
EXSH0001,2016-10-04T17:39:29Z,48.3600,-4.7800,1020.8,0,6.4433,-0.0467,01111011
EXSH0001,2016-10-04T17:44:29Z,48.3600,-4.7800,1020.8,0,6.4605,-0.0295,01111011
EXSH0001,2016-10-04T17:49:29Z,48.3600,-4.7800,1020.8,0,6.4612,-0.0288,01111011
EXSH0001,2016-10-04T17:54:29Z,48.3600,-4.7800,1020.8,0,6.4449,-0.0357,01111011
EXSH0001,2016-10-04T17:59:29Z,48.3600,-4.7800,1020.8,0,6.4209,-0.0447,01111011
EXSH0001,2016-10-04T18:04:29Z,48.3600,-4.7800,1020.8,0,6.4031,-0.0475,01111011
EXSH0001,2016-10-04T18:09:29Z,48.3600,-4.7800,1020.8,0,6.3708,-0.0504,01111011
EXSH0001,2016-10-04T18:14:29Z,48.3600,-4.7800,1020.8,0,6.3497,-0.0415,01111011
EXSH0001,2016-10-04T18:19:29Z,48.3600,-4.7800,1020.8,0,6.3198,-0.0414,01111011
EXSH0001,2016-10-04T18:24:29Z,48.3600,-4.7800,1020.8,0,6.2872,-0.0346,01111011
EXSH0001,2016-10-04T18:29:29Z,48.3600,-4.7800,1020.8,0,6.2477,-0.0291,01111011
EXSH0001,2016-10-04T18:34:29Z,48.3600,-4.7800,1020.8,0,6.1946,-0.043,01111011
EXSH0001,2016-10-04T18:39:29Z,48.3600,-4.7800,1020.8,0,6.1559,-0.0317,01111011
EXSH0001,2016-10-04T18:44:29Z,48.3600,-4.7800,1020.8,0,6.0939,-0.0337,01111011
EXSH0001,2016-10-04T18:49:29Z,48.3600,-4.7800,1020.8,0,6.0201,-0.0475,01111011
EXSH0001,2016-10-04T18:54:29Z,48.3600,-4.7800,1020.8,0,5.969,-0.0386,01111011
EXSH0001,2016-10-04T18:59:29Z,48.3600,-4.7800,1020.8,0,5.8841,-0.0535,01111011
EXSH0001,2016-10-04T19:04:29Z,48.3600,-4.7800,1020.8,0,5.8437,-0.0283,01111011
EXSH0001,2016-10-04T19:09:29Z,48.3600,-4.7800,1020.8,0,5.7857,-0.0113,01111011
EXSH0001,2016-10-04T19:14:29Z,48.3600,-4.7800,1020.8,0,5.7225,0.0005,01111011
EXSH0001,2016-10-04T19:19:29Z,48.3600,-4.7800,1020.8,0,5.6514,0.0044,01111011
EXSH0001,2016-10-04T19:24:29Z,48.3600,-4.7800,1020.8,0,5.5627,-0.0037,01111011
EXSH0001,2016-10-04T19:29:29Z,48.3600,-4.7800,1020.8,0,5.4846,-0.0024,01111011
EXSH0001,2016-10-04T19:34:29Z,48.3600,-4.7800,1020.8,0,5.406,-0.0223,01111011
EXSH0001,2016-10-04T19:39:29Z,48.3600,-4.7800,1020.8,0,5.3068,-0.0315,01111011
EXSH0001,2016-10-04T19:44:29Z,48.3600,-4.7800,1020.8,0,5.2469,-0.0114,01111011
EXSH0001,2016-10-04T19:49:29Z,48.3600,-4.7800,1020.8,0,5.1675,-0.0008,01111011
EXSH0001,2016-10-04T19:54:29Z,48.3600,-4.7800,1020.8,0,5.0974,0.0172,01111011
EXSH0001,2016-10-04T19:59:29Z,48.3600,-4.7800,1020.8,0,4.9929,-0.0054,01111011
EXSH0001,2016-10-04T20:04:29Z,48.3600,-4.7800,1021.3,0,4.8922,-0.0161,01111011
EXSH0001,2016-10-04T20:09:29Z,48.3600,-4.7800,1021.3,0,4.8129,-0.0054,01111011
EXSH0001,2016-10-04T20:14:29Z,48.3600,-4.7800,1021.3,0,4.7259,-0.0024,01111011
EXSH0001,2016-10-04T20:19:29Z,48.3600,-4.7800,1021.3,0,4.6461,0.0078,01111011
EXSH0001,2016-10-04T20:24:29Z,48.3600,-4.7800,1021.3,0,4.5331,-0.0152,01111011
EXSH0001,2016-10-04T20:29:29Z,48.3600,-4.7800,1021.3,0,4.4391,-0.0192,01111011
EXSH0001,2016-10-04T20:34:29Z,48.3600,-4.7800,1021.3,0,4.3634,-0.0277,01111011
EXSH0001,2016-10-04T20:39:29Z,48.3600,-4.7800,1021.3,0,4.2607,-0.0404,01111011
EXSH0001,2016-10-04T20:44:29Z,48.3600,-4.7800,1021.3,0,4.1755,-0.0356,01111011
EXSH0001,2016-10-04T20:49:29Z,48.3600,-4.7800,1021.3,0,4.0779,-0.0332,01111011
EXSH0001,2016-10-04T20:54:29Z,48.3600,-4.7800,1021.3,0,3.9775,-0.0436,01111011
EXSH0001,2016-10-04T20:59:29Z,48.3600,-4.7800,1021.3,0,3.9093,-0.0218,01111011
EXSH0001,2016-10-04T21:04:29Z,48.3600,-4.7800,1021.3,0,3.8253,-0.0158,01111011
EXSH0001,2016-10-04T21:09:29Z,48.3600,-4.7800,1021.3,0,3.7203,-0.0308,01111011
EXSH0001,2016-10-04T21:14:29Z,48.3600,-4.7800,1021.3,0,3.6236,-0.0375,01111011
EXSH0001,2016-10-04T21:19:29Z,48.3600,-4.7800,1021.3,0,3.5265,-0.0546,01111011
EXSH0001,2016-10-04T21:24:29Z,48.3600,-4.7800,1021.3,0,3.4543,-0.0368,01111011
EXSH0001,2016-10-04T21:29:29Z,48.3600,-4.7800,1021.3,0,3.3757,-0.0254,01111011
EXSH0001,2016-10-04T21:34:29Z,48.3600,-4.7800,1021.3,0,3.2945,-0.0397,01111011
EXSH0001,2016-10-04T21:39:29Z,48.3600,-4.7800,1021.3,0,3.2065,-0.047,01111011
EXSH0001,2016-10-04T21:44:29Z,48.3600,-4.7800,1021.3,0,3.1087,-0.0555,01111011
EXSH0001,2016-10-04T21:49:29Z,48.3600,-4.7800,1021.3,0,3.0625,-0.021,01111011
EXSH0001,2016-10-04T21:54:29Z,48.3600,-4.7800,1021.3,0,2.9573,-0.0412,01111011
EXSH0001,2016-10-04T21:59:29Z,48.3600,-4.7800,1021.3,0,2.9011,-0.0131,01111011
EXSH0001,2016-10-04T22:04:29Z,48.3600,-4.7800,1021.5,0,2.7997,-0.0388,01111011
EXSH0001,2016-10-04T22:09:29Z,48.3600,-4.7800,1021.5,0,2.7189,-0.0353,01111011
EXSH0001,2016-10-04T22:14:29Z,48.3600,-4.7800,1021.5,0,2.646,-0.0325,01111011
EXSH0001,2016-10-04T22:19:29Z,48.3600,-4.7800,1021.5,0,2.5494,-0.0541,01111011
EXSH0001,2016-10-04T22:24:29Z,48.3600,-4.7800,1021.5,0,2.4965,-0.032,01111011
EXSH0001,2016-10-04T22:29:29Z,48.3600,-4.7800,1021.5,0,2.4231,-0.0397,01111011
EXSH0001,2016-10-04T22:34:29Z,48.3600,-4.7800,1021.5,0,2.3529,-0.0543,01111011
EXSH0001,2016-10-04T22:39:29Z,48.3600,-4.7800,1021.5,0,2.3028,-0.0387,01111011
EXSH0001,2016-10-04T22:44:29Z,48.3600,-4.7800,1021.5,0,2.2284,-0.0488,01111011
EXSH0001,2016-10-04T22:49:29Z,48.3600,-4.7800,1021.5,0,2.1671,-0.0501,01111011
EXSH0001,2016-10-04T22:54:29Z,48.3600,-4.7800,1021.5,0,2.1037,-0.0535,01111011
EXSH0001,2016-10-04T22:59:29Z,48.3600,-4.7800,1021.5,0,2.0543,-0.0486,01111011
EXSH0001,2016-10-04T23:04:29Z,48.3600,-4.7800,1021.5,0,1.9961,-0.0518,01111011
EXSH0001,2016-10-04T23:09:29Z,48.3600,-4.7800,1021.5,0,1.9482,-0.049,01111011
EXSH0001,2016-10-04T23:14:29Z,48.3600,-4.7800,1021.5,0,1.9118,-0.0368,01111011
EXSH0001,2016-10-04T23:19:29Z,48.3600,-4.7800,1021.5,0,1.8725,-0.0404,01111011
EXSH0001,2016-10-04T23:24:29Z,48.3600,-4.7800,1021.5,0,1.8355,-0.0331,01111011
EXSH0001,2016-10-04T23:29:29Z,48.3600,-4.7800,1021.5,0,1.8059,-0.0327,01111011
EXSH0001,2016-10-04T23:34:29Z,48.3600,-4.7800,1021.5,0,1.7847,-0.0248,01111011
EXSH0001,2016-10-04T23:39:29Z,48.3600,-4.7800,1021.5,0,1.7571,-0.021,01111011
EXSH0001,2016-10-04T23:44:29Z,48.3600,-4.7800,1021.5,0,1.7272,-0.0291,01111011
EXSH0001,2016-10-04T23:49:29Z,48.3600,-4.7800,1021.5,0,1.7171,-0.0192,01111011
EXSH0001,2016-10-04T23:54:29Z,48.3600,-4.7800,1021.5,0,1.69,-0.0232,01111011
EXSH0001,2016-10-04T23:59:29Z,48.3600,-4.7800,1021.5,0,1.6591,-0.049,01111011
EXSH0001,2016-10-05T00:04:29Z,48.3600,-4.7800,1021,0,1.6673,-0.0259,01111011
EXSH0001,2016-10-05T00:09:29Z,48.3600,-4.7800,1021,0,1.6579,-0.0321,01111011
EXSH0001,2016-10-05T00:14:29Z,48.3600,-4.7800,1021,0,1.6587,-0.0313,01111011
EXSH0001,2016-10-05T00:19:29Z,48.3600,-4.7800,1021,0,1.6449,-0.0451,01111011
EXSH0001,2016-10-05T00:24:29Z,48.3600,-4.7800,1021,0,1.6569,-0.0399,01111011
EXSH0001,2016-10-05T00:29:29Z,48.3600,-4.7800,1021,0,1.668,-0.0438,01111011
EXSH0001,2016-10-05T00:34:29Z,48.3600,-4.7800,1021,0,1.6771,-0.0489,01111011
EXSH0001,2016-10-05T00:39:29Z,48.3600,-4.7800,1021,0,1.6949,-0.0531,01111011
EXSH0001,2016-10-05T00:44:29Z,48.3600,-4.7800,1021,0,1.704,-0.062,01111011
EXSH0001,2016-10-05T00:49:29Z,48.3600,-4.7800,1021,0,1.7559,-0.0401,01111011
EXSH0001,2016-10-05T00:54:29Z,48.3600,-4.7800,1021,0,1.7801,-0.0489,01111011
EXSH0001,2016-10-05T00:59:29Z,48.3600,-4.7800,1021,0,1.8236,-0.0424,01111011
EXSH0001,2016-10-05T01:04:29Z,48.3600,-4.7800,1020.9,0,1.8737,-0.0353,01111011
EXSH0001,2016-10-05T01:09:29Z,48.3600,-4.7800,1020.9,0,1.906,-0.048,01111011
EXSH0001,2016-10-05T01:14:29Z,48.3600,-4.7800,1020.9,0,1.9431,-0.0659,01111011
EXSH0001,2016-10-05T01:19:29Z,48.3600,-4.7800,1020.9,0,1.9933,-0.0687,01111011
EXSH0001,2016-10-05T01:24:29Z,48.3600,-4.7800,1020.9,0,2.0654,-0.0566,01111011
EXSH0001,2016-10-05T01:29:29Z,48.3600,-4.7800,1020.9,0,2.1175,-0.0725,01111011
EXSH0001,2016-10-05T01:34:29Z,48.3600,-4.7800,1020.9,0,2.2068,-0.0308,01111011
EXSH0001,2016-10-05T01:39:29Z,48.3600,-4.7800,1020.9,0,2.286,-0.026,01111011
EXSH0001,2016-10-05T01:44:29Z,48.3600,-4.7800,1020.9,0,2.3488,-0.0382,01111011
EXSH0001,2016-10-05T01:49:29Z,48.3600,-4.7800,1020.9,0,2.4243,-0.0421,01111011
EXSH0001,2016-10-05T01:54:29Z,48.3600,-4.7800,1020.9,0,2.4939,-0.0625,01111011
EXSH0001,2016-10-05T01:59:29Z,48.3600,-4.7800,1020.9,0,2.5829,-0.0535,01111011
EXSH0001,2016-10-05T02:04:29Z,48.3600,-4.7800,1021,0,2.6732,-0.0626,01111011
EXSH0001,2016-10-05T02:09:29Z,48.3600,-4.7800,1021,0,2.7563,-0.0701,01111011
EXSH0001,2016-10-05T02:14:29Z,48.3600,-4.7800,1021,0,2.8495,-0.0763,01111011
EXSH0001,2016-10-05T02:19:29Z,48.3600,-4.7800,1021,0,2.9536,-0.0728,01111011
EXSH0001,2016-10-05T02:24:29Z,48.3600,-4.7800,1021,0,3.0631,-0.0627,01111011
EXSH0001,2016-10-05T02:29:29Z,48.3600,-4.7800,1021,0,3.1747,-0.0561,01111011
EXSH0001,2016-10-05T02:34:29Z,48.3600,-4.7800,1021,0,3.2769,-0.0379,01111011
EXSH0001,2016-10-05T02:39:29Z,48.3600,-4.7800,1021,0,3.3615,-0.0627,01111011
EXSH0001,2016-10-05T02:44:29Z,48.3600,-4.7800,1021,0,3.4836,-0.0456,01111011
EXSH0001,2016-10-05T02:49:29Z,48.3600,-4.7800,1021,0,3.5935,-0.0507,01111011
EXSH0001,2016-10-05T02:54:29Z,48.3600,-4.7800,1021,0,3.7085,-0.0463,01111011
EXSH0001,2016-10-05T02:59:29Z,48.3600,-4.7800,1021,0,3.8159,-0.0483,01111011
EXSH0001,2016-10-05T03:04:29Z,48.3600,-4.7800,1020.7,0,3.9181,-0.0567,01111011
EXSH0001,2016-10-05T03:09:29Z,48.3600,-4.7800,1020.7,0,4.0131,-0.0717,01111011
EXSH0001,2016-10-05T03:14:29Z,48.3600,-4.7800,1020.7,0,4.1349,-0.0643,01111011
EXSH0001,2016-10-05T03:19:29Z,48.3600,-4.7800,1020.7,0,4.2426,-0.0622,01111011
EXSH0001,2016-10-05T03:24:29Z,48.3600,-4.7800,1020.7,0,4.3344,-0.0848,01111011
EXSH0001,2016-10-05T03:29:29Z,48.3600,-4.7800,1020.7,0,4.4436,-0.0806,01111011
EXSH0001,2016-10-05T03:34:29Z,48.3600,-4.7800,1020.7,0,4.5635,-0.0401,01111011
EXSH0001,2016-10-05T03:39:29Z,48.3600,-4.7800,1020.7,0,4.6655,-0.0432,01111011
EXSH0001,2016-10-05T03:44:29Z,48.3600,-4.7800,1020.7,0,4.764,-0.0496,01111011
EXSH0001,2016-10-05T03:49:29Z,48.3600,-4.7800,1020.7,0,4.853,-0.0587,01111011
EXSH0001,2016-10-05T03:54:29Z,48.3600,-4.7800,1020.7,0,4.9442,-0.0694,01111011
EXSH0001,2016-10-05T03:59:29Z,48.3600,-4.7800,1020.7,0,5.0612,-0.0505,01111011
EXSH0001,2016-10-05T04:04:29Z,48.3600,-4.7800,1021.1,0,5.1379,-0.0638,01111011
EXSH0001,2016-10-05T04:09:29Z,48.3600,-4.7800,1021.1,0,5.2317,-0.067,01111011
EXSH0001,2016-10-05T04:14:29Z,48.3600,-4.7800,1021.1,0,5.3195,-0.0622,01111011
EXSH0001,2016-10-05T04:19:29Z,48.3600,-4.7800,1021.1,0,5.392,-0.0797,01111011
EXSH0001,2016-10-05T04:24:29Z,48.3600,-4.7800,1021.1,0,5.4852,-0.0746,01111011
EXSH0001,2016-10-05T04:29:29Z,48.3600,-4.7800,1021.1,0,5.5525,-0.0823,01111011
EXSH0001,2016-10-05T05:35:34Z,48.3600,-4.7800,,0,6.2901,-0.045,01119011
EXSH0001,2016-10-05T05:40:34Z,48.3600,-4.7800,,0,6.3239,-0.0312,01119011
EXSH0001,2016-10-05T05:45:34Z,48.3600,-4.7800,,0,6.3366,-0.0409,01119011
EXSH0001,2016-10-05T05:50:34Z,48.3600,-4.7800,,0,6.3399,-0.0501,01119011
EXSH0001,2016-10-05T05:55:34Z,48.3600,-4.7800,,0,6.3524,-0.0452,01119011
EXSH0001,2016-10-05T06:00:34Z,48.3600,-4.7800,1021.4,0,6.3558,-0.0442,01111011
EXSH0001,2016-10-05T06:05:34Z,48.3600,-4.7800,1021.4,0,6.3497,-0.0427,01111011
EXSH0001,2016-10-05T06:10:34Z,48.3600,-4.7800,1021.4,0,6.3521,-0.0353,01111011
EXSH0001,2016-10-05T06:15:34Z,48.3600,-4.7800,1021.4,0,6.3257,-0.0468,01111011
EXSH0001,2016-10-05T06:20:34Z,48.3600,-4.7800,1021.4,0,6.3321,-0.0228,01111011
EXSH0001,2016-10-05T06:25:34Z,48.3600,-4.7800,1021.4,0,6.3303,0.0054,01111011
EXSH0001,2016-10-05T06:30:34Z,48.3600,-4.7800,1021.4,0,6.293,-0.0093,01111011
EXSH0001,2016-10-05T06:35:34Z,48.3600,-4.7800,1021.4,0,6.2591,-0.013,01111011
EXSH0001,2016-10-05T06:40:34Z,48.3600,-4.7800,1021.4,0,6.2215,-0.0117,01111011
EXSH0001,2016-10-05T06:45:34Z,48.3600,-4.7800,1021.4,0,6.1813,-0.0168,01111011
EXSH0001,2016-10-05T06:50:34Z,48.3600,-4.7800,1021.4,0,6.135,-0.0182,01111011
EXSH0001,2016-10-05T06:55:34Z,48.3600,-4.7800,1021.4,0,6.09,-0.0082,01111011
EXSH0001,2016-10-05T07:00:34Z,48.3600,-4.7800,1021.3,0,6.039,-0.0052,01111011
EXSH0001,2016-10-05T07:05:34Z,48.3600,-4.7800,1021.3,0,5.9715,-0.0127,01111011
EXSH0001,2016-10-05T07:10:34Z,48.3600,-4.7800,1021.3,0,5.9142,-0.01,01111011
EXSH0001,2016-10-05T07:15:34Z,48.3600,-4.7800,1021.3,0,5.8519,-0.0084,01111011
EXSH0001,2016-10-05T07:20:34Z,48.3600,-4.7800,1021.3,0,5.7921,-0.0021,01111011
EXSH0001,2016-10-05T07:25:34Z,48.3600,-4.7800,1021.3,0,5.7354,0.0152,01111011
EXSH0001,2016-10-05T07:30:34Z,48.3600,-4.7800,1021.3,0,5.6764,0.0222,01111011
EXSH0001,2016-10-05T07:35:34Z,48.3600,-4.7800,1021.3,0,5.6191,0.0196,01111011
EXSH0001,2016-10-05T07:40:34Z,48.3600,-4.7800,1021.3,0,5.5424,0.023,01111011
EXSH0001,2016-10-05T07:45:34Z,48.3600,-4.7800,1021.3,0,5.4539,0.0144,01111011
EXSH0001,2016-10-05T07:50:34Z,48.3600,-4.7800,1021.3,0,5.3913,0.0268,01111011
EXSH0001,2016-10-05T07:55:34Z,48.3600,-4.7800,1021.3,0,5.2932,0.0137,01111011
EXSH0001,2016-10-05T08:00:34Z,48.3600,-4.7800,1021.2,0,5.2301,0.0307,01111011
EXSH0001,2016-10-05T08:05:34Z,48.3600,-4.7800,1021.2,0,5.1499,0.0305,01111011
EXSH0001,2016-10-05T08:10:34Z,48.3600,-4.7800,1021.2,0,5.0594,0.03,01111011
EXSH0001,2016-10-05T08:15:34Z,48.3600,-4.7800,1021.2,0,4.975,0.0256,01111011
EXSH0001,2016-10-05T08:20:34Z,48.3600,-4.7800,1021.2,0,4.8785,0.0191,01111011
EXSH0001,2016-10-05T08:25:34Z,48.3600,-4.7800,1021.2,0,4.8066,0.0371,01111011
EXSH0001,2016-10-05T08:30:34Z,48.3600,-4.7800,1021.2,0,4.7043,0.0149,01111011
EXSH0001,2016-10-05T08:35:34Z,48.3600,-4.7800,1021.2,0,4.6237,0.0012,01111011
EXSH0001,2016-10-05T08:40:34Z,48.3600,-4.7800,1021.2,0,4.5224,-0.0101,01111011
EXSH0001,2016-10-05T08:45:34Z,48.3600,-4.7800,1021.2,0,4.4401,-0.0024,01111011
EXSH0001,2016-10-05T08:50:34Z,48.3600,-4.7800,1021.2,0,4.3566,-0.0059,01111011
EXSH0001,2016-10-05T08:55:34Z,48.3600,-4.7800,1021.2,0,4.2577,-0.0148,01111011
EXSH0001,2016-10-05T09:00:34Z,48.3600,-4.7800,1021.3,0,4.1815,-0.001,01111011
EXSH0001,2016-10-05T09:05:34Z,48.3600,-4.7800,1021.3,0,4.1014,0.0089,01111011
EXSH0001,2016-10-05T09:10:34Z,48.3600,-4.7800,1021.3,0,3.9848,-0.0277,01111011
EXSH0001,2016-10-05T09:15:34Z,48.3600,-4.7800,1021.3,0,3.9195,-0.003,01111011
EXSH0001,2016-10-05T09:20:34Z,48.3600,-4.7800,1021.3,0,3.8405,0.008,01111011
EXSH0001,2016-10-05T09:25:34Z,48.3600,-4.7800,1021.3,0,3.7319,-0.0168,01111011
EXSH0001,2016-10-05T09:30:34Z,48.3600,-4.7800,1021.3,0,3.6572,-0.0053,01111011
EXSH0001,2016-10-05T09:35:34Z,48.3600,-4.7800,1021.3,0,3.554,-0.0427,01111011
EXSH0001,2016-10-05T09:40:34Z,48.3600,-4.7800,1021.3,0,3.4807,-0.0334,01111011
EXSH0001,2016-10-05T09:45:34Z,48.3600,-4.7800,1021.3,0,3.3956,-0.0312,01111011
EXSH0001,2016-10-05T09:50:34Z,48.3600,-4.7800,1021.3,0,3.3213,-0.0228,01111011
EXSH0001,2016-10-05T09:55:34Z,48.3600,-4.7800,1021.3,0,3.244,-0.0201,01111011
EXSH0001,2016-10-05T10:00:34Z,48.3600,-4.7800,1021.6,0,3.1455,-0.0362,01111011
EXSH0001,2016-10-05T10:05:34Z,48.3600,-4.7800,1021.6,0,3.0762,-0.0279,01111011
EXSH0001,2016-10-05T10:10:34Z,48.3600,-4.7800,1021.6,0,2.9896,-0.0322,01111011
EXSH0001,2016-10-05T10:15:34Z,48.3600,-4.7800,1021.6,0,2.9197,-0.027,01111011
EXSH0001,2016-10-05T10:20:34Z,48.3600,-4.7800,1021.6,0,2.8367,-0.0351,01111011
EXSH0001,2016-10-05T10:25:34Z,48.3600,-4.7800,1021.6,0,2.7685,-0.0282,01111011
EXSH0001,2016-10-05T10:30:34Z,48.3600,-4.7800,1021.6,0,2.6874,-0.0344,01111011
EXSH0001,2016-10-05T10:35:34Z,48.3600,-4.7800,1021.6,0,2.6182,-0.0476,01111011
EXSH0001,2016-10-05T10:40:34Z,48.3600,-4.7800,1021.6,0,2.5713,-0.0233,01111011
EXSH0001,2016-10-05T10:45:34Z,48.3600,-4.7800,1021.6,0,2.4785,-0.0473,01111011
EXSH0001,2016-10-05T10:50:34Z,48.3600,-4.7800,1021.6,0,2.4365,-0.0242,01111011
EXSH0001,2016-10-05T10:55:34Z,48.3600,-4.7800,1021.6,0,2.3718,-0.0228,01111011
EXSH0001,2016-10-05T11:00:34Z,48.3600,-4.7800,1021.5,0,2.3105,-0.0241,01111011
EXSH0001,2016-10-05T11:05:34Z,48.3600,-4.7800,1021.5,0,2.2455,-0.0291,01111011
EXSH0001,2016-10-05T11:10:34Z,48.3600,-4.7800,1021.5,0,2.1972,-0.0274,01111011
EXSH0001,2016-10-05T11:15:34Z,48.3600,-4.7800,1021.5,0,2.1416,-0.0318,01111011
EXSH0001,2016-10-05T11:20:34Z,48.3600,-4.7800,1021.5,0,2.0856,-0.0329,01111011
EXSH0001,2016-10-05T11:25:34Z,48.3600,-4.7800,1021.5,0,2.0389,-0.0345,01111011
EXSH0001,2016-10-05T11:30:34Z,48.3600,-4.7800,1021.5,0,1.9908,-0.0415,01111011
EXSH0001,2016-10-05T11:35:34Z,48.3600,-4.7800,1021.5,0,1.9525,-0.0519,01111011
EXSH0001,2016-10-05T11:40:34Z,48.3600,-4.7800,1021.5,0,1.9254,-0.044,01111011
EXSH0001,2016-10-05T11:45:34Z,48.3600,-4.7800,1021.5,0,1.8873,-0.0423,01111011
EXSH0001,2016-10-05T11:50:34Z,48.3600,-4.7800,1021.5,0,1.8685,-0.0311,01111011
EXSH0001,2016-10-05T11:55:34Z,48.3600,-4.7800,1021.5,0,1.8349,-0.0399,01111011
EXSH0001,2016-10-05T12:00:34Z,48.3600,-4.7800,1021,0,1.8163,-0.0335,01111011
EXSH0001,2016-10-05T12:05:34Z,48.3600,-4.7800,1021,0,1.7943,-0.0405,01111011
EXSH0001,2016-10-05T12:10:34Z,48.3600,-4.7800,1021,0,1.7879,-0.0319,01111011
EXSH0001,2016-10-05T12:15:34Z,48.3600,-4.7800,1021,0,1.7674,-0.0374,01111011
EXSH0001,2016-10-05T12:20:34Z,48.3600,-4.7800,1021,0,1.7714,-0.0286,01111011
EXSH0001,2016-10-05T12:25:34Z,48.3600,-4.7800,1021,0,1.7688,-0.0312,01111011
EXSH0001,2016-10-05T12:30:34Z,48.3600,-4.7800,1021,0,1.7728,-0.0272,01111011
EXSH0001,2016-10-05T12:35:34Z,48.3600,-4.7800,1021,0,1.7583,-0.0431,01111011
EXSH0001,2016-10-05T12:40:34Z,48.3600,-4.7800,1021,0,1.7741,-0.0359,01111011
EXSH0001,2016-10-05T12:45:34Z,48.3600,-4.7800,1021,0,1.7798,-0.0416,01111011
EXSH0001,2016-10-05T12:50:34Z,48.3600,-4.7800,1021,0,1.7869,-0.0495,01111011
EXSH0001,2016-10-05T12:55:34Z,48.3600,-4.7800,1021,0,1.8051,-0.0563,01111011
EXSH0001,2016-10-05T13:00:34Z,48.3600,-4.7800,1020.7,0,1.8237,-0.0591,01111011
EXSH0001,2016-10-05T13:05:34Z,48.3600,-4.7800,1020.7,0,1.8435,-0.0693,01111011
EXSH0001,2016-10-05T13:10:34Z,48.3600,-4.7800,1020.7,0,1.8772,-0.0656,01111011
EXSH0001,2016-10-05T13:15:34Z,48.3600,-4.7800,1020.7,0,1.906,-0.0768,01111011
EXSH0001,2016-10-05T13:20:34Z,48.3600,-4.7800,1020.7,0,1.9645,-0.0547,01111011
EXSH0001,2016-10-05T13:25:34Z,48.3600,-4.7800,1020.7,0,2.0025,-0.0631,01111011
EXSH0001,2016-10-05T13:30:34Z,48.3600,-4.7800,1020.7,0,2.0578,-0.0614,01111011
EXSH0001,2016-10-05T13:35:34Z,48.3600,-4.7800,1020.7,0,2.106,-0.0542,01111011
EXSH0001,2016-10-05T13:40:34Z,48.3600,-4.7800,1020.7,0,2.1611,-0.0591,01111011
EXSH0001,2016-10-05T13:45:34Z,48.3600,-4.7800,1020.7,0,2.2289,-0.0513,01111011
EXSH0001,2016-10-05T13:50:34Z,48.3600,-4.7800,1020.7,0,2.29,-0.0602,01111011
EXSH0001,2016-10-05T13:55:34Z,48.3600,-4.7800,1020.7,0,2.3631,-0.0546,01111011
EXSH0001,2016-10-05T14:00:34Z,48.3600,-4.7800,1020.4,0,2.4367,-0.056,01111011
EXSH0001,2016-10-05T14:05:34Z,48.3600,-4.7800,1020.4,0,2.5121,-0.0556,01111011
EXSH0001,2016-10-05T14:10:34Z,48.3600,-4.7800,1020.4,0,2.5944,-0.0584,01111011
EXSH0001,2016-10-05T14:15:34Z,48.3600,-4.7800,1020.4,0,2.6863,-0.049,01111011
EXSH0001,2016-10-05T14:20:34Z,48.3600,-4.7800,1020.4,0,2.7677,-0.0576,01111011
EXSH0001,2016-10-05T14:25:34Z,48.3600,-4.7800,1020.4,0,2.8563,-0.059,01111011
EXSH0001,2016-10-05T14:30:34Z,48.3600,-4.7800,1020.4,0,2.9349,-0.073,01111011
EXSH0001,2016-10-05T14:35:34Z,48.3600,-4.7800,1020.4,0,3.0241,-0.0596,01111011
EXSH0001,2016-10-05T14:40:34Z,48.3600,-4.7800,1020.4,0,3.1255,-0.0571,01111011
EXSH0001,2016-10-05T14:45:34Z,48.3600,-4.7800,1020.4,0,3.2199,-0.0638,01111011
EXSH0001,2016-10-05T14:50:34Z,48.3600,-4.7800,1020.4,0,3.3325,-0.0501,01111011
EXSH0001,2016-10-05T14:55:34Z,48.3600,-4.7800,1020.4,0,3.4415,-0.0461,01111011
EXSH0001,2016-10-05T15:00:34Z,48.3600,-4.7800,1020.2,0,3.5347,-0.0579,01111011
EXSH0001,2016-10-05T15:05:34Z,48.3600,-4.7800,1020.2,0,3.6294,-0.0682,01111011
EXSH0001,2016-10-05T15:10:34Z,48.3600,-4.7800,1020.2,0,3.7346,-0.0681,01111011
EXSH0001,2016-10-05T15:15:34Z,48.3600,-4.7800,1020.2,0,3.8343,-0.0734,01111011
EXSH0001,2016-10-05T15:20:34Z,48.3600,-4.7800,1020.2,0,3.9349,-0.0777,01111011
EXSH0001,2016-10-05T15:25:34Z,48.3600,-4.7800,1020.2,0,4.0265,-0.0911,01111011
EXSH0001,2016-10-05T15:30:34Z,48.3600,-4.7800,1020.2,0,4.1387,-0.084,01111011
EXSH0001,2016-10-05T15:35:34Z,48.3600,-4.7800,1020.2,0,4.2274,-0.0733,01111011
EXSH0001,2016-10-05T15:40:34Z,48.3600,-4.7800,1020.2,0,4.3213,-0.0844,01111011
EXSH0001,2016-10-05T15:45:34Z,48.3600,-4.7800,1020.2,0,4.4144,-0.0963,01111011
EXSH0001,2016-10-05T15:50:34Z,48.3600,-4.7800,1020.2,0,4.5091,-0.1015,01111011
EXSH0001,2016-10-05T15:55:34Z,48.3600,-4.7800,1020.2,0,4.6228,-0.0878,01111011
EXSH0001,2016-10-05T16:00:34Z,48.3600,-4.7800,1019.9,0,4.705,-0.1007,01111011
EXSH0001,2016-10-05T16:05:34Z,48.3600,-4.7800,1019.9,0,4.8156,-0.085,01111011
EXSH0001,2016-10-05T16:10:34Z,48.3600,-4.7800,1019.9,0,4.8827,-0.1079,01111011
EXSH0001,2016-10-05T16:15:34Z,48.3600,-4.7800,1019.9,0,4.9783,-0.1023,01111011
EXSH0001,2016-10-05T16:20:34Z,48.3600,-4.7800,1019.9,0,5.0743,-0.0963,01111011
EXSH0001,2016-10-05T16:25:34Z,48.3600,-4.7800,1019.9,0,5.1379,-0.1226,01111011
EXSH0001,2016-10-05T16:30:34Z,48.3600,-4.7800,1019.9,0,5.2292,-0.1114,01111011
EXSH0001,2016-10-05T16:35:34Z,48.3600,-4.7800,1019.9,0,5.3123,-0.089,01111011
EXSH0001,2016-10-05T16:40:34Z,48.3600,-4.7800,1019.9,0,5.3794,-0.0968,01111011
EXSH0001,2016-10-05T16:45:34Z,48.3600,-4.7800,1019.9,0,5.468,-0.0832,01111011
EXSH0001,2016-10-05T16:50:34Z,48.3600,-4.7800,1019.9,0,5.5416,-0.0847,01111011
EXSH0001,2016-10-05T16:55:34Z,48.3600,-4.7800,1019.9,0,5.6077,-0.0873,01111011
EXSH0001,2016-10-05T17:00:34Z,48.3600,-4.7800,1019.8,0,5.6763,-0.0887,01111011
EXSH0001,2016-10-05T17:05:34Z,48.3600,-4.7800,1019.8,0,5.7301,-0.0949,01111011
EXSH0001,2016-10-05T17:10:34Z,48.3600,-4.7800,1019.8,0,5.7727,-0.1123,01111011
EXSH0001,2016-10-05T17:15:34Z,48.3600,-4.7800,1019.8,0,5.8283,-0.1105,01111011
EXSH0001,2016-10-05T17:20:34Z,48.3600,-4.7800,1019.8,0,5.8883,-0.1055,01111011
EXSH0001,2016-10-05T17:25:34Z,48.3600,-4.7800,1019.8,0,5.9433,-0.0955,01111011
EXSH0001,2016-10-05T17:30:34Z,48.3600,-4.7800,1019.8,0,5.9667,-0.1158,01111011
EXSH0001,2016-10-05T17:35:34Z,48.3600,-4.7800,1019.8,0,6.0125,-0.0954,01111011
EXSH0001,2016-10-05T17:40:34Z,48.3600,-4.7800,1019.8,0,6.0506,-0.0947,01111011
EXSH0001,2016-10-05T17:45:34Z,48.3600,-4.7800,1019.8,0,6.0839,-0.0914,01111011
EXSH0001,2016-10-05T17:50:34Z,48.3600,-4.7800,1019.8,0,6.0997,-0.0979,01111011
EXSH0001,2016-10-05T17:55:34Z,48.3600,-4.7800,1019.8,0,6.1309,-0.0918,01111011
EXSH0001,2016-10-05T18:00:34Z,48.3600,-4.7800,1020.2,0,6.1295,-0.1082,01111011
EXSH0001,2016-10-05T18:05:34Z,48.3600,-4.7800,1020.2,0,6.1452,-0.1048,01111011
EXSH0001,2016-10-05T18:10:34Z,48.3600,-4.7800,1020.2,0,6.1673,-0.0827,01111011
EXSH0001,2016-10-05T18:15:34Z,48.3600,-4.7800,1020.2,0,6.1697,-0.0803,01111011
EXSH0001,2016-10-05T18:20:34Z,48.3600,-4.7800,1020.2,0,6.1665,-0.0835,01111011
EXSH0001,2016-10-05T18:25:34Z,48.3600,-4.7800,1020.2,0,6.1771,-0.0602,01111011
EXSH0001,2016-10-05T18:30:34Z,48.3600,-4.7800,1020.2,0,6.1719,-0.0505,01111011
EXSH0001,2016-10-05T18:35:34Z,48.3600,-4.7800,1020.2,0,6.1581,-0.053,01111011
EXSH0001,2016-10-05T18:40:34Z,48.3600,-4.7800,1020.2,0,6.1241,-0.0682,01111011
EXSH0001,2016-10-05T18:45:34Z,48.3600,-4.7800,1020.2,0,6.1006,-0.0617,01111011
EXSH0001,2016-10-05T18:50:34Z,48.3600,-4.7800,1020.2,0,6.0671,-0.0652,01111011
EXSH0001,2016-10-05T18:55:34Z,48.3600,-4.7800,1020.2,0,6.0328,-0.0606,01111011
EXSH0001,2016-10-05T19:00:34Z,48.3600,-4.7800,1020.3,0,5.9917,-0.0668,01111011
EXSH0001,2016-10-05T19:05:34Z,48.3600,-4.7800,1020.3,0,5.9479,-0.0656,01111011
EXSH0001,2016-10-05T19:10:34Z,48.3600,-4.7800,1020.3,0,5.8986,-0.0598,01111011
EXSH0001,2016-10-05T19:15:34Z,48.3600,-4.7800,1020.3,0,5.8485,-0.065,01111011
EXSH0001,2016-10-05T19:20:34Z,48.3600,-4.7800,1020.3,0,5.8008,-0.0538,01111011
EXSH0001,2016-10-05T19:25:34Z,48.3600,-4.7800,1020.3,0,5.7503,-0.0443,01111011
EXSH0001,2016-10-05T19:30:34Z,48.3600,-4.7800,1020.3,0,5.6944,-0.0402,01111011
EXSH0001,2016-10-05T19:35:34Z,48.3600,-4.7800,1020.3,0,5.6255,-0.0637,01111011
EXSH0001,2016-10-05T19:40:34Z,48.3600,-4.7800,1020.3,0,5.5697,-0.0495,01111011
EXSH0001,2016-10-05T19:45:34Z,48.3600,-4.7800,1020.3,0,5.5189,-0.0351,01111011
EXSH0001,2016-10-05T19:50:34Z,48.3600,-4.7800,1020.3,0,5.4461,-0.0331,01111011
EXSH0001,2016-10-05T19:55:34Z,48.3600,-4.7800,1020.3,0,5.3737,-0.0403,01111011
EXSH0001,2016-10-05T20:00:34Z,48.3600,-4.7800,1019.8,0,5.3035,-0.0355,01111011
EXSH0001,2016-10-05T20:05:34Z,48.3600,-4.7800,1019.8,0,5.2435,-0.0205,01111011
EXSH0001,2016-10-05T20:10:34Z,48.3600,-4.7800,1019.8,0,5.1783,-0.0107,01111011
EXSH0001,2016-10-05T20:15:34Z,48.3600,-4.7800,1019.8,0,5.1089,0.0001,01111011
EXSH0001,2016-10-05T20:20:34Z,48.3600,-4.7800,1019.8,0,5.0402,0.0112,01111011
EXSH0001,2016-10-05T20:25:34Z,48.3600,-4.7800,1019.8,0,4.9511,-0.0029,01111011
EXSH0001,2016-10-05T20:30:34Z,48.3600,-4.7800,1019.8,0,4.8715,0.0025,01111011
EXSH0001,2016-10-05T20:35:34Z,48.3600,-4.7800,1019.8,0,4.8168,0.0038,01111011
EXSH0001,2016-10-05T20:40:34Z,48.3600,-4.7800,1019.8,0,4.7195,-0.0121,01111011
EXSH0001,2016-10-05T20:45:34Z,48.3600,-4.7800,1019.8,0,4.6528,0.0012,01111011
EXSH0001,2016-10-05T20:50:34Z,48.3600,-4.7800,1019.8,0,4.5675,-0.0005,01111011
EXSH0001,2016-10-05T20:55:34Z,48.3600,-4.7800,1019.8,0,4.4631,-0.0199,01111011
EXSH0001,2016-10-05T21:00:34Z,48.3600,-4.7800,1019.9,0,4.3893,-0.0187,01111011
EXSH0001,2016-10-05T21:05:34Z,48.3600,-4.7800,1019.9,0,4.312,-0.011,01111011
EXSH0001,2016-10-05T21:10:34Z,48.3600,-4.7800,1019.9,0,4.2363,-0.0053,01111011
EXSH0001,2016-10-05T21:15:34Z,48.3600,-4.7800,1019.9,0,4.1565,-0.0065,01111011
EXSH0001,2016-10-05T21:20:34Z,48.3600,-4.7800,1019.9,0,4.0761,-0.0055,01111011
EXSH0001,2016-10-05T21:25:34Z,48.3600,-4.7800,1019.9,0,3.9945,-0.0071,01111011
EXSH0001,2016-10-05T21:30:34Z,48.3600,-4.7800,1019.9,0,3.9257,0.0077,01111011
EXSH0001,2016-10-05T21:35:34Z,48.3600,-4.7800,1019.9,0,3.8463,-0.016,01111011
EXSH0001,2016-10-05T21:40:34Z,48.3600,-4.7800,1019.9,0,3.7649,-0.0198,01111011
EXSH0001,2016-10-05T21:45:34Z,48.3600,-4.7800,1019.9,0,3.6839,-0.0184,01111011
EXSH0001,2016-10-05T21:50:34Z,48.3600,-4.7800,1019.9,0,3.5861,-0.0412,01111011
EXSH0001,2016-10-05T21:55:34Z,48.3600,-4.7800,1019.9,0,3.5186,-0.0261,01111011
EXSH0001,2016-10-05T22:00:34Z,48.3600,-4.7800,1019.9,0,3.45,-0.0172,01111011
EXSH0001,2016-10-05T22:05:34Z,48.3600,-4.7800,1019.9,0,3.3754,-0.0168,01111011
EXSH0001,2016-10-05T22:10:34Z,48.3600,-4.7800,1019.9,0,3.2958,-0.0215,01111011
EXSH0001,2016-10-05T22:15:34Z,48.3600,-4.7800,1019.9,0,3.2334,-0.0088,01111011
EXSH0001,2016-10-05T22:20:34Z,48.3600,-4.7800,1019.9,0,3.1506,-0.0167,01111011
EXSH0001,2016-10-05T22:25:34Z,48.3600,-4.7800,1019.9,0,3.0856,-0.0142,01111011
EXSH0001,2016-10-05T22:30:34Z,48.3600,-4.7800,1019.9,0,3.0102,-0.0171,01111011
EXSH0001,2016-10-05T22:35:34Z,48.3600,-4.7800,1019.9,0,2.9481,-0.0221,01111011
EXSH0001,2016-10-05T22:40:34Z,48.3600,-4.7800,1019.9,0,2.8917,-0.0125,01111011
EXSH0001,2016-10-05T22:45:34Z,48.3600,-4.7800,1019.9,0,2.8321,-0.0021,01111011
EXSH0001,2016-10-05T22:50:34Z,48.3600,-4.7800,1019.9,0,2.7644,-0.0098,01111011
EXSH0001,2016-10-05T22:55:34Z,48.3600,-4.7800,1019.9,0,2.6893,-0.0149,01111011
EXSH0001,2016-10-05T23:00:34Z,48.3600,-4.7800,1019.4,0,2.6113,-0.0329,01111011
EXSH0001,2016-10-05T23:05:34Z,48.3600,-4.7800,1019.4,0,2.5549,-0.0293,01111011
EXSH0001,2016-10-05T23:10:34Z,48.3600,-4.7800,1019.4,0,2.4989,-0.0253,01111011
EXSH0001,2016-10-05T23:15:34Z,48.3600,-4.7800,1019.4,0,2.435,-0.0332,01111011
EXSH0001,2016-10-05T23:20:34Z,48.3600,-4.7800,1019.4,0,2.3669,-0.0473,01111011
EXSH0001,2016-10-05T23:25:34Z,48.3600,-4.7800,1019.4,0,2.3249,-0.0393,01111011
EXSH0001,2016-10-05T23:30:34Z,48.3600,-4.7800,1019.4,0,2.2791,-0.034,01111011
EXSH0001,2016-10-05T23:35:34Z,48.3600,-4.7800,1019.4,0,2.2225,-0.0572,01111011
EXSH0001,2016-10-05T23:40:34Z,48.3600,-4.7800,1019.4,0,2.2117,-0.023,01111011
EXSH0001,2016-10-05T23:45:34Z,48.3600,-4.7800,1019.4,0,2.1523,-0.0474,01111011
EXSH0001,2016-10-05T23:50:34Z,48.3600,-4.7800,1019.4,0,2.1193,-0.0405,01111011
EXSH0001,2016-10-05T23:55:34Z,48.3600,-4.7800,1019.4,0,2.0729,-0.0469,01111011
EXSH0001,2016-10-06T00:00:34Z,48.3600,-4.7800,1019.6,0,2.0653,-0.0245,01111011
EXSH0001,2016-10-06T00:05:34Z,48.3600,-4.7800,1019.6,0,2.0215,-0.0483,01111011
EXSH0001,2016-10-06T00:10:34Z,48.3600,-4.7800,1019.6,0,1.9882,-0.0516,01111011
EXSH0001,2016-10-06T00:15:34Z,48.3600,-4.7800,1019.6,0,1.9769,-0.043,01111011
EXSH0001,2016-10-06T00:20:34Z,48.3600,-4.7800,1019.6,0,1.9627,-0.0422,01111011
EXSH0001,2016-10-06T00:25:34Z,48.3600,-4.7800,1019.6,0,1.9511,-0.0388,01111011
EXSH0001,2016-10-06T00:30:34Z,48.3600,-4.7800,1019.6,0,1.944,-0.0309,01111011
EXSH0001,2016-10-06T00:35:34Z,48.3600,-4.7800,1019.6,0,1.9337,-0.0463,01111011
EXSH0001,2016-10-06T00:40:34Z,48.3600,-4.7800,1019.6,0,1.9309,-0.0391,01111011
EXSH0001,2016-10-06T00:45:34Z,48.3600,-4.7800,1019.6,0,1.9108,-0.0592,01111011
EXSH0001,2016-10-06T00:50:34Z,48.3600,-4.7800,1019.6,0,1.9205,-0.0595,01111011
EXSH0001,2016-10-06T00:55:34Z,48.3600,-4.7800,1019.6,0,1.9253,-0.0609,01111011
EXSH0001,2016-10-06T01:00:34Z,48.3600,-4.7800,1019.2,0,1.9297,-0.0615,01111011
EXSH0001,2016-10-06T01:05:34Z,48.3600,-4.7800,1019.2,0,1.9387,-0.0675,01111011
EXSH0001,2016-10-06T01:10:34Z,48.3600,-4.7800,1019.2,0,1.9464,-0.0849,01111011
EXSH0001,2016-10-06T01:15:34Z,48.3600,-4.7800,1019.2,0,1.9809,-0.0716,01111011
EXSH0001,2016-10-06T01:20:34Z,48.3600,-4.7800,1019.2,0,1.9973,-0.0752,01111011
EXSH0001,2016-10-06T01:25:34Z,48.3600,-4.7800,1019.2,0,2.0286,-0.0802,01111011
EXSH0001,2016-10-06T01:30:34Z,48.3600,-4.7800,1019.2,0,2.0638,-0.0787,01111011
EXSH0001,2016-10-06T01:35:34Z,48.3600,-4.7800,1019.2,0,2.0905,-0.0775,01111011
EXSH0001,2016-10-06T01:40:34Z,48.3600,-4.7800,1019.2,0,2.1349,-0.0781,01111011
EXSH0001,2016-10-06T01:45:34Z,48.3600,-4.7800,1019.2,0,2.1845,-0.0735,01111011
EXSH0001,2016-10-06T01:50:34Z,48.3600,-4.7800,1019.2,0,2.2475,-0.0554,01111011
EXSH0001,2016-10-06T01:55:34Z,48.3600,-4.7800,1019.2,0,2.2844,-0.0762,01111011
EXSH0001,2016-10-06T02:00:34Z,48.3600,-4.7800,1019.5,0,2.3413,-0.0793,01111011
EXSH0001,2016-10-06T02:05:34Z,48.3600,-4.7800,1019.5,0,2.3981,-0.0825,01111011
EXSH0001,2016-10-06T02:10:34Z,48.3600,-4.7800,1019.5,0,2.4631,-0.0775,01111011
EXSH0001,2016-10-06T02:15:34Z,48.3600,-4.7800,1019.5,0,2.5417,-0.0715,01111011
EXSH0001,2016-10-06T02:20:34Z,48.3600,-4.7800,1019.5,0,2.6085,-0.0798,01111011
EXSH0001,2016-10-06T02:25:34Z,48.3600,-4.7800,1019.5,0,2.6756,-0.0876,01111011
EXSH0001,2016-10-06T02:30:34Z,48.3600,-4.7800,1019.5,0,2.7642,-0.074,01111011
EXSH0001,2016-10-06T02:35:34Z,48.3600,-4.7800,1019.5,0,2.8342,-0.0689,01111011
EXSH0001,2016-10-06T02:40:34Z,48.3600,-4.7800,1019.5,0,2.9198,-0.0633,01111011
EXSH0001,2016-10-06T02:45:34Z,48.3600,-4.7800,1019.5,0,2.9991,-0.074,01111011
EXSH0001,2016-10-06T02:50:34Z,48.3600,-4.7800,1019.5,0,3.0841,-0.079,01111011
EXSH0001,2016-10-06T02:55:34Z,48.3600,-4.7800,1019.5,0,3.1711,-0.082,01111011
EXSH0001,2016-10-06T03:00:34Z,48.3600,-4.7800,1019.2,0,3.2713,-0.0718,01111011
EXSH0001,2016-10-06T03:05:34Z,48.3600,-4.7800,1019.2,0,3.361,-0.081,01111011
EXSH0001,2016-10-06T03:10:34Z,48.3600,-4.7800,1019.2,0,3.4499,-0.0871,01111011
EXSH0001,2016-10-06T03:15:34Z,48.3600,-4.7800,1019.2,0,3.5563,-0.0768,01111011
EXSH0001,2016-10-06T03:20:34Z,48.3600,-4.7800,1019.2,0,3.6588,-0.0743,01111011
EXSH0001,2016-10-06T03:25:34Z,48.3600,-4.7800,1019.2,0,3.7469,-0.085,01111011
EXSH0001,2016-10-06T03:30:34Z,48.3600,-4.7800,1019.2,0,3.8325,-0.0944,01111011
EXSH0001,2016-10-06T03:35:34Z,48.3600,-4.7800,1019.2,0,3.9175,-0.0889,01111011
EXSH0001,2016-10-06T03:40:34Z,48.3600,-4.7800,1019.2,0,4.013,-0.0884,01111011
EXSH0001,2016-10-06T03:45:34Z,48.3600,-4.7800,1019.2,0,4.1203,-0.0809,01111011
EXSH0001,2016-10-06T03:50:34Z,48.3600,-4.7800,1019.2,0,4.2116,-0.0896,01111011
EXSH0001,2016-10-06T03:55:34Z,48.3600,-4.7800,1019.2,0,4.2989,-0.0975,01111011
EXSH0001,2016-10-06T04:00:34Z,48.3600,-4.7800,1019.6,0,4.3883,-0.1029,01111011
EXSH0001,2016-10-06T04:05:34Z,48.3600,-4.7800,1019.6,0,4.4724,-0.1088,01111011
EXSH0001,2016-10-06T04:10:34Z,48.3600,-4.7800,1019.6,0,4.5688,-0.1124,01111011
EXSH0001,2016-10-06T04:15:34Z,48.3600,-4.7800,1019.6,0,4.6652,-0.106,01111011
EXSH0001,2016-10-06T04:20:34Z,48.3600,-4.7800,1019.6,0,4.7568,-0.1042,01111011
EXSH0001,2016-10-06T04:25:34Z,48.3600,-4.7800,1019.6,0,4.8447,-0.0965,01111011
EXSH0001,2016-10-06T04:30:34Z,48.3600,-4.7800,1019.6,0,4.9004,-0.1306,01111011
EXSH0001,2016-10-06T05:36:34Z,48.3600,-4.7800,,0,5.7956,-0.096,01119011
EXSH0001,2016-10-06T05:41:34Z,48.3600,-4.7800,,0,5.8414,-0.0953,01119011
EXSH0001,2016-10-06T05:46:34Z,48.3600,-4.7800,,0,5.8857,-0.0859,01119011
EXSH0001,2016-10-06T05:51:34Z,48.3600,-4.7800,,0,5.9097,-0.1014,01119011
EXSH0001,2016-10-06T05:56:34Z,48.3600,-4.7800,,0,5.9526,-0.0885,01119011
EXSH0001,2016-10-06T06:01:34Z,48.3600,-4.7800,1019.8,0,5.977,-0.0941,01111011
EXSH0001,2016-10-06T06:06:34Z,48.3600,-4.7800,1019.8,0,6.0171,-0.0834,01111011
EXSH0001,2016-10-06T06:11:34Z,48.3600,-4.7800,1019.8,0,6.0503,-0.0653,01111011
EXSH0001,2016-10-06T06:16:34Z,48.3600,-4.7800,1019.8,0,6.0643,-0.0662,01111011
EXSH0001,2016-10-06T06:21:34Z,48.3600,-4.7800,1019.8,0,6.0752,-0.0704,01111011
EXSH0001,2016-10-06T06:26:34Z,48.3600,-4.7800,1019.8,0,6.0701,-0.0799,01111011
EXSH0001,2016-10-06T06:31:34Z,48.3600,-4.7800,1019.8,0,6.0843,-0.0657,01111011
EXSH0001,2016-10-06T06:36:34Z,48.3600,-4.7800,1019.8,0,6.0912,-0.0588,01111011
EXSH0001,2016-10-06T06:41:34Z,48.3600,-4.7800,1019.8,0,6.0825,-0.0575,01111011
EXSH0001,2016-10-06T06:46:34Z,48.3600,-4.7800,1019.8,0,6.0881,-0.045,01111011
EXSH0001,2016-10-06T06:51:34Z,48.3600,-4.7800,1019.8,0,6.0811,-0.037,01111011
EXSH0001,2016-10-06T06:56:34Z,48.3600,-4.7800,1019.8,0,6.0634,-0.0327,01111011
EXSH0001,2016-10-06T07:01:34Z,48.3600,-4.7800,1020,0,6.0324,-0.0357,01111011
EXSH0001,2016-10-06T07:06:34Z,48.3600,-4.7800,1020,0,6.0016,-0.0376,01111011
EXSH0001,2016-10-06T07:11:34Z,48.3600,-4.7800,1020,0,5.9683,-0.0378,01111011
EXSH0001,2016-10-06T07:16:34Z,48.3600,-4.7800,1020,0,5.9432,-0.0259,01111011
EXSH0001,2016-10-06T07:21:34Z,48.3600,-4.7800,1020,0,5.9017,-0.0244,01111011
EXSH0001,2016-10-06T07:26:34Z,48.3600,-4.7800,1020,0,5.8681,-0.021,01111011
EXSH0001,2016-10-06T07:31:34Z,48.3600,-4.7800,1020,0,5.8062,-0.0414,01111011
EXSH0001,2016-10-06T07:36:34Z,48.3600,-4.7800,1020,0,5.7579,-0.0397,01111011
EXSH0001,2016-10-06T07:41:34Z,48.3600,-4.7800,1020,0,5.7083,-0.0374,01111011
EXSH0001,2016-10-06T07:46:34Z,48.3600,-4.7800,1020,0,5.6471,-0.0405,01111011
EXSH0001,2016-10-06T07:51:34Z,48.3600,-4.7800,1020,0,5.5843,-0.0433,01111011
EXSH0001,2016-10-06T07:56:34Z,48.3600,-4.7800,1020,0,5.5261,-0.0415,01111011
EXSH0001,2016-10-06T08:01:34Z,48.3600,-4.7800,1019.9,0,5.4711,-0.0365,01111011
EXSH0001,2016-10-06T08:06:34Z,48.3600,-4.7800,1019.9,0,5.4009,-0.0367,01111011
EXSH0001,2016-10-06T08:11:34Z,48.3600,-4.7800,1019.9,0,5.3285,-0.041,01111011
EXSH0001,2016-10-06T08:16:34Z,48.3600,-4.7800,1019.9,0,5.2751,-0.0294,01111011
EXSH0001,2016-10-06T08:21:34Z,48.3600,-4.7800,1019.9,0,5.2105,-0.019,01111011
EXSH0001,2016-10-06T08:26:34Z,48.3600,-4.7800,1019.9,0,5.1371,-0.0205,01111011
EXSH0001,2016-10-06T08:31:34Z,48.3600,-4.7800,1019.9,0,5.0745,-0.0343,01111011
EXSH0001,2016-10-06T08:36:34Z,48.3600,-4.7800,1019.9,0,4.9889,-0.0449,01111011
EXSH0001,2016-10-06T08:41:34Z,48.3600,-4.7800,1019.9,0,4.9124,-0.0464,01111011
EXSH0001,2016-10-06T08:46:34Z,48.3600,-4.7800,1019.9,0,4.8467,-0.037,01111011
EXSH0001,2016-10-06T08:51:34Z,48.3600,-4.7800,1019.9,0,4.7769,-0.0318,01111011
EXSH0001,2016-10-06T08:56:34Z,48.3600,-4.7800,1019.9,0,4.6862,-0.0383,01111011
EXSH0001,2016-10-06T09:01:34Z,48.3600,-4.7800,1019.8,0,4.6161,-0.0326,01111011
EXSH0001,2016-10-06T09:06:34Z,48.3600,-4.7800,1019.8,0,4.5299,-0.0439,01111011
EXSH0001,2016-10-06T09:11:34Z,48.3600,-4.7800,1019.8,0,4.4417,-0.057,01111011
EXSH0001,2016-10-06T09:16:34Z,48.3600,-4.7800,1019.8,0,4.3725,-0.042,01111011
EXSH0001,2016-10-06T09:21:34Z,48.3600,-4.7800,1019.8,0,4.299,-0.0397,01111011
EXSH0001,2016-10-06T09:26:34Z,48.3600,-4.7800,1019.8,0,4.2312,-0.0325,01111011
EXSH0001,2016-10-06T09:31:34Z,48.3600,-4.7800,1019.8,0,4.1466,-0.0602,01111011
EXSH0001,2016-10-06T09:36:34Z,48.3600,-4.7800,1019.8,0,4.0701,-0.056,01111011
EXSH0001,2016-10-06T09:41:34Z,48.3600,-4.7800,1019.8,0,4.0009,-0.0459,01111011
EXSH0001,2016-10-06T09:46:34Z,48.3600,-4.7800,1019.8,0,3.9169,-0.0549,01111011
EXSH0001,2016-10-06T09:51:34Z,48.3600,-4.7800,1019.8,0,3.8503,-0.0465,01111011
EXSH0001,2016-10-06T09:56:34Z,48.3600,-4.7800,1019.8,0,3.7947,-0.027,01111011
EXSH0001,2016-10-06T10:01:34Z,48.3600,-4.7800,1019.3,0,3.7195,-0.0272,01111011
EXSH0001,2016-10-06T10:06:34Z,48.3600,-4.7800,1019.3,0,3.6275,-0.0442,01111011
EXSH0001,2016-10-06T10:11:34Z,48.3600,-4.7800,1019.3,0,3.5587,-0.0381,01111011
EXSH0001,2016-10-06T10:16:34Z,48.3600,-4.7800,1019.3,0,3.4911,-0.0307,01111011
EXSH0001,2016-10-06T10:21:34Z,48.3600,-4.7800,1019.3,0,3.4189,-0.0285,01111011
EXSH0001,2016-10-06T10:26:34Z,48.3600,-4.7800,1019.3,0,3.3565,-0.0252,01111011
EXSH0001,2016-10-06T10:31:34Z,48.3600,-4.7800,1019.3,0,3.2895,-0.0363,01111011
EXSH0001,2016-10-06T10:36:34Z,48.3600,-4.7800,1019.3,0,3.2307,-0.0219,01111011
EXSH0001,2016-10-06T10:41:34Z,48.3600,-4.7800,1019.3,0,3.1562,-0.0295,01111011
EXSH0001,2016-10-06T10:46:34Z,48.3600,-4.7800,1019.3,0,3.0977,-0.0149,01111011
EXSH0001,2016-10-06T10:51:34Z,48.3600,-4.7800,1019.3,0,3.0266,-0.0192,01111011
EXSH0001,2016-10-06T10:56:34Z,48.3600,-4.7800,1019.3,0,2.9543,-0.0283,01111011
EXSH0001,2016-10-06T11:01:34Z,48.3600,-4.7800,1019.1,0,2.9032,-0.0126,01111011
EXSH0001,2016-10-06T11:06:34Z,48.3600,-4.7800,1019.1,0,2.8297,-0.0229,01111011
EXSH0001,2016-10-06T11:11:34Z,48.3600,-4.7800,1019.1,0,2.7648,-0.0278,01111011
EXSH0001,2016-10-06T11:16:34Z,48.3600,-4.7800,1019.1,0,2.7187,-0.0139,01111011
EXSH0001,2016-10-06T11:21:34Z,48.3600,-4.7800,1019.1,0,2.6489,-0.0237,01111011
EXSH0001,2016-10-06T11:26:34Z,48.3600,-4.7800,1019.1,0,2.5835,-0.0391,01111011
EXSH0001,2016-10-06T11:31:34Z,48.3600,-4.7800,1019.1,0,2.5291,-0.0481,01111011
EXSH0001,2016-10-06T11:36:34Z,48.3600,-4.7800,1019.1,0,2.4771,-0.0483,01111011
EXSH0001,2016-10-06T11:41:34Z,48.3600,-4.7800,1019.1,0,2.4328,-0.0444,01111011
EXSH0001,2016-10-06T11:46:34Z,48.3600,-4.7800,1019.1,0,2.3791,-0.0463,01111011
EXSH0001,2016-10-06T11:51:34Z,48.3600,-4.7800,1019.1,0,2.3303,-0.0533,01111011
EXSH0001,2016-10-06T11:56:34Z,48.3600,-4.7800,1019.1,0,2.2967,-0.0487,01111011
EXSH0001,2016-10-06T12:01:34Z,48.3600,-4.7800,1018.6,0,2.257,-0.0466,01111011
EXSH0001,2016-10-06T12:06:34Z,48.3600,-4.7800,1018.6,0,2.2293,-0.0361,01111011
EXSH0001,2016-10-06T12:11:34Z,48.3600,-4.7800,1018.6,0,2.1889,-0.0447,01111011
EXSH0001,2016-10-06T12:16:34Z,48.3600,-4.7800,1018.6,0,2.1757,-0.0279,01111011
EXSH0001,2016-10-06T12:21:34Z,48.3600,-4.7800,1018.6,0,2.1409,-0.0359,01111011
EXSH0001,2016-10-06T12:26:34Z,48.3600,-4.7800,1018.6,0,2.116,-0.0376,01111011
EXSH0001,2016-10-06T12:31:34Z,48.3600,-4.7800,1018.6,0,2.0996,-0.041,01111011
EXSH0001,2016-10-06T12:36:34Z,48.3600,-4.7800,1018.6,0,2.0796,-0.036,01111011
EXSH0001,2016-10-06T12:41:34Z,48.3600,-4.7800,1018.6,0,2.0651,-0.0355,01111011
EXSH0001,2016-10-06T12:46:34Z,48.3600,-4.7800,1018.6,0,2.052,-0.0436,01111011
EXSH0001,2016-10-06T12:51:34Z,48.3600,-4.7800,1018.6,0,2.0492,-0.0408,01111011
EXSH0001,2016-10-06T12:56:34Z,48.3600,-4.7800,1018.6,0,2.0667,-0.0133,01111011
EXSH0001,2016-10-06T13:01:34Z,48.3600,-4.7800,1018.1,0,2.0449,-0.0351,01111011
EXSH0001,2016-10-06T13:06:34Z,48.3600,-4.7800,1018.1,0,2.0595,-0.0249,01111011
EXSH0001,2016-10-06T13:11:34Z,48.3600,-4.7800,1018.1,0,2.0497,-0.0403,01111011
EXSH0001,2016-10-06T13:16:34Z,48.3600,-4.7800,1018.1,0,2.065,-0.035,01111011
EXSH0001,2016-10-06T13:21:34Z,48.3600,-4.7800,1018.1,0,2.0816,-0.0278,01111011
EXSH0001,2016-10-06T13:26:34Z,48.3600,-4.7800,1018.1,0,2.101,-0.0278,01111011
EXSH0001,2016-10-06T13:31:34Z,48.3600,-4.7800,1018.1,0,2.1157,-0.0299,01111011
EXSH0001,2016-10-06T13:36:34Z,48.3600,-4.7800,1018.1,0,2.1359,-0.0352,01111011
EXSH0001,2016-10-06T13:41:34Z,48.3600,-4.7800,1018.1,0,2.1585,-0.0426,01111011
EXSH0001,2016-10-06T13:46:34Z,48.3600,-4.7800,1018.1,0,2.1883,-0.0428,01111011
EXSH0001,2016-10-06T13:51:34Z,48.3600,-4.7800,1018.1,0,2.2135,-0.0476,01111011
EXSH0001,2016-10-06T13:56:34Z,48.3600,-4.7800,1018.1,0,2.2515,-0.0501,01111011
EXSH0001,2016-10-06T14:01:34Z,48.3600,-4.7800,1017.5,0,2.3047,-0.042,01111011
EXSH0001,2016-10-06T14:06:34Z,48.3600,-4.7800,1017.5,0,2.3481,-0.0436,01111011
EXSH0001,2016-10-06T14:11:34Z,48.3600,-4.7800,1017.5,0,2.4073,-0.0349,01111011
EXSH0001,2016-10-06T14:16:34Z,48.3600,-4.7800,1017.5,0,2.4649,-0.0273,01111011
EXSH0001,2016-10-06T14:21:34Z,48.3600,-4.7800,1017.5,0,2.5173,-0.0349,01111011
EXSH0001,2016-10-06T14:26:34Z,48.3600,-4.7800,1017.5,0,2.5701,-0.0421,01111011
EXSH0001,2016-10-06T14:31:34Z,48.3600,-4.7800,1017.5,0,2.6463,-0.0134,01111011
EXSH0001,2016-10-06T14:36:34Z,48.3600,-4.7800,1017.5,0,2.6951,-0.0327,01111011
EXSH0001,2016-10-06T14:41:34Z,48.3600,-4.7800,1017.5,0,2.7525,-0.0473,01111011
EXSH0001,2016-10-06T14:46:34Z,48.3600,-4.7800,1017.5,0,2.8375,-0.0373,01111011
EXSH0001,2016-10-06T14:51:34Z,48.3600,-4.7800,1017.5,0,2.9083,-0.0415,01111011
EXSH0001,2016-10-06T14:56:34Z,48.3600,-4.7800,1017.5,0,2.9763,-0.0554,01111011
EXSH0001,2016-10-06T15:01:34Z,48.3600,-4.7800,1017.4,0,3.0566,-0.0551,01111011
EXSH0001,2016-10-06T15:06:34Z,48.3600,-4.7800,1017.4,0,3.1407,-0.0541,01111011
EXSH0001,2016-10-06T15:11:34Z,48.3600,-4.7800,1017.4,0,3.2211,-0.0606,01111011
EXSH0001,2016-10-06T15:16:34Z,48.3600,-4.7800,1017.4,0,3.304,-0.0677,01111011
EXSH0001,2016-10-06T15:21:34Z,48.3600,-4.7800,1017.4,0,3.3881,-0.0736,01111011
EXSH0001,2016-10-06T15:26:34Z,48.3600,-4.7800,1017.4,0,3.473,-0.0787,01111011
EXSH0001,2016-10-06T15:31:34Z,48.3600,-4.7800,1017.4,0,3.5684,-0.0502,01111011
EXSH0001,2016-10-06T15:36:34Z,48.3600,-4.7800,1017.4,0,3.6352,-0.0734,01111011
EXSH0001,2016-10-06T15:41:34Z,48.3600,-4.7800,1017.4,0,3.7254,-0.0732,01111011
EXSH0001,2016-10-06T15:46:34Z,48.3600,-4.7800,1017.4,0,3.8257,-0.0629,01111011
EXSH0001,2016-10-06T15:51:34Z,48.3600,-4.7800,1017.4,0,3.9161,-0.0706,01111011
EXSH0001,2016-10-06T15:56:34Z,48.3600,-4.7800,1017.4,0,3.991,-0.0876,01111011
EXSH0001,2016-10-06T16:01:34Z,48.3600,-4.7800,1017.2,0,4.0764,-0.0922,01111011
EXSH0001,2016-10-06T16:06:34Z,48.3600,-4.7800,1017.2,0,4.1755,-0.0831,01111011
EXSH0001,2016-10-06T16:11:34Z,48.3600,-4.7800,1017.2,0,4.2752,-0.0734,01111011
EXSH0001,2016-10-06T16:16:34Z,48.3600,-4.7800,1017.2,0,4.3432,-0.0954,01111011
EXSH0001,2016-10-06T16:21:34Z,48.3600,-4.7800,1017.2,0,4.4237,-0.0968,01111011
EXSH0001,2016-10-06T16:26:34Z,48.3600,-4.7800,1017.2,0,4.5162,-0.0924,01111011
EXSH0001,2016-10-06T16:31:34Z,48.3600,-4.7800,1017.2,0,4.5946,-0.0767,01111011
EXSH0001,2016-10-06T16:36:34Z,48.3600,-4.7800,1017.2,0,4.6806,-0.0749,01111011
EXSH0001,2016-10-06T16:41:34Z,48.3600,-4.7800,1017.2,0,4.7648,-0.0707,01111011
EXSH0001,2016-10-06T16:46:34Z,48.3600,-4.7800,1017.2,0,4.8358,-0.0804,01111011
EXSH0001,2016-10-06T16:51:34Z,48.3600,-4.7800,1017.2,0,4.908,-0.0832,01111011
EXSH0001,2016-10-06T16:56:34Z,48.3600,-4.7800,1017.2,0,4.9897,-0.0766,01111011
EXSH0001,2016-10-06T17:01:34Z,48.3600,-4.7800,1017.6,0,5.0576,-0.0836,01111011
EXSH0001,2016-10-06T17:06:34Z,48.3600,-4.7800,1017.6,0,5.1329,-0.0833,01111011
EXSH0001,2016-10-06T17:11:34Z,48.3600,-4.7800,1017.6,0,5.1925,-0.0888,01111011
EXSH0001,2016-10-06T17:16:34Z,48.3600,-4.7800,1017.6,0,5.2617,-0.0853,01111011
EXSH0001,2016-10-06T17:21:34Z,48.3600,-4.7800,1017.6,0,5.3314,-0.0756,01111011
EXSH0001,2016-10-06T17:26:34Z,48.3600,-4.7800,1017.6,0,5.4015,-0.0655,01111011
EXSH0001,2016-10-06T17:31:34Z,48.3600,-4.7800,1017.6,0,5.466,-0.0466,01111011
EXSH0001,2016-10-06T17:36:34Z,48.3600,-4.7800,1017.6,0,5.5151,-0.0518,01111011
EXSH0001,2016-10-06T17:41:34Z,48.3600,-4.7800,1017.6,0,5.5608,-0.0612,01111011
EXSH0001,2016-10-06T17:46:34Z,48.3600,-4.7800,1017.6,0,5.6321,-0.0348,01111011
EXSH0001,2016-10-06T17:51:34Z,48.3600,-4.7800,1017.6,0,5.6683,-0.0436,01111011
EXSH0001,2016-10-06T17:56:34Z,48.3600,-4.7800,1017.6,0,5.721,-0.0359,01111011
EXSH0001,2016-10-06T18:01:34Z,48.3600,-4.7800,1017.4,0,5.7561,-0.0452,01111011
EXSH0001,2016-10-06T18:06:34Z,48.3600,-4.7800,1017.4,0,5.7798,-0.0515,01111011
EXSH0001,2016-10-06T18:11:34Z,48.3600,-4.7800,1017.4,0,5.8065,-0.0548,01111011
EXSH0001,2016-10-06T18:16:34Z,48.3600,-4.7800,1017.4,0,5.8481,-0.0432,01111011
EXSH0001,2016-10-06T18:21:34Z,48.3600,-4.7800,1017.4,0,5.8559,-0.0548,01111011
EXSH0001,2016-10-06T18:26:34Z,48.3600,-4.7800,1017.4,0,5.8806,-0.045,01111011
EXSH0001,2016-10-06T18:31:34Z,48.3600,-4.7800,1017.4,0,5.9087,-0.0282,01111011
EXSH0001,2016-10-06T18:36:34Z,48.3600,-4.7800,1017.4,0,5.9103,-0.0415,01111011
EXSH0001,2016-10-06T18:41:34Z,48.3600,-4.7800,1017.4,0,5.9172,-0.0428,01111011
EXSH0001,2016-10-06T18:46:34Z,48.3600,-4.7800,1017.4,0,5.9098,-0.0502,01111011
EXSH0001,2016-10-06T18:51:34Z,48.3600,-4.7800,1017.4,0,5.9062,-0.0538,01111011
EXSH0001,2016-10-06T18:56:34Z,48.3600,-4.7800,1017.4,0,5.9095,-0.0405,01111011
EXSH0001,2016-10-06T19:01:34Z,48.3600,-4.7800,1017.7,0,5.9034,-0.0397,01111011
EXSH0001,2016-10-06T19:06:34Z,48.3600,-4.7800,1017.7,0,5.9018,-0.0263,01111011
EXSH0001,2016-10-06T19:11:34Z,48.3600,-4.7800,1017.7,0,5.8735,-0.0328,01111011
EXSH0001,2016-10-06T19:16:34Z,48.3600,-4.7800,1017.7,0,5.8695,-0.0168,01111011
EXSH0001,2016-10-06T19:21:34Z,48.3600,-4.7800,1017.7,0,5.8291,-0.0272,01111011
EXSH0001,2016-10-06T19:26:34Z,48.3600,-4.7800,1017.7,0,5.7923,-0.034,01111011
EXSH0001,2016-10-06T19:31:34Z,48.3600,-4.7800,1017.7,0,5.7756,-0.0248,01111011
EXSH0001,2016-10-06T19:36:34Z,48.3600,-4.7800,1017.7,0,5.7392,-0.0244,01111011
EXSH0001,2016-10-06T19:41:34Z,48.3600,-4.7800,1017.7,0,5.6884,-0.032,01111011
EXSH0001,2016-10-06T19:46:34Z,48.3600,-4.7800,1017.7,0,5.6441,-0.0313,01111011
EXSH0001,2016-10-06T19:51:34Z,48.3600,-4.7800,1017.7,0,5.5935,-0.0369,01111011
EXSH0001,2016-10-06T19:56:34Z,48.3600,-4.7800,1017.7,0,5.5465,-0.0307,01111011
EXSH0001,2016-10-06T20:01:34Z,48.3600,-4.7800,1017.6,0,5.5083,-0.0189,01111011
EXSH0001,2016-10-06T20:06:34Z,48.3600,-4.7800,1017.6,0,5.4417,-0.0337,01111011
EXSH0001,2016-10-06T20:11:34Z,48.3600,-4.7800,1017.6,0,5.4083,-0.0089,01111011
EXSH0001,2016-10-06T20:16:34Z,48.3600,-4.7800,1017.6,0,5.3475,-0.0097,01111011
EXSH0001,2016-10-06T20:21:34Z,48.3600,-4.7800,1017.6,0,5.2943,-0.0029,01111011
EXSH0001,2016-10-06T20:26:34Z,48.3600,-4.7800,1017.6,0,5.2359,-0.0013,01111011
EXSH0001,2016-10-06T20:31:34Z,48.3600,-4.7800,1017.6,0,5.1831,-0.0093,01111011
EXSH0001,2016-10-06T20:36:34Z,48.3600,-4.7800,1017.6,0,5.115,-0.0074,01111011
EXSH0001,2016-10-06T20:41:34Z,48.3600,-4.7800,1017.6,0,5.0545,-0.0079,01111011
EXSH0001,2016-10-06T20:46:34Z,48.3600,-4.7800,1017.6,0,4.9858,-0.0066,01111011
EXSH0001,2016-10-06T20:51:34Z,48.3600,-4.7800,1017.6,0,4.9273,0.0043,01111011
EXSH0001,2016-10-06T20:56:34Z,48.3600,-4.7800,1017.6,0,4.8558,-0.0022,01111011
EXSH0001,2016-10-06T21:01:34Z,48.3600,-4.7800,1017.9,0,4.8068,0.0238,01111011
EXSH0001,2016-10-06T21:06:34Z,48.3600,-4.7800,1017.9,0,4.7259,0.0079,01111011
EXSH0001,2016-10-06T21:11:34Z,48.3600,-4.7800,1017.9,0,4.6609,0.0085,01111011
EXSH0001,2016-10-06T21:16:34Z,48.3600,-4.7800,1017.9,0,4.5927,0.0147,01111011
EXSH0001,2016-10-06T21:21:34Z,48.3600,-4.7800,1017.9,0,4.5425,0.0301,01111011
EXSH0001,2016-10-06T21:26:34Z,48.3600,-4.7800,1017.9,0,4.4663,0.0283,01111011
EXSH0001,2016-10-06T21:31:34Z,48.3600,-4.7800,1017.9,0,4.3889,0.0011,01111011
EXSH0001,2016-10-06T21:36:34Z,48.3600,-4.7800,1017.9,0,4.3201,0.0029,01111011
EXSH0001,2016-10-06T21:41:34Z,48.3600,-4.7800,1017.9,0,4.2422,-0.0056,01111011
EXSH0001,2016-10-06T21:46:34Z,48.3600,-4.7800,1017.9,0,4.1845,0.0072,01111011
EXSH0001,2016-10-06T21:51:34Z,48.3600,-4.7800,1017.9,0,4.1137,0.0059,01111011
EXSH0001,2016-10-06T21:56:34Z,48.3600,-4.7800,1017.9,0,4.0426,0.0054,01111011
EXSH0001,2016-10-06T22:01:34Z,48.3600,-4.7800,1017.8,0,3.9737,0.0059,01111011
EXSH0001,2016-10-06T22:06:34Z,48.3600,-4.7800,1017.8,0,3.904,0.0062,01111011
EXSH0001,2016-10-06T22:11:34Z,48.3600,-4.7800,1017.8,0,3.8445,0.0122,01111011
EXSH0001,2016-10-06T22:16:34Z,48.3600,-4.7800,1017.8,0,3.791,0.0238,01111011
EXSH0001,2016-10-06T22:21:34Z,48.3600,-4.7800,1017.8,0,3.7159,0.0181,01111011
EXSH0001,2016-10-06T22:26:34Z,48.3600,-4.7800,1017.8,0,3.6343,0.0065,01111011
EXSH0001,2016-10-06T22:31:34Z,48.3600,-4.7800,1017.8,0,3.5639,-0.0183,01111011
EXSH0001,2016-10-06T22:36:34Z,48.3600,-4.7800,1017.8,0,3.5112,-0.004,01111011
EXSH0001,2016-10-06T22:41:34Z,48.3600,-4.7800,1017.8,0,3.4317,-0.0205,01111011
EXSH0001,2016-10-06T22:46:34Z,48.3600,-4.7800,1017.8,0,3.3903,-0.0019,01111011
EXSH0001,2016-10-06T22:51:34Z,48.3600,-4.7800,1017.8,0,3.3293,-0.001,01111011
EXSH0001,2016-10-06T22:56:34Z,48.3600,-4.7800,1017.8,0,3.2512,-0.011,01111011
EXSH0001,2016-10-06T23:01:34Z,48.3600,-4.7800,1017.6,0,3.2019,-0.0003,01111011
EXSH0001,2016-10-06T23:06:34Z,48.3600,-4.7800,1017.6,0,3.1371,-0.0051,01111011
EXSH0001,2016-10-06T23:11:34Z,48.3600,-4.7800,1017.6,0,3.0913,0.0071,01111011
EXSH0001,2016-10-06T23:16:34Z,48.3600,-4.7800,1017.6,0,3.0201,-0.0121,01111011
EXSH0001,2016-10-06T23:21:34Z,48.3600,-4.7800,1017.6,0,2.9819,0.0097,01111011
EXSH0001,2016-10-06T23:26:34Z,48.3600,-4.7800,1017.6,0,2.9423,0.0231,01111011
EXSH0001,2016-10-06T23:31:34Z,48.3600,-4.7800,1017.6,0,2.8763,-0.0013,01111011
EXSH0001,2016-10-06T23:36:34Z,48.3600,-4.7800,1017.6,0,2.8332,0.0056,01111011
EXSH0001,2016-10-06T23:41:34Z,48.3600,-4.7800,1017.6,0,2.7722,-0.0035,01111011
EXSH0001,2016-10-06T23:46:34Z,48.3600,-4.7800,1017.6,0,2.7247,-0.006,01111011
EXSH0001,2016-10-06T23:51:34Z,48.3600,-4.7800,1017.6,0,2.6735,-0.0122,01111011
EXSH0001,2016-10-06T23:56:34Z,48.3600,-4.7800,1017.6,0,2.6339,-0.0068,01111011
EXSH0001,2016-10-07T00:01:34Z,48.3600,-4.7800,1017.2,0,2.6024,0.0067,01111011
EXSH0001,2016-10-07T00:06:34Z,48.3600,-4.7800,1017.2,0,2.5331,-0.0207,01111011
EXSH0001,2016-10-07T00:11:34Z,48.3600,-4.7800,1017.2,0,2.4922,-0.0316,01111011
EXSH0001,2016-10-07T00:16:34Z,48.3600,-4.7800,1017.2,0,2.4765,-0.0073,01111011
EXSH0001,2016-10-07T00:21:34Z,48.3600,-4.7800,1017.2,0,2.4503,-0.0035,01111011
EXSH0001,2016-10-07T00:26:34Z,48.3600,-4.7800,1017.2,0,2.4167,-0.0071,01111011
EXSH0001,2016-10-07T00:31:34Z,48.3600,-4.7800,1017.2,0,2.3881,-0.0234,01111011
EXSH0001,2016-10-07T00:36:34Z,48.3600,-4.7800,1017.2,0,2.3457,-0.0358,01111011
EXSH0001,2016-10-07T00:41:34Z,48.3600,-4.7800,1017.2,0,2.3295,-0.0362,01111011
EXSH0001,2016-10-07T00:46:34Z,48.3600,-4.7800,1017.2,0,2.2997,-0.0418,01111011
EXSH0001,2016-10-07T00:51:34Z,48.3600,-4.7800,1017.2,0,2.3231,-0.0026,01111011
EXSH0001,2016-10-07T00:56:34Z,48.3600,-4.7800,1017.2,0,2.2969,-0.0231,01111011
EXSH0001,2016-10-07T01:01:34Z,48.3600,-4.7800,1017,0,2.2977,-0.008,01111011
EXSH0001,2016-10-07T01:06:34Z,48.3600,-4.7800,1017,0,2.2787,-0.0213,01111011
EXSH0001,2016-10-07T01:11:34Z,48.3600,-4.7800,1017,0,2.2825,-0.0132,01111011
EXSH0001,2016-10-07T01:16:34Z,48.3600,-4.7800,1017,0,2.2867,-0.0033,01111011
EXSH0001,2016-10-07T01:21:34Z,48.3600,-4.7800,1017,0,2.2933,-0.0067,01111011
EXSH0001,2016-10-07T01:26:34Z,48.3600,-4.7800,1017,0,2.2901,-0.0099,01111011
EXSH0001,2016-10-07T01:31:34Z,48.3600,-4.7800,1017,0,2.2769,-0.0331,01111011
EXSH0001,2016-10-07T01:36:34Z,48.3600,-4.7800,1017,0,2.3065,-0.0091,01111011
EXSH0001,2016-10-07T01:41:34Z,48.3600,-4.7800,1017,0,2.3167,-0.0139,01111011
EXSH0001,2016-10-07T01:46:34Z,48.3600,-4.7800,1017,0,2.3274,-0.0239,01111011
EXSH0001,2016-10-07T01:51:34Z,48.3600,-4.7800,1017,0,2.345,-0.0263,01111011
EXSH0001,2016-10-07T01:56:34Z,48.3600,-4.7800,1017,0,2.357,-0.0386,01111011
EXSH0001,2016-10-07T02:01:34Z,48.3600,-4.7800,1016.8,0,2.3968,-0.0245,01111011
EXSH0001,2016-10-07T02:06:34Z,48.3600,-4.7800,1016.8,0,2.4237,-0.0332,01111011
EXSH0001,2016-10-07T02:11:34Z,48.3600,-4.7800,1016.8,0,2.4674,-0.0239,01111011
EXSH0001,2016-10-07T02:16:34Z,48.3600,-4.7800,1016.8,0,2.5021,-0.0248,01111011
EXSH0001,2016-10-07T02:21:34Z,48.3600,-4.7800,1016.8,0,2.5446,-0.0274,01111011
EXSH0001,2016-10-07T02:26:34Z,48.3600,-4.7800,1016.8,0,2.5834,-0.0335,01111011
EXSH0001,2016-10-07T02:31:34Z,48.3600,-4.7800,1016.8,0,2.6173,-0.0333,01111011
EXSH0001,2016-10-07T02:36:34Z,48.3600,-4.7800,1016.8,0,2.6777,-0.0197,01111011
EXSH0001,2016-10-07T02:41:34Z,48.3600,-4.7800,1016.8,0,2.7411,-0.0163,01111011
EXSH0001,2016-10-07T02:46:34Z,48.3600,-4.7800,1016.8,0,2.8092,-0.0063,01111011
EXSH0001,2016-10-07T02:51:34Z,48.3600,-4.7800,1016.8,0,2.8627,-0.0116,01111011
EXSH0001,2016-10-07T02:56:34Z,48.3600,-4.7800,1016.8,0,2.925,-0.0124,01111011
EXSH0001,2016-10-07T03:01:34Z,48.3600,-4.7800,1016.4,0,2.9761,-0.0282,01111011
EXSH0001,2016-10-07T03:06:34Z,48.3600,-4.7800,1016.4,0,3.0514,-0.0178,01111011
EXSH0001,2016-10-07T03:11:34Z,48.3600,-4.7800,1016.4,0,3.1214,-0.0229,01111011
EXSH0001,2016-10-07T03:16:34Z,48.3600,-4.7800,1016.4,0,3.1928,-0.0264,01111011
EXSH0001,2016-10-07T03:21:34Z,48.3600,-4.7800,1016.4,0,3.2725,-0.0218,01111011
EXSH0001,2016-10-07T03:26:34Z,48.3600,-4.7800,1016.4,0,3.3374,-0.0318,01111011
EXSH0001,2016-10-07T03:31:34Z,48.3600,-4.7800,1016.4,0,3.4115,-0.0145,01111011
EXSH0001,2016-10-07T03:36:34Z,48.3600,-4.7800,1016.4,0,3.4951,-0.0141,01111011
EXSH0001,2016-10-07T03:41:34Z,48.3600,-4.7800,1016.4,0,3.5685,-0.0207,01111011
EXSH0001,2016-10-07T03:46:34Z,48.3600,-4.7800,1016.4,0,3.6479,-0.0231,01111011
EXSH0001,2016-10-07T03:51:34Z,48.3600,-4.7800,1016.4,0,3.7411,-0.0149,01111011
EXSH0001,2016-10-07T03:56:34Z,48.3600,-4.7800,1016.4,0,3.8073,-0.0319,01111011
EXSH0001,2016-10-07T04:01:34Z,48.3600,-4.7800,1016.5,0,3.9009,-0.0183,01111011
EXSH0001,2016-10-07T04:06:34Z,48.3600,-4.7800,1016.5,0,3.9875,-0.0135,01111011
EXSH0001,2016-10-07T04:11:34Z,48.3600,-4.7800,1016.5,0,4.0645,-0.0215,01111011
EXSH0001,2016-10-07T04:16:34Z,48.3600,-4.7800,1016.5,0,4.1572,-0.012,01111011
EXSH0001,2016-10-07T04:21:34Z,48.3600,-4.7800,1016.5,0,4.2221,-0.0271,01111011
EXSH0001,2016-10-07T04:26:34Z,48.3600,-4.7800,1016.5,0,4.2973,-0.0337,01111011
EXSH0001,2016-10-07T04:31:34Z,48.3600,-4.7800,1016.5,0,4.3885,-0.0079,01111011
EXSH0001,2016-10-07T05:37:33Z,48.3600,-4.7800,,0,5.3007,-0.0133,01119011
EXSH0001,2016-10-07T05:42:33Z,48.3600,-4.7800,,0,5.3643,-0.0012,01119011
EXSH0001,2016-10-07T05:47:33Z,48.3600,-4.7800,,0,5.4199,-0.0006,01119011
EXSH0001,2016-10-07T05:52:33Z,48.3600,-4.7800,,0,5.4673,-0.0067,01119011
EXSH0001,2016-10-07T05:57:33Z,48.3600,-4.7800,,0,5.5305,0.01,01119011
EXSH0001,2016-10-07T06:02:33Z,48.3600,-4.7800,1016.9,0,5.5749,0.0094,01111011
EXSH0001,2016-10-07T06:07:33Z,48.3600,-4.7800,1016.9,0,5.6219,0.0114,01111011
EXSH0001,2016-10-07T06:12:33Z,48.3600,-4.7800,1016.9,0,5.6499,-0.0056,01111011
EXSH0001,2016-10-07T06:17:33Z,48.3600,-4.7800,1016.9,0,5.6955,0.005,01111011
EXSH0001,2016-10-07T06:22:33Z,48.3600,-4.7800,1016.9,0,5.7417,0.0147,01111011
EXSH0001,2016-10-07T06:27:33Z,48.3600,-4.7800,1016.9,0,5.769,0.012,01111011
EXSH0001,2016-10-07T06:32:33Z,48.3600,-4.7800,1016.9,0,5.7963,0.0214,01111011
EXSH0001,2016-10-07T06:37:33Z,48.3600,-4.7800,1016.9,0,5.808,0.0082,01111011
EXSH0001,2016-10-07T06:42:33Z,48.3600,-4.7800,1016.9,0,5.8212,0.0014,01111011
EXSH0001,2016-10-07T06:47:33Z,48.3600,-4.7800,1016.9,0,5.8427,0.0028,01111011
EXSH0001,2016-10-07T06:52:33Z,48.3600,-4.7800,1016.9,0,5.8535,0.0086,01111011
EXSH0001,2016-10-07T06:57:33Z,48.3600,-4.7800,1016.9,0,5.8639,0.004,01111011
EXSH0001,2016-10-07T07:02:33Z,48.3600,-4.7800,1017.1,0,5.8668,0.0068,01111011
EXSH0001,2016-10-07T07:07:33Z,48.3600,-4.7800,1017.1,0,5.8783,0.0183,01111011
EXSH0001,2016-10-07T07:12:33Z,48.3600,-4.7800,1017.1,0,5.8809,0.0209,01111011
EXSH0001,2016-10-07T07:17:33Z,48.3600,-4.7800,1017.1,0,5.8857,0.0356,01111011
EXSH0001,2016-10-07T07:22:33Z,48.3600,-4.7800,1017.1,0,5.8614,0.0263,01111011
EXSH0001,2016-10-07T07:27:33Z,48.3600,-4.7800,1017.1,0,5.8498,0.0297,01111011
EXSH0001,2016-10-07T07:32:33Z,48.3600,-4.7800,1017.1,0,5.8301,0.0212,01111011
EXSH0001,2016-10-07T07:37:33Z,48.3600,-4.7800,1017.1,0,5.8014,0.0135,01111011
EXSH0001,2016-10-07T07:42:33Z,48.3600,-4.7800,1017.1,0,5.7663,0.0074,01111011
EXSH0001,2016-10-07T07:47:33Z,48.3600,-4.7800,1017.1,0,5.7475,0.0096,01111011
EXSH0001,2016-10-07T07:52:33Z,48.3600,-4.7800,1017.1,0,5.7269,0.029,01111011
EXSH0001,2016-10-07T07:57:33Z,48.3600,-4.7800,1017.1,0,5.685,0.0171,01111011
EXSH0001,2016-10-07T08:02:33Z,48.3600,-4.7800,1017.5,0,5.6477,0.0209,01111011
EXSH0001,2016-10-07T08:07:33Z,48.3600,-4.7800,1017.5,0,5.6002,0.0123,01111011
EXSH0001,2016-10-07T08:12:33Z,48.3600,-4.7800,1017.5,0,5.5549,0.008,01111011
EXSH0001,2016-10-07T08:17:33Z,48.3600,-4.7800,1017.5,0,5.5175,0.0156,01111011
EXSH0001,2016-10-07T08:22:33Z,48.3600,-4.7800,1017.5,0,5.4731,0.0262,01111011
EXSH0001,2016-10-07T08:27:33Z,48.3600,-4.7800,1017.5,0,5.4245,0.0227,01111011
EXSH0001,2016-10-07T08:32:33Z,48.3600,-4.7800,1017.5,0,5.3619,0.0007,01111011
EXSH0001,2016-10-07T08:37:33Z,48.3600,-4.7800,1017.5,0,5.3053,0.0019,01111011
EXSH0001,2016-10-07T08:42:33Z,48.3600,-4.7800,1017.5,0,5.2557,0.0045,01111011
EXSH0001,2016-10-07T08:47:33Z,48.3600,-4.7800,1017.5,0,5.2083,0.0171,01111011
EXSH0001,2016-10-07T08:52:33Z,48.3600,-4.7800,1017.5,0,5.1465,0.0153,01111011
EXSH0001,2016-10-07T08:57:33Z,48.3600,-4.7800,1017.5,0,5.097,0.0258,01111011
EXSH0001,2016-10-07T09:02:33Z,48.3600,-4.7800,1017.9,0,5.0417,0.0305,01111011
EXSH0001,2016-10-07T09:07:33Z,48.3600,-4.7800,1017.9,0,4.9674,0.0162,01111011
EXSH0001,2016-10-07T09:12:33Z,48.3600,-4.7800,1017.9,0,4.8959,0.0047,01111011
EXSH0001,2016-10-07T09:17:33Z,48.3600,-4.7800,1017.9,0,4.8443,0.0153,01111011
EXSH0001,2016-10-07T09:22:33Z,48.3600,-4.7800,1017.9,0,4.7919,0.0307,01111011
EXSH0001,2016-10-07T09:27:33Z,48.3600,-4.7800,1017.9,0,4.7359,0.0347,01111011
EXSH0001,2016-10-07T09:32:33Z,48.3600,-4.7800,1017.9,0,4.663,0.011,01111011
EXSH0001,2016-10-07T09:37:33Z,48.3600,-4.7800,1017.9,0,4.6,0.0144,01111011
EXSH0001,2016-10-07T09:42:33Z,48.3600,-4.7800,1017.9,0,4.5237,0.0017,01111011
EXSH0001,2016-10-07T09:47:33Z,48.3600,-4.7800,1017.9,0,4.4507,-0.0049,01111011
EXSH0001,2016-10-07T09:52:33Z,48.3600,-4.7800,1017.9,0,4.3818,-0.0102,01111011
EXSH0001,2016-10-07T09:57:33Z,48.3600,-4.7800,1017.9,0,4.3352,0.0096,01111011
EXSH0001,2016-10-07T10:02:33Z,48.3600,-4.7800,1018,0,4.2857,0.0301,01111011
EXSH0001,2016-10-07T10:07:33Z,48.3600,-4.7800,1018,0,4.2159,0.0203,01111011
EXSH0001,2016-10-07T10:12:33Z,48.3600,-4.7800,1018,0,4.1548,0.0292,01111011
EXSH0001,2016-10-07T10:17:33Z,48.3600,-4.7800,1018,0,4.077,0.0114,01111011
EXSH0001,2016-10-07T10:22:33Z,48.3600,-4.7800,1018,0,4.0012,0.0056,01111011
EXSH0001,2016-10-07T10:27:33Z,48.3600,-4.7800,1018,0,3.9253,-0.0103,01111011
EXSH0001,2016-10-07T10:32:33Z,48.3600,-4.7800,1018,0,3.8748,-0.016,01111011
EXSH0001,2016-10-07T10:37:33Z,48.3600,-4.7800,1018,0,3.8205,-0.0003,01111011
EXSH0001,2016-10-07T10:42:33Z,48.3600,-4.7800,1018,0,3.7627,0.0019,01111011
EXSH0001,2016-10-07T10:47:33Z,48.3600,-4.7800,1018,0,3.7079,0.0071,01111011
EXSH0001,2016-10-07T10:52:33Z,48.3600,-4.7800,1018,0,3.6249,-0.0061,01111011
EXSH0001,2016-10-07T10:57:33Z,48.3600,-4.7800,1018,0,3.5458,-0.025,01111011
EXSH0001,2016-10-07T11:02:33Z,48.3600,-4.7800,1018.2,0,3.5059,-0.0049,01111011
EXSH0001,2016-10-07T11:07:33Z,48.3600,-4.7800,1018.2,0,3.4529,0.0021,01111011
EXSH0001,2016-10-07T11:12:33Z,48.3600,-4.7800,1018.2,0,3.3895,-0.0013,01111011
EXSH0001,2016-10-07T11:17:33Z,48.3600,-4.7800,1018.2,0,3.3354,0.0046,01111011
EXSH0001,2016-10-07T11:22:33Z,48.3600,-4.7800,1018.2,0,3.2787,0.0079,01111011
EXSH0001,2016-10-07T11:27:33Z,48.3600,-4.7800,1018.2,0,3.2173,-0.0035,01111011
EXSH0001,2016-10-07T11:32:33Z,48.3600,-4.7800,1018.2,0,3.1689,-0.0065,01111011
EXSH0001,2016-10-07T11:37:33Z,48.3600,-4.7800,1018.2,0,3.1063,-0.0103,01111011
EXSH0001,2016-10-07T11:42:33Z,48.3600,-4.7800,1018.2,0,3.0561,-0.0093,01111011
EXSH0001,2016-10-07T11:47:33Z,48.3600,-4.7800,1018.2,0,2.995,-0.0204,01111011
EXSH0001,2016-10-07T11:52:33Z,48.3600,-4.7800,1018.2,0,2.9513,-0.0103,01111011
EXSH0001,2016-10-07T11:57:33Z,48.3600,-4.7800,1018.2,0,2.8855,-0.0299,01111011
EXSH0001,2016-10-07T12:02:33Z,48.3600,-4.7800,1018.2,0,2.8384,-0.0232,01111011
EXSH0001,2016-10-07T12:07:33Z,48.3600,-4.7800,1018.2,0,2.7967,-0.0198,01111011
EXSH0001,2016-10-07T12:12:33Z,48.3600,-4.7800,1018.2,0,2.7465,-0.025,01111011
EXSH0001,2016-10-07T12:17:33Z,48.3600,-4.7800,1018.2,0,2.7138,-0.0228,01111011
EXSH0001,2016-10-07T12:22:33Z,48.3600,-4.7800,1018.2,0,2.6826,-0.009,01111011
EXSH0001,2016-10-07T12:27:33Z,48.3600,-4.7800,1018.2,0,2.6353,-0.0213,01111011
EXSH0001,2016-10-07T12:32:33Z,48.3600,-4.7800,1018.2,0,2.585,-0.0403,01111011
EXSH0001,2016-10-07T12:37:33Z,48.3600,-4.7800,1018.2,0,2.5553,-0.04,01111011
EXSH0001,2016-10-07T12:42:33Z,48.3600,-4.7800,1018.2,0,2.5333,-0.032,01111011
EXSH0001,2016-10-07T12:47:33Z,48.3600,-4.7800,1018.2,0,2.5096,-0.0257,01111011
EXSH0001,2016-10-07T12:52:33Z,48.3600,-4.7800,1018.2,0,2.4849,-0.0204,01111011
EXSH0001,2016-10-07T12:57:33Z,48.3600,-4.7800,1018.2,0,2.4509,-0.0318,01111011
EXSH0001,2016-10-07T13:02:33Z,48.3600,-4.7800,1018.1,0,2.4231,-0.0346,01111011
EXSH0001,2016-10-07T13:07:33Z,48.3600,-4.7800,1018.1,0,2.4047,-0.0379,01111011
EXSH0001,2016-10-07T13:12:33Z,48.3600,-4.7800,1018.1,0,2.3981,-0.0295,01111011
EXSH0001,2016-10-07T13:17:33Z,48.3600,-4.7800,1018.1,0,2.3816,-0.0311,01111011
EXSH0001,2016-10-07T13:22:33Z,48.3600,-4.7800,1018.1,0,2.3779,-0.0298,01111011
EXSH0001,2016-10-07T13:27:33Z,48.3600,-4.7800,1018.1,0,2.3909,-0.0091,01111011
EXSH0001,2016-10-07T13:32:33Z,48.3600,-4.7800,1018.1,0,2.3861,-0.0139,01111011
EXSH0001,2016-10-07T13:37:33Z,48.3600,-4.7800,1018.1,0,2.3917,0.0017,01111011
EXSH0001,2016-10-07T13:42:33Z,48.3600,-4.7800,1018.1,0,2.3839,-0.0146,01111011
EXSH0001,2016-10-07T13:47:33Z,48.3600,-4.7800,1018.1,0,2.3757,-0.0243,01111011
EXSH0001,2016-10-07T13:52:33Z,48.3600,-4.7800,1018.1,0,2.3767,-0.0318,01111011
EXSH0001,2016-10-07T13:57:33Z,48.3600,-4.7800,1018.1,0,2.3812,-0.0388,01111011
EXSH0001,2016-10-07T14:02:33Z,48.3600,-4.7800,1018.3,0,2.4027,-0.0258,01111011
EXSH0001,2016-10-07T14:07:33Z,48.3600,-4.7800,1018.3,0,2.4207,-0.0263,01111011
EXSH0001,2016-10-07T14:12:33Z,48.3600,-4.7800,1018.3,0,2.4363,-0.0322,01111011
EXSH0001,2016-10-07T14:17:33Z,48.3600,-4.7800,1018.3,0,2.4648,-0.0287,01111011
EXSH0001,2016-10-07T14:22:33Z,48.3600,-4.7800,1018.3,0,2.4865,-0.0305,01111011
EXSH0001,2016-10-07T14:27:33Z,48.3600,-4.7800,1018.3,0,2.5155,-0.0315,01111011
EXSH0001,2016-10-07T14:32:33Z,48.3600,-4.7800,1018.3,0,2.5337,-0.0361,01111011
EXSH0001,2016-10-07T14:37:33Z,48.3600,-4.7800,1018.3,0,2.5741,-0.0356,01111011
EXSH0001,2016-10-07T14:42:33Z,48.3600,-4.7800,1018.3,0,2.6197,-0.025,01111011
EXSH0001,2016-10-07T14:47:33Z,48.3600,-4.7800,1018.3,0,2.6579,-0.0318,01111011
EXSH0001,2016-10-07T14:52:33Z,48.3600,-4.7800,1018.3,0,2.7075,-0.0272,01111011
EXSH0001,2016-10-07T14:57:33Z,48.3600,-4.7800,1018.3,0,2.7479,-0.0318,01111011
EXSH0001,2016-10-07T15:02:33Z,48.3600,-4.7800,1018.4,0,2.8272,-0.0075,01111011
EXSH0001,2016-10-07T15:07:33Z,48.3600,-4.7800,1018.4,0,2.879,-0.0106,01111011
EXSH0001,2016-10-07T15:12:33Z,48.3600,-4.7800,1018.4,0,2.9137,-0.0259,01111011
EXSH0001,2016-10-07T15:17:33Z,48.3600,-4.7800,1018.4,0,2.9708,-0.0288,01111011
EXSH0001,2016-10-07T15:22:33Z,48.3600,-4.7800,1018.4,0,3.0148,-0.0497,01111011
EXSH0001,2016-10-07T15:27:33Z,48.3600,-4.7800,1018.4,0,3.0777,-0.0519,01111011
EXSH0001,2016-10-07T15:32:33Z,48.3600,-4.7800,1018.4,0,3.1407,-0.0345,01111011
EXSH0001,2016-10-07T15:37:33Z,48.3600,-4.7800,1018.4,0,3.2139,-0.0303,01111011
EXSH0001,2016-10-07T15:42:33Z,48.3600,-4.7800,1018.4,0,3.2795,-0.0357,01111011
EXSH0001,2016-10-07T15:47:33Z,48.3600,-4.7800,1018.4,0,3.3271,-0.0631,01111011
EXSH0001,2016-10-07T15:52:33Z,48.3600,-4.7800,1018.4,0,3.4131,-0.0511,01111011
EXSH0001,2016-10-07T15:57:33Z,48.3600,-4.7800,1018.4,0,3.5021,-0.0281,01111011
EXSH0001,2016-10-07T16:02:33Z,48.3600,-4.7800,1018.6,0,3.5736,-0.0316,01111011
EXSH0001,2016-10-07T16:07:33Z,48.3600,-4.7800,1018.6,0,3.6442,-0.0421,01111011
EXSH0001,2016-10-07T16:12:33Z,48.3600,-4.7800,1018.6,0,3.724,-0.0412,01111011
EXSH0001,2016-10-07T16:17:33Z,48.3600,-4.7800,1018.6,0,3.8029,-0.0373,01111011
EXSH0001,2016-10-07T16:22:33Z,48.3600,-4.7800,1018.6,0,3.8601,-0.0552,01111011
EXSH0001,2016-10-07T16:27:33Z,48.3600,-4.7800,1018.6,0,3.9396,-0.0506,01111011
EXSH0001,2016-10-07T16:32:33Z,48.3600,-4.7800,1018.6,0,4.0103,-0.0357,01111011
EXSH0001,2016-10-07T16:37:33Z,48.3600,-4.7800,1018.6,0,4.0821,-0.0389,01111011
EXSH0001,2016-10-07T16:42:33Z,48.3600,-4.7800,1018.6,0,4.1547,-0.0413,01111011
EXSH0001,2016-10-07T16:47:33Z,48.3600,-4.7800,1018.6,0,4.2223,-0.0487,01111011
EXSH0001,2016-10-07T16:52:33Z,48.3600,-4.7800,1018.6,0,4.2961,-0.0499,01111011
EXSH0001,2016-10-07T16:57:33Z,48.3600,-4.7800,1018.6,0,4.3639,-0.0571,01111011
EXSH0001,2016-10-07T17:02:33Z,48.3600,-4.7800,1019.1,0,4.4258,-0.063,01111011
EXSH0001,2016-10-07T17:07:33Z,48.3600,-4.7800,1019.1,0,4.4973,-0.0615,01111011
EXSH0001,2016-10-07T17:12:33Z,48.3600,-4.7800,1019.1,0,4.5803,-0.0457,01111011
EXSH0001,2016-10-07T17:17:33Z,48.3600,-4.7800,1019.1,0,4.662,-0.029,01111011
EXSH0001,2016-10-07T17:22:33Z,48.3600,-4.7800,1019.1,0,4.7186,-0.0402,01111011
EXSH0001,2016-10-07T17:27:33Z,48.3600,-4.7800,1019.1,0,4.7835,-0.0375,01111011
EXSH0001,2016-10-07T17:32:33Z,48.3600,-4.7800,1019.1,0,4.833,-0.0414,01111011
EXSH0001,2016-10-07T17:37:33Z,48.3600,-4.7800,1019.1,0,4.8926,-0.0418,01111011
EXSH0001,2016-10-07T17:42:33Z,48.3600,-4.7800,1019.1,0,4.9478,-0.0466,01111011
EXSH0001,2016-10-07T17:47:33Z,48.3600,-4.7800,1019.1,0,5.0024,-0.0434,01111011
EXSH0001,2016-10-07T17:52:33Z,48.3600,-4.7800,1019.1,0,5.0659,-0.0385,01111011
EXSH0001,2016-10-07T17:57:33Z,48.3600,-4.7800,1019.1,0,5.1065,-0.0493,01111011
EXSH0001,2016-10-07T18:02:33Z,48.3600,-4.7800,1019.5,0,5.1619,-0.0489,01111011
EXSH0001,2016-10-07T18:07:33Z,48.3600,-4.7800,1019.5,0,5.2141,-0.0417,01111011
EXSH0001,2016-10-07T18:12:33Z,48.3600,-4.7800,1019.5,0,5.248,-0.0528,01111011
EXSH0001,2016-10-07T18:17:33Z,48.3600,-4.7800,1019.5,0,5.2914,-0.0544,01111011
EXSH0001,2016-10-07T18:22:33Z,48.3600,-4.7800,1019.5,0,5.3326,-0.0546,01111011
EXSH0001,2016-10-07T18:27:33Z,48.3600,-4.7800,1019.5,0,5.3773,-0.0485,01111011
EXSH0001,2016-10-07T18:32:33Z,48.3600,-4.7800,1019.5,0,5.4073,-0.0423,01111011
EXSH0001,2016-10-07T18:37:33Z,48.3600,-4.7800,1019.5,0,5.4322,-0.0474,01111011
EXSH0001,2016-10-07T18:42:33Z,48.3600,-4.7800,1019.5,0,5.4772,-0.0324,01111011
EXSH0001,2016-10-07T18:47:33Z,48.3600,-4.7800,1019.5,0,5.4988,-0.0408,01111011
EXSH0001,2016-10-07T18:52:33Z,48.3600,-4.7800,1019.5,0,5.5249,-0.0349,01111011
EXSH0001,2016-10-07T18:57:33Z,48.3600,-4.7800,1019.5,0,5.5409,-0.0439,01111011
EXSH0001,2016-10-07T19:02:33Z,48.3600,-4.7800,1020,0,5.5499,-0.0499,01111011
EXSH0001,2016-10-07T19:07:33Z,48.3600,-4.7800,1020,0,5.5535,-0.0613,01111011
EXSH0001,2016-10-07T19:12:33Z,48.3600,-4.7800,1020,0,5.5665,-0.0535,01111011
EXSH0001,2016-10-07T19:17:33Z,48.3600,-4.7800,1020,0,5.5733,-0.0567,01111011
EXSH0001,2016-10-07T19:22:33Z,48.3600,-4.7800,1020,0,5.5705,-0.0595,01111011
EXSH0001,2016-10-07T19:27:33Z,48.3600,-4.7800,1020,0,5.5771,-0.0529,01111011
EXSH0001,2016-10-07T19:32:33Z,48.3600,-4.7800,1020,0,5.5803,-0.0435,01111011
EXSH0001,2016-10-07T19:37:33Z,48.3600,-4.7800,1020,0,5.5836,-0.0353,01111011
EXSH0001,2016-10-07T19:42:33Z,48.3600,-4.7800,1020,0,5.5745,-0.0293,01111011
EXSH0001,2016-10-07T19:47:33Z,48.3600,-4.7800,1020,0,5.5569,-0.032,01111011
EXSH0001,2016-10-07T19:52:33Z,48.3600,-4.7800,1020,0,5.5395,-0.0343,01111011
EXSH0001,2016-10-07T19:57:33Z,48.3600,-4.7800,1020,0,5.5225,-0.0263,01111011
EXSH0001,2016-10-07T20:02:33Z,48.3600,-4.7800,1020.4,0,5.4914,-0.0363,01111011
EXSH0001,2016-10-07T20:07:33Z,48.3600,-4.7800,1020.4,0,5.4599,-0.0378,01111011
EXSH0001,2016-10-07T20:12:33Z,48.3600,-4.7800,1020.4,0,5.4079,-0.0598,01111011
EXSH0001,2016-10-07T20:17:33Z,48.3600,-4.7800,1020.4,0,5.3899,-0.0467,01111011
EXSH0001,2016-10-07T20:22:33Z,48.3600,-4.7800,1020.4,0,5.3453,-0.0524,01111011
EXSH0001,2016-10-07T20:27:33Z,48.3600,-4.7800,1020.4,0,5.3133,-0.0444,01111011
EXSH0001,2016-10-07T20:32:33Z,48.3600,-4.7800,1020.4,0,5.2784,-0.0545,01111011
EXSH0001,2016-10-07T20:37:33Z,48.3600,-4.7800,1020.4,0,5.2482,-0.0398,01111011
EXSH0001,2016-10-07T20:42:33Z,48.3600,-4.7800,1020.4,0,5.1961,-0.0469,01111011
EXSH0001,2016-10-07T20:47:33Z,48.3600,-4.7800,1020.4,0,5.1569,-0.0411,01111011
EXSH0001,2016-10-07T20:52:33Z,48.3600,-4.7800,1020.4,0,5.1079,-0.045,01111011
EXSH0001,2016-10-07T20:57:33Z,48.3600,-4.7800,1020.4,0,5.0639,-0.0367,01111011
EXSH0001,2016-10-07T21:02:33Z,48.3600,-4.7800,1020.8,0,5.0206,-0.0324,01111011
EXSH0001,2016-10-07T21:07:33Z,48.3600,-4.7800,1020.8,0,4.9529,-0.0477,01111011
EXSH0001,2016-10-07T21:12:33Z,48.3600,-4.7800,1020.8,0,4.9116,-0.039,01111011
EXSH0001,2016-10-07T21:17:33Z,48.3600,-4.7800,1020.8,0,4.8701,-0.0278,01111011
EXSH0001,2016-10-07T21:22:33Z,48.3600,-4.7800,1020.8,0,4.8273,-0.0133,01111011
EXSH0001,2016-10-07T21:27:33Z,48.3600,-4.7800,1020.8,0,4.774,-0.014,01111011
EXSH0001,2016-10-07T21:32:33Z,48.3600,-4.7800,1020.8,0,4.7144,-0.0316,01111011
EXSH0001,2016-10-07T21:37:33Z,48.3600,-4.7800,1020.8,0,4.6657,-0.0203,01111011
EXSH0001,2016-10-07T21:42:33Z,48.3600,-4.7800,1020.8,0,4.6073,-0.0272,01111011
EXSH0001,2016-10-07T21:47:33Z,48.3600,-4.7800,1020.8,0,4.5399,-0.0361,01111011
EXSH0001,2016-10-07T21:52:33Z,48.3600,-4.7800,1020.8,0,4.4734,-0.0426,01111011
EXSH0001,2016-10-07T21:57:33Z,48.3600,-4.7800,1020.8,0,4.43,-0.036,01111011
EXSH0001,2016-10-07T22:02:33Z,48.3600,-4.7800,1021.2,0,4.3787,-0.0273,01111011
EXSH0001,2016-10-07T22:07:33Z,48.3600,-4.7800,1021.2,0,4.3228,-0.0232,01111011
EXSH0001,2016-10-07T22:12:33Z,48.3600,-4.7800,1021.2,0,4.2725,-0.022,01111011
EXSH0001,2016-10-07T22:17:33Z,48.3600,-4.7800,1021.2,0,4.2231,-0.0129,01111011
EXSH0001,2016-10-07T22:22:33Z,48.3600,-4.7800,1021.2,0,4.1673,-0.0087,01111011
EXSH0001,2016-10-07T22:27:33Z,48.3600,-4.7800,1021.2,0,4.1071,-0.0124,01111011
EXSH0001,2016-10-07T22:32:33Z,48.3600,-4.7800,1021.2,0,4.0643,-0.0161,01111011
EXSH0001,2016-10-07T22:37:33Z,48.3600,-4.7800,1021.2,0,3.999,-0.0214,01111011
EXSH0001,2016-10-07T22:42:33Z,48.3600,-4.7800,1021.2,0,3.9285,-0.0368,01111011
EXSH0001,2016-10-07T22:47:33Z,48.3600,-4.7800,1021.2,0,3.8866,-0.0238,01111011
EXSH0001,2016-10-07T22:52:33Z,48.3600,-4.7800,1021.2,0,3.8284,-0.0269,01111011
EXSH0001,2016-10-07T22:57:33Z,48.3600,-4.7800,1021.2,0,3.7788,-0.0216,01111011
EXSH0001,2016-10-07T23:02:33Z,48.3600,-4.7800,1021.4,0,3.7276,-0.0228,01111011
EXSH0001,2016-10-07T23:07:33Z,48.3600,-4.7800,1021.4,0,3.6851,-0.0053,01111011
EXSH0001,2016-10-07T23:12:33Z,48.3600,-4.7800,1021.4,0,3.6381,-0.0023,01111011
EXSH0001,2016-10-07T23:17:33Z,48.3600,-4.7800,1021.4,0,3.5699,-0.0204,01111011
EXSH0001,2016-10-07T23:22:33Z,48.3600,-4.7800,1021.4,0,3.5171,-0.0182,01111011
EXSH0001,2016-10-07T23:27:33Z,48.3600,-4.7800,1021.4,0,3.4592,-0.0212,01111011
EXSH0001,2016-10-07T23:32:33Z,48.3600,-4.7800,1021.4,0,3.4064,-0.0405,01111011
EXSH0001,2016-10-07T23:37:33Z,48.3600,-4.7800,1021.4,0,3.3547,-0.0411,01111011
EXSH0001,2016-10-07T23:42:33Z,48.3600,-4.7800,1021.4,0,3.3147,-0.0321,01111011
EXSH0001,2016-10-07T23:47:33Z,48.3600,-4.7800,1021.4,0,3.2719,-0.0299,01111011
EXSH0001,2016-10-07T23:52:33Z,48.3600,-4.7800,1021.4,0,3.2184,-0.0374,01111011
EXSH0001,2016-10-07T23:57:33Z,48.3600,-4.7800,1021.4,0,3.1714,-0.0304,01111011
EXSH0001,2016-10-08T00:02:33Z,48.3600,-4.7800,1021.5,0,3.1232,-0.0337,01111011
EXSH0001,2016-10-08T00:07:33Z,48.3600,-4.7800,1021.5,0,3.076,-0.0358,01111011
EXSH0001,2016-10-08T00:12:33Z,48.3600,-4.7800,1021.5,0,3.0308,-0.0461,01111011
EXSH0001,2016-10-08T00:17:33Z,48.3600,-4.7800,1021.5,0,2.9899,-0.0419,01111011
EXSH0001,2016-10-08T00:22:33Z,48.3600,-4.7800,1021.5,0,2.9484,-0.0395,01111011
EXSH0001,2016-10-08T00:27:33Z,48.3600,-4.7800,1021.5,0,2.9135,-0.0384,01111011
EXSH0001,2016-10-08T00:32:33Z,48.3600,-4.7800,1021.5,0,2.8781,-0.0575,01111011
EXSH0001,2016-10-08T00:37:33Z,48.3600,-4.7800,1021.5,0,2.8364,-0.0592,01111011
EXSH0001,2016-10-08T00:42:33Z,48.3600,-4.7800,1021.5,0,2.8061,-0.0595,01111011
EXSH0001,2016-10-08T00:47:33Z,48.3600,-4.7800,1021.5,0,2.7738,-0.0618,01111011
EXSH0001,2016-10-08T00:52:33Z,48.3600,-4.7800,1021.5,0,2.7313,-0.0743,01111011
EXSH0001,2016-10-08T00:57:33Z,48.3600,-4.7800,1021.5,0,2.7134,-0.0622,01111011
EXSH0001,2016-10-08T01:02:33Z,48.3600,-4.7800,1021.8,0,2.6769,-0.0759,01111011
EXSH0001,2016-10-08T01:07:33Z,48.3600,-4.7800,1021.8,0,2.6403,-0.0875,01111011
EXSH0001,2016-10-08T01:12:33Z,48.3600,-4.7800,1021.8,0,2.6136,-0.092,01111011
EXSH0001,2016-10-08T01:17:33Z,48.3600,-4.7800,1021.8,0,2.6051,-0.0827,01111011
EXSH0001,2016-10-08T01:22:33Z,48.3600,-4.7800,1021.8,0,2.5763,-0.0965,01111011
EXSH0001,2016-10-08T01:27:33Z,48.3600,-4.7800,1021.8,0,2.5694,-0.0884,01111011
EXSH0001,2016-10-08T01:32:33Z,48.3600,-4.7800,1021.8,0,2.5514,-0.0986,01111011
EXSH0001,2016-10-08T01:37:33Z,48.3600,-4.7800,1021.8,0,2.5474,-0.094,01111011
EXSH0001,2016-10-08T01:42:33Z,48.3600,-4.7800,1021.8,0,2.5443,-0.0857,01111011
EXSH0001,2016-10-08T01:47:33Z,48.3600,-4.7800,1021.8,0,2.5453,-0.0847,01111011
EXSH0001,2016-10-08T01:52:33Z,48.3600,-4.7800,1021.8,0,2.5589,-0.0711,01111011
EXSH0001,2016-10-08T01:57:33Z,48.3600,-4.7800,1021.8,0,2.5451,-0.0849,01111011
EXSH0001,2016-10-08T02:02:33Z,48.3600,-4.7800,1021.9,0,2.5433,-0.0867,01111011
EXSH0001,2016-10-08T02:07:33Z,48.3600,-4.7800,1021.9,0,2.5311,-0.1075,01111011
EXSH0001,2016-10-08T02:12:33Z,48.3600,-4.7800,1021.9,0,2.5395,-0.1041,01111011
EXSH0001,2016-10-08T02:17:33Z,48.3600,-4.7800,1021.9,0,2.5438,-0.1062,01111011
EXSH0001,2016-10-08T02:22:33Z,48.3600,-4.7800,1021.9,0,2.5507,-0.1129,01111011
EXSH0001,2016-10-08T02:27:33Z,48.3600,-4.7800,1021.9,0,2.5717,-0.1069,01111011
EXSH0001,2016-10-08T02:32:33Z,48.3600,-4.7800,1021.9,0,2.5599,-0.1397,01111011
EXSH0001,2016-10-08T02:37:33Z,48.3600,-4.7800,1021.9,0,2.6115,-0.1081,01111011
EXSH0001,2016-10-08T02:42:33Z,48.3600,-4.7800,1021.9,0,2.6388,-0.101,01111011
EXSH0001,2016-10-08T02:47:33Z,48.3600,-4.7800,1021.9,0,2.6642,-0.1054,01111011
EXSH0001,2016-10-08T02:52:33Z,48.3600,-4.7800,1021.9,0,2.6923,-0.1073,01111011
EXSH0001,2016-10-08T02:57:33Z,48.3600,-4.7800,1021.9,0,2.7215,-0.1081,01111011
EXSH0001,2016-10-08T03:02:33Z,48.3600,-4.7800,1021.9,0,2.7545,-0.1051,01111011
EXSH0001,2016-10-08T03:07:33Z,48.3600,-4.7800,1021.9,0,2.7969,-0.1075,01111011
EXSH0001,2016-10-08T03:12:33Z,48.3600,-4.7800,1021.9,0,2.8395,-0.1001,01111011
EXSH0001,2016-10-08T03:17:33Z,48.3600,-4.7800,1021.9,0,2.8896,-0.0948,01111011
EXSH0001,2016-10-08T03:22:33Z,48.3600,-4.7800,1021.9,0,2.9212,-0.1082,01111011
EXSH0001,2016-10-08T03:27:33Z,48.3600,-4.7800,1021.9,0,2.9677,-0.1115,01111011
EXSH0001,2016-10-08T03:32:33Z,48.3600,-4.7800,1021.9,0,3.0128,-0.1057,01111011
EXSH0001,2016-10-08T03:37:33Z,48.3600,-4.7800,1021.9,0,3.061,-0.1124,01111011
EXSH0001,2016-10-08T03:42:33Z,48.3600,-4.7800,1021.9,0,3.1109,-0.1137,01111011
EXSH0001,2016-10-08T03:47:33Z,48.3600,-4.7800,1021.9,0,3.1611,-0.1224,01111011
EXSH0001,2016-10-08T03:52:33Z,48.3600,-4.7800,1021.9,0,3.2244,-0.1102,01111011
EXSH0001,2016-10-08T03:57:33Z,48.3600,-4.7800,1021.9,0,3.2813,-0.1133,01111011
EXSH0001,2016-10-08T04:02:33Z,48.3600,-4.7800,1022.1,0,3.3445,-0.1162,01111011
EXSH0001,2016-10-08T04:07:33Z,48.3600,-4.7800,1022.1,0,3.4049,-0.1197,01111011
EXSH0001,2016-10-08T04:12:33Z,48.3600,-4.7800,1022.1,0,3.4527,-0.1319,01111011
EXSH0001,2016-10-08T04:17:33Z,48.3600,-4.7800,1022.1,0,3.5243,-0.1303,01111011
EXSH0001,2016-10-08T04:22:33Z,48.3600,-4.7800,1022.1,0,3.6029,-0.1178,01111011
EXSH0001,2016-10-08T04:27:33Z,48.3600,-4.7800,1022.1,0,3.6754,-0.1092,01111011
EXSH0001,2016-10-08T04:32:33Z,48.3600,-4.7800,1022.1,0,3.7425,-0.0892,01111011
EXSH0001,2016-10-08T05:38:34Z,48.3600,-4.7800,,0,4.5913,-0.0749,01119011
EXSH0001,2016-10-08T05:43:34Z,48.3600,-4.7800,,0,4.6576,-0.0686,01119011
EXSH0001,2016-10-08T05:48:34Z,48.3600,-4.7800,,0,4.7079,-0.0783,01119011
EXSH0001,2016-10-08T05:53:34Z,48.3600,-4.7800,,0,4.7743,-0.0619,01119011
EXSH0001,2016-10-08T05:58:34Z,48.3600,-4.7800,,0,4.8195,-0.0767,01119011
EXSH0001,2016-10-08T06:03:34Z,48.3600,-4.7800,1022.9,0,4.8636,-0.0826,01111011
EXSH0001,2016-10-08T06:08:34Z,48.3600,-4.7800,1022.9,0,4.9065,-0.0931,01111011
EXSH0001,2016-10-08T06:13:34Z,48.3600,-4.7800,1022.9,0,4.9815,-0.0647,01111011
EXSH0001,2016-10-08T06:18:34Z,48.3600,-4.7800,1022.9,0,5.0325,-0.0672,01111011
EXSH0001,2016-10-08T06:23:34Z,48.3600,-4.7800,1022.9,0,5.0801,-0.0645,01111011
EXSH0001,2016-10-08T06:28:34Z,48.3600,-4.7800,1022.9,0,5.1207,-0.069,01111011
EXSH0001,2016-10-08T06:33:34Z,48.3600,-4.7800,1022.9,0,5.1445,-0.0714,01111011
EXSH0001,2016-10-08T06:38:34Z,48.3600,-4.7800,1022.9,0,5.1732,-0.0857,01111011
EXSH0001,2016-10-08T06:43:34Z,48.3600,-4.7800,1022.9,0,5.2023,-0.0936,01111011
EXSH0001,2016-10-08T06:48:34Z,48.3600,-4.7800,1022.9,0,5.2481,-0.0878,01111011
EXSH0001,2016-10-08T06:53:34Z,48.3600,-4.7800,1022.9,0,5.2708,-0.0951,01111011
EXSH0001,2016-10-08T06:58:34Z,48.3600,-4.7800,1022.9,0,5.3129,-0.083,01111011
EXSH0001,2016-10-08T07:03:34Z,48.3600,-4.7800,1023.5,0,5.331,-0.0949,01111011
EXSH0001,2016-10-08T07:08:34Z,48.3600,-4.7800,1023.5,0,5.3702,-0.0827,01111011
EXSH0001,2016-10-08T07:13:34Z,48.3600,-4.7800,1023.5,0,5.3834,-0.0925,01111011
EXSH0001,2016-10-08T07:18:34Z,48.3600,-4.7800,1023.5,0,5.4118,-0.0811,01111011
EXSH0001,2016-10-08T07:23:34Z,48.3600,-4.7800,1023.5,0,5.4248,-0.0831,01111011
EXSH0001,2016-10-08T07:28:34Z,48.3600,-4.7800,1023.5,0,5.4519,-0.071,01111011
EXSH0001,2016-10-08T07:33:34Z,48.3600,-4.7800,1023.5,0,5.4519,-0.0822,01111011
EXSH0001,2016-10-08T07:38:34Z,48.3600,-4.7800,1023.5,0,5.4745,-0.0655,01111011
EXSH0001,2016-10-08T07:43:34Z,48.3600,-4.7800,1023.5,0,5.4765,-0.0676,01111011
EXSH0001,2016-10-08T07:48:34Z,48.3600,-4.7800,1023.5,0,5.478,-0.072,01111011
EXSH0001,2016-10-08T07:53:34Z,48.3600,-4.7800,1023.5,0,5.4731,-0.0728,01111011
EXSH0001,2016-10-08T07:58:34Z,48.3600,-4.7800,1023.5,0,5.4695,-0.0705,01111011
EXSH0001,2016-10-08T08:03:34Z,48.3600,-4.7800,1024,0,5.4477,-0.0823,01111011
EXSH0001,2016-10-08T08:08:34Z,48.3600,-4.7800,1024,0,5.4419,-0.079,01111011
EXSH0001,2016-10-08T08:13:34Z,48.3600,-4.7800,1024,0,5.4349,-0.071,01111011
EXSH0001,2016-10-08T08:18:34Z,48.3600,-4.7800,1024,0,5.4215,-0.0694,01111011
EXSH0001,2016-10-08T08:23:34Z,48.3600,-4.7800,1024,0,5.4,-0.0718,01111011
EXSH0001,2016-10-08T08:28:34Z,48.3600,-4.7800,1024,0,5.3757,-0.0752,01111011
EXSH0001,2016-10-08T08:33:34Z,48.3600,-4.7800,1024,0,5.3528,-0.0767,01111011
EXSH0001,2016-10-08T08:38:34Z,48.3600,-4.7800,1024,0,5.3331,-0.0664,01111011
EXSH0001,2016-10-08T08:43:34Z,48.3600,-4.7800,1024,0,5.3004,-0.0691,01111011
EXSH0001,2016-10-08T08:48:34Z,48.3600,-4.7800,1024,0,5.2678,-0.0717,01111011
EXSH0001,2016-10-08T08:53:34Z,48.3600,-4.7800,1024,0,5.2455,-0.0637,01111011
EXSH0001,2016-10-08T08:58:34Z,48.3600,-4.7800,1024,0,5.1943,-0.0752,01111011
EXSH0001,2016-10-08T09:03:34Z,48.3600,-4.7800,1024.3,0,5.1521,-0.0774,01111011
EXSH0001,2016-10-08T09:08:34Z,48.3600,-4.7800,1024.3,0,5.1211,-0.0732,01111011
EXSH0001,2016-10-08T09:13:34Z,48.3600,-4.7800,1024.3,0,5.0846,-0.0649,01111011
EXSH0001,2016-10-08T09:18:34Z,48.3600,-4.7800,1024.3,0,5.0437,-0.0705,01111011
EXSH0001,2016-10-08T09:23:34Z,48.3600,-4.7800,1024.3,0,4.9915,-0.0777,01111011
EXSH0001,2016-10-08T09:28:34Z,48.3600,-4.7800,1024.3,0,4.9483,-0.076,01111011
EXSH0001,2016-10-08T09:33:34Z,48.3600,-4.7800,1024.3,0,4.8995,-0.0906,01111011
EXSH0001,2016-10-08T09:38:34Z,48.3600,-4.7800,1024.3,0,4.8612,-0.0838,01111011
EXSH0001,2016-10-08T09:43:34Z,48.3600,-4.7800,1024.3,0,4.8189,-0.0745,01111011
EXSH0001,2016-10-08T09:48:34Z,48.3600,-4.7800,1024.3,0,4.7593,-0.0857,01111011
EXSH0001,2016-10-08T09:53:34Z,48.3600,-4.7800,1024.3,0,4.7107,-0.0894,01111011
EXSH0001,2016-10-08T09:58:34Z,48.3600,-4.7800,1024.3,0,4.6673,-0.0777,01111011
EXSH0001,2016-10-08T10:03:34Z,48.3600,-4.7800,1024.5,0,4.6222,-0.0779,01111011
EXSH0001,2016-10-08T10:08:34Z,48.3600,-4.7800,1024.5,0,4.5664,-0.0787,01111011
EXSH0001,2016-10-08T10:13:34Z,48.3600,-4.7800,1024.5,0,4.5051,-0.0883,01111011
EXSH0001,2016-10-08T10:18:34Z,48.3600,-4.7800,1024.5,0,4.4505,-0.0945,01111011
EXSH0001,2016-10-08T10:23:34Z,48.3600,-4.7800,1024.5,0,4.4044,-0.089,01111011
EXSH0001,2016-10-08T10:28:34Z,48.3600,-4.7800,1024.5,0,4.3667,-0.0767,01111011
EXSH0001,2016-10-08T10:33:34Z,48.3600,-4.7800,1024.5,0,4.3114,-0.0901,01111011
EXSH0001,2016-10-08T10:38:34Z,48.3600,-4.7800,1024.5,0,4.2535,-0.0951,01111011
EXSH0001,2016-10-08T10:43:34Z,48.3600,-4.7800,1024.5,0,4.2089,-0.0897,01111011
EXSH0001,2016-10-08T10:48:34Z,48.3600,-4.7800,1024.5,0,4.1459,-0.1006,01111011
EXSH0001,2016-10-08T10:53:34Z,48.3600,-4.7800,1024.5,0,4.0871,-0.1043,01111011
EXSH0001,2016-10-08T10:58:34Z,48.3600,-4.7800,1024.5,0,4.0473,-0.0913,01111011
EXSH0001,2016-10-08T11:03:34Z,48.3600,-4.7800,1024.8,0,3.9979,-0.0907,01111011
EXSH0001,2016-10-08T11:08:34Z,48.3600,-4.7800,1024.8,0,3.9558,-0.0807,01111011
EXSH0001,2016-10-08T11:13:34Z,48.3600,-4.7800,1024.8,0,3.8939,-0.0875,01111011
EXSH0001,2016-10-08T11:18:34Z,48.3600,-4.7800,1024.8,0,3.84,-0.0886,01111011
EXSH0001,2016-10-08T11:23:34Z,48.3600,-4.7800,1024.8,0,3.8033,-0.0753,01111011
EXSH0001,2016-10-08T11:28:34Z,48.3600,-4.7800,1024.8,0,3.7484,-0.078,01111011
EXSH0001,2016-10-08T11:33:34Z,48.3600,-4.7800,1024.8,0,3.6975,-0.0857,01111011
EXSH0001,2016-10-08T11:38:34Z,48.3600,-4.7800,1024.8,0,3.6282,-0.1092,01111011
EXSH0001,2016-10-08T11:43:34Z,48.3600,-4.7800,1024.8,0,3.5629,-0.1203,01111011
EXSH0001,2016-10-08T11:48:34Z,48.3600,-4.7800,1024.8,0,3.5283,-0.1049,01111011
EXSH0001,2016-10-08T11:53:34Z,48.3600,-4.7800,1024.8,0,3.476,-0.1064,01111011
EXSH0001,2016-10-08T11:58:34Z,48.3600,-4.7800,1024.8,0,3.4391,-0.0983,01111011
EXSH0001,2016-10-08T12:03:34Z,48.3600,-4.7800,1024.7,0,3.3874,-0.0958,01111011
EXSH0001,2016-10-08T12:08:34Z,48.3600,-4.7800,1024.7,0,3.3444,-0.093,01111011
EXSH0001,2016-10-08T12:13:34Z,48.3600,-4.7800,1024.7,0,3.3137,-0.0787,01111011
EXSH0001,2016-10-08T12:18:34Z,48.3600,-4.7800,1024.7,0,3.2587,-0.0845,01111011
EXSH0001,2016-10-08T12:23:34Z,48.3600,-4.7800,1024.7,0,3.2133,-0.0791,01111011
EXSH0001,2016-10-08T12:28:34Z,48.3600,-4.7800,1024.7,0,3.1639,-0.0835,01111011
EXSH0001,2016-10-08T12:33:34Z,48.3600,-4.7800,1024.7,0,3.1159,-0.0979,01111011
EXSH0001,2016-10-08T12:38:34Z,48.3600,-4.7800,1024.7,0,3.0848,-0.094,01111011
EXSH0001,2016-10-08T12:43:34Z,48.3600,-4.7800,1024.7,0,3.0305,-0.1033,01111011
EXSH0001,2016-10-08T12:48:34Z,48.3600,-4.7800,1024.7,0,2.9975,-0.0917,01111011
EXSH0001,2016-10-08T12:53:34Z,48.3600,-4.7800,1024.7,0,2.9553,-0.0985,01111011
EXSH0001,2016-10-08T12:58:34Z,48.3600,-4.7800,1024.7,0,2.9153,-0.1035,01111011
EXSH0001,2016-10-08T13:03:34Z,48.3600,-4.7800,1024.7,0,2.8862,-0.093,01111011
EXSH0001,2016-10-08T13:08:34Z,48.3600,-4.7800,1024.7,0,2.8425,-0.1067,01111011
EXSH0001,2016-10-08T13:13:34Z,48.3600,-4.7800,1024.7,0,2.835,-0.0842,01111011
EXSH0001,2016-10-08T13:18:34Z,48.3600,-4.7800,1024.7,0,2.8001,-0.0891,01111011
EXSH0001,2016-10-08T13:23:34Z,48.3600,-4.7800,1024.7,0,2.7799,-0.0793,01111011
EXSH0001,2016-10-08T13:28:34Z,48.3600,-4.7800,1024.7,0,2.7653,-0.0643,01111011
EXSH0001,2016-10-08T13:33:34Z,48.3600,-4.7800,1024.7,0,2.7211,-0.0958,01111011
EXSH0001,2016-10-08T13:38:34Z,48.3600,-4.7800,1024.7,0,2.7059,-0.0875,01111011
EXSH0001,2016-10-08T13:43:34Z,48.3600,-4.7800,1024.7,0,2.6658,-0.1027,01111011
EXSH0001,2016-10-08T13:48:34Z,48.3600,-4.7800,1024.7,0,2.6574,-0.096,01111011
EXSH0001,2016-10-08T13:53:34Z,48.3600,-4.7800,1024.7,0,2.6456,-0.0929,01111011
EXSH0001,2016-10-08T13:58:34Z,48.3600,-4.7800,1024.7,0,2.6393,-0.0842,01111011
EXSH0001,2016-10-08T14:03:34Z,48.3600,-4.7800,1024.7,0,2.6337,-0.0847,01111011
EXSH0001,2016-10-08T14:08:34Z,48.3600,-4.7800,1024.7,0,2.6235,-0.0865,01111011
EXSH0001,2016-10-08T14:13:34Z,48.3600,-4.7800,1024.7,0,2.6195,-0.0805,01111011
EXSH0001,2016-10-08T14:18:34Z,48.3600,-4.7800,1024.7,0,2.6172,-0.0828,01111011
EXSH0001,2016-10-08T14:23:34Z,48.3600,-4.7800,1024.7,0,2.6247,-0.0753,01111011
EXSH0001,2016-10-08T14:28:34Z,48.3600,-4.7800,1024.7,0,2.6315,-0.0685,01111011
EXSH0001,2016-10-08T14:33:34Z,48.3600,-4.7800,1024.7,0,2.6354,-0.0646,01111011
EXSH0001,2016-10-08T14:38:34Z,48.3600,-4.7800,1024.7,0,2.6265,-0.0835,01111011
EXSH0001,2016-10-08T14:43:34Z,48.3600,-4.7800,1024.7,0,2.6205,-0.0975,01111011
EXSH0001,2016-10-08T14:48:34Z,48.3600,-4.7800,1024.7,0,2.6301,-0.0928,01111011
EXSH0001,2016-10-08T14:53:34Z,48.3600,-4.7800,1024.7,0,2.6509,-0.0871,01111011
EXSH0001,2016-10-08T14:58:34Z,48.3600,-4.7800,1024.7,0,2.6664,-0.0895,01111011
EXSH0001,2016-10-08T15:03:34Z,48.3600,-4.7800,1024.8,0,2.6813,-0.0967,01111011
EXSH0001,2016-10-08T15:08:34Z,48.3600,-4.7800,1024.8,0,2.7123,-0.0836,01111011
EXSH0001,2016-10-08T15:13:34Z,48.3600,-4.7800,1024.8,0,2.7351,-0.0908,01111011
EXSH0001,2016-10-08T15:18:34Z,48.3600,-4.7800,1024.8,0,2.7597,-0.0862,01111011
EXSH0001,2016-10-08T15:23:34Z,48.3600,-4.7800,1024.8,0,2.7811,-0.0948,01111011
EXSH0001,2016-10-08T15:28:34Z,48.3600,-4.7800,1024.8,0,2.8171,-0.0988,01111011
EXSH0001,2016-10-08T15:33:34Z,48.3600,-4.7800,1024.8,0,2.8543,-0.0839,01111011
EXSH0001,2016-10-08T15:38:34Z,48.3600,-4.7800,1024.8,0,2.8953,-0.082,01111011
EXSH0001,2016-10-08T15:43:34Z,48.3600,-4.7800,1024.8,0,2.9319,-0.0804,01111011
EXSH0001,2016-10-08T15:48:34Z,48.3600,-4.7800,1024.8,0,2.9654,-0.0919,01111011
EXSH0001,2016-10-08T15:53:34Z,48.3600,-4.7800,1024.8,0,3.0013,-0.101,01111011
EXSH0001,2016-10-08T15:58:34Z,48.3600,-4.7800,1024.8,0,3.0373,-0.11,01111011
EXSH0001,2016-10-08T16:03:34Z,48.3600,-4.7800,1025,0,3.0889,-0.1034,01111011
EXSH0001,2016-10-08T16:08:34Z,48.3600,-4.7800,1025,0,3.1506,-0.0958,01111011
EXSH0001,2016-10-08T16:13:34Z,48.3600,-4.7800,1025,0,3.1902,-0.1062,01111011
EXSH0001,2016-10-08T16:18:34Z,48.3600,-4.7800,1025,0,3.2404,-0.1069,01111011
EXSH0001,2016-10-08T16:23:34Z,48.3600,-4.7800,1025,0,3.2962,-0.1102,01111011
EXSH0001,2016-10-08T16:28:34Z,48.3600,-4.7800,1025,0,3.3471,-0.1193,01111011
EXSH0001,2016-10-08T16:33:34Z,48.3600,-4.7800,1025,0,3.4011,-0.0999,01111011
EXSH0001,2016-10-08T16:38:34Z,48.3600,-4.7800,1025,0,3.4551,-0.1059,01111011
EXSH0001,2016-10-08T16:43:34Z,48.3600,-4.7800,1025,0,3.5083,-0.1127,01111011
EXSH0001,2016-10-08T16:48:34Z,48.3600,-4.7800,1025,0,3.5595,-0.1215,01111011
EXSH0001,2016-10-08T16:53:34Z,48.3600,-4.7800,1025,0,3.6289,-0.1121,01111011
EXSH0001,2016-10-08T16:58:34Z,48.3600,-4.7800,1025,0,3.6889,-0.1121,01111011
EXSH0001,2016-10-08T17:03:34Z,48.3600,-4.7800,1025.3,0,3.7484,-0.1126,01111011
EXSH0001,2016-10-08T17:08:34Z,48.3600,-4.7800,1025.3,0,3.7906,-0.1304,01111011
EXSH0001,2016-10-08T17:13:34Z,48.3600,-4.7800,1025.3,0,3.8491,-0.1319,01111011
EXSH0001,2016-10-08T17:18:34Z,48.3600,-4.7800,1025.3,0,3.9062,-0.1348,01111011
EXSH0001,2016-10-08T17:23:34Z,48.3600,-4.7800,1025.3,0,3.963,-0.138,01111011
EXSH0001,2016-10-08T17:28:34Z,48.3600,-4.7800,1025.3,0,4.0208,-0.1402,01111011
EXSH0001,2016-10-08T17:33:34Z,48.3600,-4.7800,1025.3,0,4.0791,-0.1208,01111011
EXSH0001,2016-10-08T17:38:34Z,48.3600,-4.7800,1025.3,0,4.1389,-0.1177,01111011
EXSH0001,2016-10-08T17:43:34Z,48.3600,-4.7800,1025.3,0,4.2026,-0.114,01111011
EXSH0001,2016-10-08T17:48:34Z,48.3600,-4.7800,1025.3,0,4.2503,-0.1163,01111011
EXSH0001,2016-10-08T17:53:34Z,48.3600,-4.7800,1025.3,0,4.2919,-0.1347,01111011
EXSH0001,2016-10-08T17:58:34Z,48.3600,-4.7800,1025.3,0,4.356,-0.1206,01111011
EXSH0001,2016-10-08T18:03:34Z,48.3600,-4.7800,1025.6,0,4.4029,-0.1271,01111011
EXSH0001,2016-10-08T18:08:34Z,48.3600,-4.7800,1025.6,0,4.4386,-0.1463,01111011
EXSH0001,2016-10-08T18:13:34Z,48.3600,-4.7800,1025.6,0,4.4959,-0.1407,01111011
EXSH0001,2016-10-08T18:18:34Z,48.3600,-4.7800,1025.6,0,4.5426,-0.1423,01111011
EXSH0001,2016-10-08T18:23:34Z,48.3600,-4.7800,1025.6,0,4.5911,-0.1389,01111011
EXSH0001,2016-10-08T18:28:34Z,48.3600,-4.7800,1025.6,0,4.6451,-0.1399,01111011
EXSH0001,2016-10-08T18:33:34Z,48.3600,-4.7800,1025.6,0,4.6829,-0.1356,01111011
EXSH0001,2016-10-08T18:38:34Z,48.3600,-4.7800,1025.6,0,4.7222,-0.1414,01111011
EXSH0001,2016-10-08T18:43:34Z,48.3600,-4.7800,1025.6,0,4.7605,-0.138,01111011
EXSH0001,2016-10-08T18:48:34Z,48.3600,-4.7800,1025.6,0,4.8012,-0.1424,01111011
EXSH0001,2016-10-08T18:53:34Z,48.3600,-4.7800,1025.6,0,4.8379,-0.1478,01111011
EXSH0001,2016-10-08T18:58:34Z,48.3600,-4.7800,1025.6,0,4.8689,-0.1547,01111011
EXSH0001,2016-10-08T19:03:34Z,48.3600,-4.7800,1026.1,0,4.8996,-0.1561,01111011
EXSH0001,2016-10-08T19:08:34Z,48.3600,-4.7800,1026.1,0,4.9311,-0.1546,01111011
EXSH0001,2016-10-08T19:13:34Z,48.3600,-4.7800,1026.1,0,4.9652,-0.1505,01111011
EXSH0001,2016-10-08T19:18:34Z,48.3600,-4.7800,1026.1,0,4.9945,-0.1512,01111011
EXSH0001,2016-10-08T19:23:34Z,48.3600,-4.7800,1026.1,0,5.0242,-0.1515,01111011
EXSH0001,2016-10-08T19:28:34Z,48.3600,-4.7800,1026.1,0,5.0433,-0.1546,01111011
EXSH0001,2016-10-08T19:33:34Z,48.3600,-4.7800,1026.1,0,5.0629,-0.1555,01111011
EXSH0001,2016-10-08T19:38:34Z,48.3600,-4.7800,1026.1,0,5.0845,-0.1497,01111011
EXSH0001,2016-10-08T19:43:34Z,48.3600,-4.7800,1026.1,0,5.101,-0.1482,01111011
EXSH0001,2016-10-08T19:48:34Z,48.3600,-4.7800,1026.1,0,5.1119,-0.1523,01111011
EXSH0001,2016-10-08T19:53:34Z,48.3600,-4.7800,1026.1,0,5.1327,-0.1465,01111011
EXSH0001,2016-10-08T19:58:34Z,48.3600,-4.7800,1026.1,0,5.1265,-0.1635,01111011
EXSH0001,2016-10-08T20:03:34Z,48.3600,-4.7800,1026.4,0,5.1373,-0.1527,01111011
EXSH0001,2016-10-08T20:08:34Z,48.3600,-4.7800,1026.4,0,5.1303,-0.1697,01111011
EXSH0001,2016-10-08T20:13:34Z,48.3600,-4.7800,1026.4,0,5.1282,-0.1718,01111011
EXSH0001,2016-10-08T20:18:34Z,48.3600,-4.7800,1026.4,0,5.1309,-0.1591,01111011
EXSH0001,2016-10-08T20:23:34Z,48.3600,-4.7800,1026.4,0,5.1259,-0.1641,01111011
EXSH0001,2016-10-08T20:28:34Z,48.3600,-4.7800,1026.4,0,5.1263,-0.1495,01111011
EXSH0001,2016-10-08T20:33:34Z,48.3600,-4.7800,1026.4,0,5.1219,-0.1481,01111011
EXSH0001,2016-10-08T20:38:34Z,48.3600,-4.7800,1026.4,0,5.1225,-0.1371,01111011
EXSH0001,2016-10-08T20:43:34Z,48.3600,-4.7800,1026.4,0,5.1085,-0.1361,01111011
EXSH0001,2016-10-08T20:48:34Z,48.3600,-4.7800,1026.4,0,5.0918,-0.1278,01111011
EXSH0001,2016-10-08T20:53:34Z,48.3600,-4.7800,1026.4,0,5.0611,-0.1435,01111011
EXSH0001,2016-10-08T20:58:34Z,48.3600,-4.7800,1026.4,0,5.0298,-0.1498,01111011
EXSH0001,2016-10-08T21:03:34Z,48.3600,-4.7800,1026.6,0,5.0072,-0.152,01111011
EXSH0001,2016-10-08T21:08:34Z,48.3600,-4.7800,1026.6,0,4.9935,-0.1357,01111011
EXSH0001,2016-10-08T21:13:34Z,48.3600,-4.7800,1026.6,0,4.9575,-0.1417,01111011
EXSH0001,2016-10-08T21:18:34Z,48.3600,-4.7800,1026.6,0,4.9272,-0.142,01111011
EXSH0001,2016-10-08T21:23:34Z,48.3600,-4.7800,1026.6,0,4.8885,-0.1507,01111011
EXSH0001,2016-10-08T21:28:34Z,48.3600,-4.7800,1026.6,0,4.8597,-0.1495,01111011
EXSH0001,2016-10-08T21:33:34Z,48.3600,-4.7800,1026.6,0,4.8416,-0.1437,01111011
EXSH0001,2016-10-08T21:38:34Z,48.3600,-4.7800,1026.6,0,4.8069,-0.14,01111011
EXSH0001,2016-10-08T21:43:34Z,48.3600,-4.7800,1026.6,0,4.7699,-0.1455,01111011
EXSH0001,2016-10-08T21:48:34Z,48.3600,-4.7800,1026.6,0,4.7379,-0.139,01111011
EXSH0001,2016-10-08T21:53:34Z,48.3600,-4.7800,1026.6,0,4.7022,-0.1331,01111011
EXSH0001,2016-10-08T21:58:34Z,48.3600,-4.7800,1026.6,0,4.6636,-0.1333,01111011
EXSH0001,2016-10-08T22:03:34Z,48.3600,-4.7800,1026.7,0,4.6251,-0.1318,01111011
EXSH0001,2016-10-08T22:08:34Z,48.3600,-4.7800,1026.7,0,4.597,-0.1233,01111011
EXSH0001,2016-10-08T22:13:34Z,48.3600,-4.7800,1026.7,0,4.5449,-0.1304,01111011
EXSH0001,2016-10-08T22:18:34Z,48.3600,-4.7800,1026.7,0,4.5058,-0.1311,01111011
EXSH0001,2016-10-08T22:23:34Z,48.3600,-4.7800,1026.7,0,4.4635,-0.1319,01111011
EXSH0001,2016-10-08T22:28:34Z,48.3600,-4.7800,1026.7,0,4.4196,-0.1307,01111011
EXSH0001,2016-10-08T22:33:34Z,48.3600,-4.7800,1026.7,0,4.3816,-0.1345,01111011
EXSH0001,2016-10-08T22:38:34Z,48.3600,-4.7800,1026.7,0,4.3509,-0.1203,01111011
EXSH0001,2016-10-08T22:43:34Z,48.3600,-4.7800,1026.7,0,4.3057,-0.1284,01111011
EXSH0001,2016-10-08T22:48:34Z,48.3600,-4.7800,1026.7,0,4.2567,-0.1344,01111011
EXSH0001,2016-10-08T22:53:34Z,48.3600,-4.7800,1026.7,0,4.2214,-0.1247,01111011
EXSH0001,2016-10-08T22:58:34Z,48.3600,-4.7800,1026.7,0,4.1898,-0.1113,01111011
EXSH0001,2016-10-08T23:03:34Z,48.3600,-4.7800,1026.5,0,4.1575,-0.0987,01111011
EXSH0001,2016-10-08T23:08:34Z,48.3600,-4.7800,1026.5,0,4.1226,-0.0885,01111011
EXSH0001,2016-10-08T23:13:34Z,48.3600,-4.7800,1026.5,0,4.0828,-0.0913,01111011
EXSH0001,2016-10-08T23:18:34Z,48.3600,-4.7800,1026.5,0,4.0147,-0.1164,01111011
EXSH0001,2016-10-08T23:23:34Z,48.3600,-4.7800,1026.5,0,3.9928,-0.0934,01111011
EXSH0001,2016-10-08T23:28:34Z,48.3600,-4.7800,1026.5,0,3.9744,-0.0667,01111011
EXSH0001,2016-10-08T23:33:34Z,48.3600,-4.7800,1026.5,0,3.908,-0.0997,01111011
EXSH0001,2016-10-08T23:38:34Z,48.3600,-4.7800,1026.5,0,3.8624,-0.1003,01111011
EXSH0001,2016-10-08T23:43:34Z,48.3600,-4.7800,1026.5,0,3.8101,-0.1117,01111011
EXSH0001,2016-10-08T23:48:34Z,48.3600,-4.7800,1026.5,0,3.7389,-0.1438,01111011
EXSH0001,2016-10-08T23:53:34Z,48.3600,-4.7800,1026.5,0,3.7075,-0.1302,01111011
EXSH0001,2016-10-08T23:58:34Z,48.3600,-4.7800,1026.5,0,3.6943,-0.0984,01111011
EXSH0001,2016-10-09T00:03:34Z,48.3600,-4.7800,1026.8,0,3.6554,-0.0964,01111011
EXSH0001,2016-10-09T00:08:34Z,48.3600,-4.7800,1026.8,0,3.6103,-0.1024,01111011
EXSH0001,2016-10-09T00:13:34Z,48.3600,-4.7800,1026.8,0,3.5689,-0.0988,01111011
EXSH0001,2016-10-09T00:18:34Z,48.3600,-4.7800,1026.8,0,3.4949,-0.1278,01111011
EXSH0001,2016-10-09T00:23:34Z,48.3600,-4.7800,1026.8,0,3.4541,-0.1336,01111011
EXSH0001,2016-10-09T00:28:34Z,48.3600,-4.7800,1026.8,0,3.4327,-0.11,01111011
EXSH0001,2016-10-09T00:33:34Z,48.3600,-4.7800,1026.8,0,3.4131,-0.1064,01111011
EXSH0001,2016-10-09T00:38:34Z,48.3600,-4.7800,1026.8,0,3.3878,-0.0965,01111011
EXSH0001,2016-10-09T00:43:34Z,48.3600,-4.7800,1026.8,0,3.3585,-0.0908,01111011
EXSH0001,2016-10-09T00:48:34Z,48.3600,-4.7800,1026.8,0,3.2911,-0.1184,01111011
EXSH0001,2016-10-09T00:53:34Z,48.3600,-4.7800,1026.8,0,3.2405,-0.129,01111011
EXSH0001,2016-10-09T00:58:34Z,48.3600,-4.7800,1026.8,0,3.2123,-0.122,01111011
EXSH0001,2016-10-09T01:03:34Z,48.3600,-4.7800,1026.6,0,3.1683,-0.1312,01111011
EXSH0001,2016-10-09T01:08:34Z,48.3600,-4.7800,1026.6,0,3.1405,-0.129,01111011
EXSH0001,2016-10-09T01:13:34Z,48.3600,-4.7800,1026.6,0,3.109,-0.1205,01111011
EXSH0001,2016-10-09T01:18:34Z,48.3600,-4.7800,1026.6,0,3.0703,-0.1292,01111011
EXSH0001,2016-10-09T01:23:34Z,48.3600,-4.7800,1026.6,0,3.0324,-0.1371,01111011
EXSH0001,2016-10-09T01:28:34Z,48.3600,-4.7800,1026.6,0,2.9927,-0.1468,01111011
EXSH0001,2016-10-09T01:33:34Z,48.3600,-4.7800,1026.6,0,2.9756,-0.1478,01111011
EXSH0001,2016-10-09T01:38:34Z,48.3600,-4.7800,1026.6,0,2.9481,-0.1486,01111011
EXSH0001,2016-10-09T01:43:34Z,48.3600,-4.7800,1026.6,0,2.9275,-0.1458,01111011
EXSH0001,2016-10-09T01:48:34Z,48.3600,-4.7800,1026.6,0,2.9201,-0.1282,01111011
EXSH0001,2016-10-09T01:53:34Z,48.3600,-4.7800,1026.6,0,2.8867,-0.14,01111011
EXSH0001,2016-10-09T01:58:34Z,48.3600,-4.7800,1026.6,0,2.8802,-0.1281,01111011
EXSH0001,2016-10-09T02:03:34Z,48.3600,-4.7800,1026.9,0,2.8358,-0.1576,01111011
EXSH0001,2016-10-09T02:08:34Z,48.3600,-4.7800,1026.9,0,2.8233,-0.155,01111011
EXSH0001,2016-10-09T02:13:34Z,48.3600,-4.7800,1026.9,0,2.8061,-0.1573,01111011
EXSH0001,2016-10-09T02:18:34Z,48.3600,-4.7800,1026.9,0,2.8043,-0.144,01111011
EXSH0001,2016-10-09T02:23:34Z,48.3600,-4.7800,1026.9,0,2.7982,-0.1418,01111011
EXSH0001,2016-10-09T02:28:34Z,48.3600,-4.7800,1026.9,0,2.791,-0.139,01111011
EXSH0001,2016-10-09T02:33:34Z,48.3600,-4.7800,1026.9,0,2.8007,-0.1293,01111011
EXSH0001,2016-10-09T02:38:34Z,48.3600,-4.7800,1026.9,0,2.7899,-0.1323,01111011
EXSH0001,2016-10-09T02:43:34Z,48.3600,-4.7800,1026.9,0,2.77,-0.15,01111011
EXSH0001,2016-10-09T02:48:34Z,48.3600,-4.7800,1026.9,0,2.766,-0.154,01111011
EXSH0001,2016-10-09T02:53:34Z,48.3600,-4.7800,1026.9,0,2.7691,-0.1509,01111011
EXSH0001,2016-10-09T02:58:34Z,48.3600,-4.7800,1026.9,0,2.7583,-0.1696,01111011
EXSH0001,2016-10-09T03:03:34Z,48.3600,-4.7800,1026.4,0,2.7742,-0.1558,01111011
EXSH0001,2016-10-09T03:08:34Z,48.3600,-4.7800,1026.4,0,2.7805,-0.1574,01111011
EXSH0001,2016-10-09T03:13:34Z,48.3600,-4.7800,1026.4,0,2.7987,-0.1513,01111011
EXSH0001,2016-10-09T03:18:34Z,48.3600,-4.7800,1026.4,0,2.7957,-0.1621,01111011
EXSH0001,2016-10-09T03:23:34Z,48.3600,-4.7800,1026.4,0,2.8169,-0.1559,01111011
EXSH0001,2016-10-09T03:28:34Z,48.3600,-4.7800,1026.4,0,2.8269,-0.1688,01111011
EXSH0001,2016-10-09T03:33:34Z,48.3600,-4.7800,1026.4,0,2.8431,-0.1661,01111011
EXSH0001,2016-10-09T03:38:34Z,48.3600,-4.7800,1026.4,0,2.8832,-0.1452,01111011
EXSH0001,2016-10-09T03:43:34Z,48.3600,-4.7800,1026.4,0,2.9045,-0.1447,01111011
EXSH0001,2016-10-09T03:48:34Z,48.3600,-4.7800,1026.4,0,2.9575,-0.1209,01111011
EXSH0001,2016-10-09T03:53:34Z,48.3600,-4.7800,1026.4,0,2.9581,-0.1503,01111011
EXSH0001,2016-10-09T03:58:34Z,48.3600,-4.7800,1026.4,0,2.9709,-0.1675,01111011
EXSH0001,2016-10-09T04:03:34Z,48.3600,-4.7800,1026,0,3.0019,-0.1665,01111011
EXSH0001,2016-10-09T04:08:34Z,48.3600,-4.7800,1026,0,3.0223,-0.1761,01111011
EXSH0001,2016-10-09T04:13:34Z,48.3600,-4.7800,1026,0,3.0928,-0.1448,01111011
EXSH0001,2016-10-09T04:18:34Z,48.3600,-4.7800,1026,0,3.1403,-0.1323,01111011
EXSH0001,2016-10-09T04:23:34Z,48.3600,-4.7800,1026,0,3.1747,-0.1429,01111011
EXSH0001,2016-10-09T04:28:34Z,48.3600,-4.7800,1026,0,3.2091,-0.1435,01111011
EXSH0001,2016-10-09T05:34:33Z,48.3600,-4.7800,,0,3.8429,-0.1206,01119011
EXSH0001,2016-10-09T05:39:33Z,48.3600,-4.7800,,0,3.9103,-0.1077,01119011
EXSH0001,2016-10-09T05:44:33Z,48.3600,-4.7800,,0,3.9563,-0.1117,01119011
EXSH0001,2016-10-09T05:49:33Z,48.3600,-4.7800,,0,3.9856,-0.1329,01119011
EXSH0001,2016-10-09T05:54:33Z,48.3600,-4.7800,,0,4.0588,-0.1092,01119011
EXSH0001,2016-10-09T05:59:33Z,48.3600,-4.7800,,0,4.1215,-0.097,01119011
EXSH0001,2016-10-09T06:04:33Z,48.3600,-4.7800,1026.3,0,4.1471,-0.1209,01111011
EXSH0001,2016-10-09T06:09:33Z,48.3600,-4.7800,1026.3,0,4.2141,-0.1044,01111011
EXSH0001,2016-10-09T06:14:33Z,48.3600,-4.7800,1026.3,0,4.2599,-0.1036,01111011
EXSH0001,2016-10-09T06:19:33Z,48.3600,-4.7800,1026.3,0,4.3069,-0.1111,01111011
EXSH0001,2016-10-09T06:24:33Z,48.3600,-4.7800,1026.3,0,4.3658,-0.0977,01111011
EXSH0001,2016-10-09T06:29:33Z,48.3600,-4.7800,1026.3,0,4.4071,-0.1014,01111011
EXSH0001,2016-10-09T06:34:33Z,48.3600,-4.7800,1026.3,0,4.4616,-0.0811,01111011
EXSH0001,2016-10-09T06:39:33Z,48.3600,-4.7800,1026.3,0,4.5237,-0.064,01111011
EXSH0001,2016-10-09T06:44:33Z,48.3600,-4.7800,1026.3,0,4.5559,-0.0768,01111011
EXSH0001,2016-10-09T06:49:33Z,48.3600,-4.7800,1026.3,0,4.6003,-0.0774,01111011
EXSH0001,2016-10-09T06:54:33Z,48.3600,-4.7800,1026.3,0,4.6243,-0.0984,01111011
EXSH0001,2016-10-09T06:59:33Z,48.3600,-4.7800,1026.3,0,4.6683,-0.0994,01111011
EXSH0001,2016-10-09T07:04:33Z,48.3600,-4.7800,1026.6,0,4.7161,-0.0957,01111011
EXSH0001,2016-10-09T07:09:33Z,48.3600,-4.7800,1026.6,0,4.7493,-0.0984,01111011
EXSH0001,2016-10-09T07:14:33Z,48.3600,-4.7800,1026.6,0,4.8102,-0.0816,01111011
EXSH0001,2016-10-09T07:19:33Z,48.3600,-4.7800,1026.6,0,4.8227,-0.105,01111011
EXSH0001,2016-10-09T07:24:33Z,48.3600,-4.7800,1026.6,0,4.8599,-0.1019,01111011
EXSH0001,2016-10-09T07:29:33Z,48.3600,-4.7800,1026.6,0,4.8869,-0.1108,01111011
EXSH0001,2016-10-09T07:34:33Z,48.3600,-4.7800,1026.6,0,4.9115,-0.1126,01111011
EXSH0001,2016-10-09T07:39:33Z,48.3600,-4.7800,1026.6,0,4.9335,-0.1206,01111011
EXSH0001,2016-10-09T07:44:33Z,48.3600,-4.7800,1026.6,0,4.996,-0.0881,01111011
EXSH0001,2016-10-09T07:49:33Z,48.3600,-4.7800,1026.6,0,5.0184,-0.0937,01111011
EXSH0001,2016-10-09T07:54:33Z,48.3600,-4.7800,1026.6,0,5.0273,-0.1068,01111011
EXSH0001,2016-10-09T07:59:33Z,48.3600,-4.7800,1026.6,0,5.0497,-0.1124,01111011
EXSH0001,2016-10-09T08:04:33Z,48.3600,-4.7800,1027.1,0,5.0474,-0.1296,01111011
EXSH0001,2016-10-09T08:09:33Z,48.3600,-4.7800,1027.1,0,5.0743,-0.1277,01111011
EXSH0001,2016-10-09T08:14:33Z,48.3600,-4.7800,1027.1,0,5.1071,-0.1099,01111011
EXSH0001,2016-10-09T08:19:33Z,48.3600,-4.7800,1027.1,0,5.133,-0.0991,01111011
EXSH0001,2016-10-09T08:24:33Z,48.3600,-4.7800,1027.1,0,5.1536,-0.0864,01111011
EXSH0001,2016-10-09T08:29:33Z,48.3600,-4.7800,1027.1,0,5.151,-0.099,01111011
EXSH0001,2016-10-09T08:34:33Z,48.3600,-4.7800,1027.1,0,5.1192,-0.134,01111011
EXSH0001,2016-10-09T08:39:33Z,48.3600,-4.7800,1027.1,0,5.1004,-0.1596,01111011
EXSH0001,2016-10-09T08:44:33Z,48.3600,-4.7800,1027.1,0,5.1213,-0.1387,01111011
EXSH0001,2016-10-09T08:49:33Z,48.3600,-4.7800,1027.1,0,5.1377,-0.1223,01111011
EXSH0001,2016-10-09T08:54:33Z,48.3600,-4.7800,1027.1,0,5.1484,-0.1116,01111011
EXSH0001,2016-10-09T08:59:33Z,48.3600,-4.7800,1027.1,0,5.1368,-0.1232,01111011
EXSH0001,2016-10-09T09:04:33Z,48.3600,-4.7800,1027.5,0,5.1201,-0.1299,01111011
EXSH0001,2016-10-09T09:09:33Z,48.3600,-4.7800,1027.5,0,5.1068,-0.135,01111011
EXSH0001,2016-10-09T09:14:33Z,48.3600,-4.7800,1027.5,0,5.0973,-0.1295,01111011
EXSH0001,2016-10-09T09:19:33Z,48.3600,-4.7800,1027.5,0,5.0895,-0.1223,01111011
EXSH0001,2016-10-09T09:24:33Z,48.3600,-4.7800,1027.5,0,5.0737,-0.1231,01111011
EXSH0001,2016-10-09T09:29:33Z,48.3600,-4.7800,1027.5,0,5.0664,-0.1154,01111011
EXSH0001,2016-10-09T09:34:33Z,48.3600,-4.7800,1027.5,0,5.0513,-0.1191,01111011
EXSH0001,2016-10-09T09:39:33Z,48.3600,-4.7800,1027.5,0,5.0138,-0.137,01111011
EXSH0001,2016-10-09T09:44:33Z,48.3600,-4.7800,1027.5,0,4.9851,-0.1453,01111011
EXSH0001,2016-10-09T09:49:33Z,48.3600,-4.7800,1027.5,0,4.9511,-0.1543,01111011
EXSH0001,2016-10-09T09:54:33Z,48.3600,-4.7800,1027.5,0,4.9337,-0.1471,01111011
EXSH0001,2016-10-09T09:59:33Z,48.3600,-4.7800,1027.5,0,4.9116,-0.1392,01111011
EXSH0001,2016-10-09T10:04:33Z,48.3600,-4.7800,1027.6,0,4.8706,-0.1502,01111011
EXSH0001,2016-10-09T10:09:33Z,48.3600,-4.7800,1027.6,0,4.8406,-0.1502,01111011
EXSH0001,2016-10-09T10:14:33Z,48.3600,-4.7800,1027.6,0,4.8415,-0.1193,01111011
EXSH0001,2016-10-09T10:19:33Z,48.3600,-4.7800,1027.6,0,4.8084,-0.1224,01111011
EXSH0001,2016-10-09T10:24:33Z,48.3600,-4.7800,1027.6,0,4.7717,-0.1291,01111011
EXSH0001,2016-10-09T10:29:33Z,48.3600,-4.7800,1027.6,0,4.702,-0.1642,01111011
EXSH0001,2016-10-09T10:34:33Z,48.3600,-4.7800,1027.6,0,4.6845,-0.1539,01111011
EXSH0001,2016-10-09T10:39:33Z,48.3600,-4.7800,1027.6,0,4.6493,-0.1583,01111011
EXSH0001,2016-10-09T10:44:33Z,48.3600,-4.7800,1027.6,0,4.6207,-0.1477,01111011
EXSH0001,2016-10-09T10:49:33Z,48.3600,-4.7800,1027.6,0,4.5808,-0.1568,01111011
EXSH0001,2016-10-09T10:54:33Z,48.3600,-4.7800,1027.6,0,4.5307,-0.1677,01111011
EXSH0001,2016-10-09T10:59:33Z,48.3600,-4.7800,1027.6,0,4.4939,-0.1637,01111011
EXSH0001,2016-10-09T11:04:33Z,48.3600,-4.7800,1027.5,0,4.4639,-0.1545,01111011
EXSH0001,2016-10-09T11:09:33Z,48.3600,-4.7800,1027.5,0,4.432,-0.1464,01111011
EXSH0001,2016-10-09T11:14:33Z,48.3600,-4.7800,1027.5,0,4.371,-0.1716,01111011
EXSH0001,2016-10-09T11:19:33Z,48.3600,-4.7800,1027.5,0,4.3455,-0.1529,01111011
EXSH0001,2016-10-09T11:24:33Z,48.3600,-4.7800,1027.5,0,4.3041,-0.1585,01111011
EXSH0001,2016-10-09T11:29:33Z,48.3600,-4.7800,1027.5,0,4.2721,-0.1455,01111011
EXSH0001,2016-10-09T11:34:33Z,48.3600,-4.7800,1027.5,0,4.2485,-0.1372,01111011
EXSH0001,2016-10-09T11:39:33Z,48.3600,-4.7800,1027.5,0,4.2156,-0.1329,01111011
EXSH0001,2016-10-09T11:44:33Z,48.3600,-4.7800,1027.5,0,4.1659,-0.1376,01111011
EXSH0001,2016-10-09T11:49:33Z,48.3600,-4.7800,1027.5,0,4.1297,-0.1288,01111011
EXSH0001,2016-10-09T11:54:33Z,48.3600,-4.7800,1027.5,0,4.077,-0.1387,01111011
EXSH0001,2016-10-09T11:59:33Z,48.3600,-4.7800,1027.5,0,4.0162,-0.1623,01111011
EXSH0001,2016-10-09T12:04:33Z,48.3600,-4.7800,1027.1,0,3.9637,-0.1698,01111011
EXSH0001,2016-10-09T12:09:33Z,48.3600,-4.7800,1027.1,0,3.9414,-0.1471,01111011
EXSH0001,2016-10-09T12:14:33Z,48.3600,-4.7800,1027.1,0,3.9019,-0.1416,01111011
EXSH0001,2016-10-09T12:19:33Z,48.3600,-4.7800,1027.1,0,3.87,-0.1285,01111011
EXSH0001,2016-10-09T12:24:33Z,48.3600,-4.7800,1027.1,0,3.8434,-0.1101,01111011
EXSH0001,2016-10-09T12:29:33Z,48.3600,-4.7800,1027.1,0,3.8047,-0.1038,01111011
EXSH0001,2016-10-09T12:34:33Z,48.3600,-4.7800,1027.1,0,3.7541,-0.1208,01111011
EXSH0001,2016-10-09T12:39:33Z,48.3600,-4.7800,1027.1,0,3.6924,-0.1376,01111011
EXSH0001,2016-10-09T12:44:33Z,48.3600,-4.7800,1027.1,0,3.6406,-0.1443,01111011
EXSH0001,2016-10-09T12:49:33Z,48.3600,-4.7800,1027.1,0,3.5703,-0.173,01111011
EXSH0001,2016-10-09T12:54:33Z,48.3600,-4.7800,1027.1,0,3.5698,-0.1352,01111011
EXSH0001,2016-10-09T12:59:33Z,48.3600,-4.7800,1027.1,0,3.5576,-0.1024,01111011
EXSH0001,2016-10-09T13:04:33Z,48.3600,-4.7800,1026.5,0,3.4885,-0.1264,01111011
EXSH0001,2016-10-09T13:09:33Z,48.3600,-4.7800,1026.5,0,3.4593,-0.1107,01111011
EXSH0001,2016-10-09T13:14:33Z,48.3600,-4.7800,1026.5,0,3.4077,-0.1256,01111011
EXSH0001,2016-10-09T13:19:33Z,48.3600,-4.7800,1026.5,0,3.344,-0.146,01111011
EXSH0001,2016-10-09T13:24:33Z,48.3600,-4.7800,1026.5,0,3.3175,-0.1275,01111011
EXSH0001,2016-10-09T13:29:33Z,48.3600,-4.7800,1026.5,0,3.2907,-0.1193,01111011
EXSH0001,2016-10-09T13:34:33Z,48.3600,-4.7800,1026.5,0,3.2504,-0.1306,01111011
EXSH0001,2016-10-09T13:39:33Z,48.3600,-4.7800,1026.5,0,3.2201,-0.1214,01111011
EXSH0001,2016-10-09T13:44:33Z,48.3600,-4.7800,1026.5,0,3.1887,-0.1178,01111011
EXSH0001,2016-10-09T13:49:33Z,48.3600,-4.7800,1026.5,0,3.146,-0.125,01111011
EXSH0001,2016-10-09T13:54:33Z,48.3600,-4.7800,1026.5,0,3.1015,-0.135,01111011
EXSH0001,2016-10-09T13:59:33Z,48.3600,-4.7800,1026.5,0,3.0667,-0.1343,01111011
EXSH0001,2016-10-09T14:04:33Z,48.3600,-4.7800,1026.7,0,3.0492,-0.1218,01111011
EXSH0001,2016-10-09T14:09:33Z,48.3600,-4.7800,1026.7,0,3.0058,-0.1352,01111011
EXSH0001,2016-10-09T14:14:33Z,48.3600,-4.7800,1026.7,0,2.9948,-0.1162,01111011
EXSH0001,2016-10-09T14:19:33Z,48.3600,-4.7800,1026.7,0,2.9714,-0.1191,01111011
EXSH0001,2016-10-09T14:24:33Z,48.3600,-4.7800,1026.7,0,2.91,-0.151,01111011
EXSH0001,2016-10-09T14:29:33Z,48.3600,-4.7800,1026.7,0,2.9298,-0.1107,01111011
EXSH0001,2016-10-09T14:34:33Z,48.3600,-4.7800,1026.7,0,2.9039,-0.1152,01111011
EXSH0001,2016-10-09T14:39:33Z,48.3600,-4.7800,1026.7,0,2.9047,-0.0994,01111011
EXSH0001,2016-10-09T14:44:33Z,48.3600,-4.7800,1026.7,0,2.8782,-0.1109,01111011
EXSH0001,2016-10-09T14:49:33Z,48.3600,-4.7800,1026.7,0,2.8587,-0.1154,01111011
EXSH0001,2016-10-09T14:54:33Z,48.3600,-4.7800,1026.7,0,2.8687,-0.0904,01111011
EXSH0001,2016-10-09T14:59:33Z,48.3600,-4.7800,1026.7,0,2.8209,-0.1232,01111011
EXSH0001,2016-10-09T15:04:33Z,48.3600,-4.7800,1026.4,0,2.8213,-0.1087,01111011
EXSH0001,2016-10-09T15:09:33Z,48.3600,-4.7800,1026.4,0,2.8069,-0.1172,01111011
EXSH0001,2016-10-09T15:14:33Z,48.3600,-4.7800,1026.4,0,2.824,-0.096,01111011
EXSH0001,2016-10-09T15:19:33Z,48.3600,-4.7800,1026.4,0,2.8357,-0.0784,01111011
EXSH0001,2016-10-09T15:24:33Z,48.3600,-4.7800,1026.4,0,2.8152,-0.0948,01111011
EXSH0001,2016-10-09T15:29:33Z,48.3600,-4.7800,1026.4,0,2.8325,-0.0775,01111011
EXSH0001,2016-10-09T15:34:33Z,48.3600,-4.7800,1026.4,0,2.812,-0.105,01111011
EXSH0001,2016-10-09T15:39:33Z,48.3600,-4.7800,1026.4,0,2.8194,-0.1006,01111011
EXSH0001,2016-10-09T15:44:33Z,48.3600,-4.7800,1026.4,0,2.823,-0.1041,01111011
EXSH0001,2016-10-09T15:49:33Z,48.3600,-4.7800,1026.4,0,2.8247,-0.1074,01111011
EXSH0001,2016-10-09T15:54:33Z,48.3600,-4.7800,1026.4,0,2.8124,-0.1347,01111011
EXSH0001,2016-10-09T15:59:33Z,48.3600,-4.7800,1026.4,0,2.8337,-0.1284,01111011
EXSH0001,2016-10-09T16:04:33Z,48.3600,-4.7800,1026.3,0,2.8624,-0.1146,01111011
EXSH0001,2016-10-09T16:09:33Z,48.3600,-4.7800,1026.3,0,2.9056,-0.0885,01111011
EXSH0001,2016-10-09T16:14:33Z,48.3600,-4.7800,1026.3,0,2.9079,-0.1091,01111011
EXSH0001,2016-10-09T16:19:33Z,48.3600,-4.7800,1026.3,0,2.918,-0.1161,01111011
EXSH0001,2016-10-09T16:24:33Z,48.3600,-4.7800,1026.3,0,2.9232,-0.1409,01111011
EXSH0001,2016-10-09T16:29:33Z,48.3600,-4.7800,1026.3,0,2.9463,-0.1458,01111011
EXSH0001,2016-10-09T16:34:33Z,48.3600,-4.7800,1026.3,0,2.9827,-0.1237,01111011
EXSH0001,2016-10-09T16:39:33Z,48.3600,-4.7800,1026.3,0,2.9764,-0.16,01111011
EXSH0001,2016-10-09T16:44:33Z,48.3600,-4.7800,1026.3,0,3.023,-0.1534,01111011
EXSH0001,2016-10-09T16:49:33Z,48.3600,-4.7800,1026.3,0,3.0692,-0.1372,01111011
EXSH0001,2016-10-09T16:54:33Z,48.3600,-4.7800,1026.3,0,3.1242,-0.1154,01111011
EXSH0001,2016-10-09T16:59:33Z,48.3600,-4.7800,1026.3,0,3.1488,-0.1276,01111011
EXSH0001,2016-10-09T17:04:33Z,48.3600,-4.7800,1026.3,0,3.2106,-0.1058,01111011
EXSH0001,2016-10-09T17:09:33Z,48.3600,-4.7800,1026.3,0,3.2407,-0.1139,01111011
EXSH0001,2016-10-09T17:14:33Z,48.3600,-4.7800,1026.3,0,3.2294,-0.167,01111011
EXSH0001,2016-10-09T17:19:33Z,48.3600,-4.7800,1026.3,0,3.3057,-0.1289,01111011
EXSH0001,2016-10-09T17:24:33Z,48.3600,-4.7800,1026.3,0,3.3295,-0.1501,01111011
EXSH0001,2016-10-09T17:29:33Z,48.3600,-4.7800,1026.3,0,3.363,-0.1616,01111011
EXSH0001,2016-10-09T17:34:33Z,48.3600,-4.7800,1026.3,0,3.4113,-0.1475,01111011
EXSH0001,2016-10-09T17:39:33Z,48.3600,-4.7800,1026.3,0,3.4549,-0.1489,01111011
EXSH0001,2016-10-09T17:44:33Z,48.3600,-4.7800,1026.3,0,3.4972,-0.1516,01111011
EXSH0001,2016-10-09T17:49:33Z,48.3600,-4.7800,1026.3,0,3.545,-0.1488,01111011
EXSH0001,2016-10-09T17:54:33Z,48.3600,-4.7800,1026.3,0,3.6111,-0.1277,01111011
EXSH0001,2016-10-09T17:59:33Z,48.3600,-4.7800,1026.3,0,3.6383,-0.1455,01111011
EXSH0001,2016-10-09T18:04:33Z,48.3600,-4.7800,1026.7,0,3.6747,-0.1541,01111011
EXSH0001,2016-10-09T18:09:33Z,48.3600,-4.7800,1026.7,0,3.731,-0.1428,01111011
EXSH0001,2016-10-09T18:14:33Z,48.3600,-4.7800,1026.7,0,3.7587,-0.1601,01111011
EXSH0001,2016-10-09T18:19:33Z,48.3600,-4.7800,1026.7,0,3.8036,-0.1602,01111011
EXSH0001,2016-10-09T18:24:33Z,48.3600,-4.7800,1026.7,0,3.8664,-0.1424,01111011
EXSH0001,2016-10-09T18:29:33Z,48.3600,-4.7800,1026.7,0,3.9219,-0.1319,01111011
EXSH0001,2016-10-09T18:34:33Z,48.3600,-4.7800,1026.7,0,3.9491,-0.1383,01111011
EXSH0001,2016-10-09T18:39:33Z,48.3600,-4.7800,1026.7,0,3.9901,-0.1423,01111011
EXSH0001,2016-10-09T18:44:33Z,48.3600,-4.7800,1026.7,0,4.0379,-0.1395,01111011
EXSH0001,2016-10-09T18:49:33Z,48.3600,-4.7800,1026.7,0,4.0701,-0.1523,01111011
EXSH0001,2016-10-09T18:54:33Z,48.3600,-4.7800,1026.7,0,4.1179,-0.1495,01111011
EXSH0001,2016-10-09T18:59:33Z,48.3600,-4.7800,1026.7,0,4.1614,-0.151,01111011
EXSH0001,2016-10-09T19:04:33Z,48.3600,-4.7800,1027.2,0,4.1848,-0.1726,01111011
EXSH0001,2016-10-09T19:09:33Z,48.3600,-4.7800,1027.2,0,4.2311,-0.1713,01111011
EXSH0001,2016-10-09T19:14:33Z,48.3600,-4.7800,1027.2,0,4.287,-0.1604,01111011
EXSH0001,2016-10-09T19:19:33Z,48.3600,-4.7800,1027.2,0,4.3293,-0.1531,01111011
EXSH0001,2016-10-09T19:24:33Z,48.3600,-4.7800,1027.2,0,4.3761,-0.1513,01111011
EXSH0001,2016-10-09T19:29:33Z,48.3600,-4.7800,1027.2,0,4.4042,-0.1674,01111011
EXSH0001,2016-10-09T19:34:33Z,48.3600,-4.7800,1027.2,0,4.4563,-0.1402,01111011
EXSH0001,2016-10-09T19:39:33Z,48.3600,-4.7800,1027.2,0,4.5023,-0.132,01111011
EXSH0001,2016-10-09T19:44:33Z,48.3600,-4.7800,1027.2,0,4.5269,-0.1474,01111011
EXSH0001,2016-10-09T19:49:33Z,48.3600,-4.7800,1027.2,0,4.5625,-0.1418,01111011
EXSH0001,2016-10-09T19:54:33Z,48.3600,-4.7800,1027.2,0,4.5977,-0.1466,01111011
EXSH0001,2016-10-09T19:59:33Z,48.3600,-4.7800,1027.2,0,4.5996,-0.1747,01111011
EXSH0001,2016-10-09T20:04:33Z,48.3600,-4.7800,1027.4,0,4.6553,-0.149,01111011
EXSH0001,2016-10-09T20:09:33Z,48.3600,-4.7800,1027.4,0,4.6926,-0.1417,01111011
EXSH0001,2016-10-09T20:14:33Z,48.3600,-4.7800,1027.4,0,4.7014,-0.1629,01111011
EXSH0001,2016-10-09T20:19:33Z,48.3600,-4.7800,1027.4,0,4.7035,-0.1836,01111011
EXSH0001,2016-10-09T20:24:33Z,48.3600,-4.7800,1027.4,0,4.7304,-0.1818,01111011
EXSH0001,2016-10-09T20:29:33Z,48.3600,-4.7800,1027.4,0,4.7599,-0.1744,01111011
EXSH0001,2016-10-09T20:34:33Z,48.3600,-4.7800,1027.4,0,4.7895,-0.1589,01111011
EXSH0001,2016-10-09T20:39:33Z,48.3600,-4.7800,1027.4,0,4.8363,-0.1371,01111011
EXSH0001,2016-10-09T20:44:33Z,48.3600,-4.7800,1027.4,0,4.8463,-0.142,01111011
EXSH0001,2016-10-09T20:49:33Z,48.3600,-4.7800,1027.4,0,4.8438,-0.1596,01111011
EXSH0001,2016-10-09T20:54:33Z,48.3600,-4.7800,1027.4,0,4.8507,-0.1593,01111011
EXSH0001,2016-10-09T20:59:33Z,48.3600,-4.7800,1027.4,0,4.8722,-0.1511,01111011
EXSH0001,2016-10-09T21:04:33Z,48.3600,-4.7800,1027.6,0,4.8919,-0.1381,01111011
EXSH0001,2016-10-09T21:09:33Z,48.3600,-4.7800,1027.6,0,4.8854,-0.1546,01111011
EXSH0001,2016-10-09T21:14:33Z,48.3600,-4.7800,1027.6,0,4.9116,-0.1284,01111011
EXSH0001,2016-10-09T21:19:33Z,48.3600,-4.7800,1027.6,0,4.8963,-0.1437,01111011
EXSH0001,2016-10-09T21:24:33Z,48.3600,-4.7800,1027.6,0,4.901,-0.139,01111011
EXSH0001,2016-10-09T21:29:33Z,48.3600,-4.7800,1027.6,0,4.8907,-0.1493,01111011
EXSH0001,2016-10-09T21:34:33Z,48.3600,-4.7800,1027.6,0,4.8825,-0.1575,01111011
EXSH0001,2016-10-09T21:39:33Z,48.3600,-4.7800,1027.6,0,4.8923,-0.1382,01111011
EXSH0001,2016-10-09T21:44:33Z,48.3600,-4.7800,1027.6,0,4.8719,-0.1536,01111011
EXSH0001,2016-10-09T21:49:33Z,48.3600,-4.7800,1027.6,0,4.859,-0.161,01111011
EXSH0001,2016-10-09T21:54:33Z,48.3600,-4.7800,1027.6,0,4.8429,-0.1626,01111011
EXSH0001,2016-10-09T21:59:33Z,48.3600,-4.7800,1027.6,0,4.8603,-0.1302,01111011
EXSH0001,2016-10-09T22:04:33Z,48.3600,-4.7800,1027.4,0,4.8613,-0.1142,01111011
EXSH0001,2016-10-09T22:09:33Z,48.3600,-4.7800,1027.4,0,4.8668,-0.0937,01111011
EXSH0001,2016-10-09T22:14:33Z,48.3600,-4.7800,1027.4,0,4.8448,-0.1007,01111011
EXSH0001,2016-10-09T22:19:33Z,48.3600,-4.7800,1027.4,0,4.7977,-0.1328,01111011
EXSH0001,2016-10-09T22:24:33Z,48.3600,-4.7800,1027.4,0,4.7881,-0.1174,01111011
EXSH0001,2016-10-09T22:29:33Z,48.3600,-4.7800,1027.4,0,4.7703,-0.1202,01111011
EXSH0001,2016-10-09T22:34:33Z,48.3600,-4.7800,1027.4,0,4.7749,-0.0942,01111011
EXSH0001,2016-10-09T22:39:33Z,48.3600,-4.7800,1027.4,0,4.7359,-0.1123,01111011
EXSH0001,2016-10-09T22:44:33Z,48.3600,-4.7800,1027.4,0,4.7052,-0.123,01111011
EXSH0001,2016-10-09T22:49:33Z,48.3600,-4.7800,1027.4,0,4.6907,-0.1075,01111011
EXSH0001,2016-10-09T22:54:33Z,48.3600,-4.7800,1027.4,0,4.6558,-0.1133,01111011
EXSH0001,2016-10-09T22:59:33Z,48.3600,-4.7800,1027.4,0,4.6495,-0.0987,01111011
EXSH0001,2016-10-09T23:04:33Z,48.3600,-4.7800,1027.1,0,4.6193,-0.0989,01111011
EXSH0001,2016-10-09T23:09:33Z,48.3600,-4.7800,1027.1,0,4.5847,-0.1035,01111011
EXSH0001,2016-10-09T23:14:33Z,48.3600,-4.7800,1027.1,0,4.5576,-0.1006,01111011
EXSH0001,2016-10-09T23:19:33Z,48.3600,-4.7800,1027.1,0,4.5188,-0.1094,01111011
EXSH0001,2016-10-09T23:24:33Z,48.3600,-4.7800,1027.1,0,4.4909,-0.1073,01111011
EXSH0001,2016-10-09T23:29:33Z,48.3600,-4.7800,1027.1,0,4.4586,-0.1096,01111011
EXSH0001,2016-10-09T23:34:33Z,48.3600,-4.7800,1027.1,0,4.4239,-0.122,01111011
EXSH0001,2016-10-09T23:39:33Z,48.3600,-4.7800,1027.1,0,4.3752,-0.1407,01111011
EXSH0001,2016-10-09T23:44:33Z,48.3600,-4.7800,1027.1,0,4.3598,-0.1261,01111011
EXSH0001,2016-10-09T23:49:33Z,48.3600,-4.7800,1027.1,0,4.3301,-0.1238,01111011
EXSH0001,2016-10-09T23:54:33Z,48.3600,-4.7800,1027.1,0,4.3082,-0.1077,01111011
EXSH0001,2016-10-09T23:59:33Z,48.3600,-4.7800,1027.1,0,4.2811,-0.1048,01111011
EXSH0001,2016-10-10T00:04:33Z,48.3600,-4.7800,1027,0,4.2414,-0.1075,01111011
EXSH0001,2016-10-10T00:09:33Z,48.3600,-4.7800,1027,0,4.2027,-0.1132,01111011
EXSH0001,2016-10-10T00:14:33Z,48.3600,-4.7800,1027,0,4.169,-0.1169,01111011
EXSH0001,2016-10-10T00:19:33Z,48.3600,-4.7800,1027,0,4.1434,-0.1025,01111011
EXSH0001,2016-10-10T00:24:33Z,48.3600,-4.7800,1027,0,4.1112,-0.0976,01111011
EXSH0001,2016-10-10T00:29:33Z,48.3600,-4.7800,1027,0,4.0685,-0.1053,01111011
EXSH0001,2016-10-10T00:34:33Z,48.3600,-4.7800,1027,0,4.0517,-0.1019,01111011
EXSH0001,2016-10-10T00:39:33Z,48.3600,-4.7800,1027,0,4.0017,-0.1137,01111011
EXSH0001,2016-10-10T00:44:33Z,48.3600,-4.7800,1027,0,3.9655,-0.1181,01111011
EXSH0001,2016-10-10T00:49:33Z,48.3600,-4.7800,1027,0,3.9322,-0.1132,01111011
EXSH0001,2016-10-10T00:54:33Z,48.3600,-4.7800,1027,0,3.8935,-0.1169,01111011
EXSH0001,2016-10-10T00:59:33Z,48.3600,-4.7800,1027,0,3.8659,-0.1077,01111011
EXSH0001,2016-10-10T01:04:33Z,48.3600,-4.7800,1026.7,0,3.8283,-0.1053,01111011
EXSH0001,2016-10-10T01:09:33Z,48.3600,-4.7800,1026.7,0,3.7864,-0.109,01111011
EXSH0001,2016-10-10T01:14:33Z,48.3600,-4.7800,1026.7,0,3.7455,-0.1149,01111011
EXSH0001,2016-10-10T01:19:33Z,48.3600,-4.7800,1026.7,0,3.7056,-0.118,01111011
EXSH0001,2016-10-10T01:24:33Z,48.3600,-4.7800,1026.7,0,3.6837,-0.0999,01111011
EXSH0001,2016-10-10T01:29:33Z,48.3600,-4.7800,1026.7,0,3.6613,-0.0841,01111011
EXSH0001,2016-10-10T01:34:33Z,48.3600,-4.7800,1026.7,0,3.6115,-0.1093,01111011
EXSH0001,2016-10-10T01:39:33Z,48.3600,-4.7800,1026.7,0,3.6017,-0.0791,01111011
EXSH0001,2016-10-10T01:44:33Z,48.3600,-4.7800,1026.7,0,3.5493,-0.0919,01111011
EXSH0001,2016-10-10T01:49:33Z,48.3600,-4.7800,1026.7,0,3.4868,-0.124,01111011
EXSH0001,2016-10-10T01:54:33Z,48.3600,-4.7800,1026.7,0,3.4601,-0.1111,01111011
EXSH0001,2016-10-10T01:59:33Z,48.3600,-4.7800,1026.7,0,3.4121,-0.1287,01111011
EXSH0001,2016-10-10T02:04:33Z,48.3600,-4.7800,1026,0,3.3733,-0.1375,01111011
EXSH0001,2016-10-10T02:09:33Z,48.3600,-4.7800,1026,0,3.3575,-0.1133,01111011
EXSH0001,2016-10-10T02:14:33Z,48.3600,-4.7800,1026,0,3.3277,-0.1131,01111011
EXSH0001,2016-10-10T02:19:33Z,48.3600,-4.7800,1026,0,3.3151,-0.0957,01111011
EXSH0001,2016-10-10T02:24:33Z,48.3600,-4.7800,1026,0,3.2704,-0.1104,01111011
EXSH0001,2016-10-10T02:29:33Z,48.3600,-4.7800,1026,0,3.2319,-0.1189,01111011
EXSH0001,2016-10-10T02:34:33Z,48.3600,-4.7800,1026,0,3.2265,-0.1019,01111011
EXSH0001,2016-10-10T02:39:33Z,48.3600,-4.7800,1026,0,3.1947,-0.1137,01111011
EXSH0001,2016-10-10T02:44:33Z,48.3600,-4.7800,1026,0,3.1859,-0.0925,01111011
EXSH0001,2016-10-10T02:49:33Z,48.3600,-4.7800,1026,0,3.1588,-0.0996,01111011
EXSH0001,2016-10-10T02:54:33Z,48.3600,-4.7800,1026,0,3.1359,-0.0983,01111011
EXSH0001,2016-10-10T02:59:33Z,48.3600,-4.7800,1026,0,3.1095,-0.0997,01111011
EXSH0001,2016-10-10T03:04:33Z,48.3600,-4.7800,1025.7,0,3.0741,-0.1201,01111011
EXSH0001,2016-10-10T03:09:33Z,48.3600,-4.7800,1025.7,0,3.0669,-0.1023,01111011
EXSH0001,2016-10-10T03:14:33Z,48.3600,-4.7800,1025.7,0,3.0383,-0.1159,01111011
EXSH0001,2016-10-10T03:19:33Z,48.3600,-4.7800,1025.7,0,3.0081,-0.1311,01111011
EXSH0001,2016-10-10T03:24:33Z,48.3600,-4.7800,1025.7,0,3.0074,-0.1168,01111011
EXSH0001,2016-10-10T03:29:33Z,48.3600,-4.7800,1025.7,0,3.0024,-0.1168,01111011
EXSH0001,2016-10-10T03:34:33Z,48.3600,-4.7800,1025.7,0,3.0065,-0.1014,01111011
EXSH0001,2016-10-10T03:39:33Z,48.3600,-4.7800,1025.7,0,2.999,-0.101,01111011
EXSH0001,2016-10-10T03:44:33Z,48.3600,-4.7800,1025.7,0,2.9937,-0.0963,01111011
EXSH0001,2016-10-10T03:49:33Z,48.3600,-4.7800,1025.7,0,2.9882,-0.0946,01111011
EXSH0001,2016-10-10T03:54:33Z,48.3600,-4.7800,1025.7,0,2.9772,-0.1028,01111011
EXSH0001,2016-10-10T03:59:33Z,48.3600,-4.7800,1025.7,0,2.9941,-0.0859,01111011
EXSH0001,2016-10-10T04:04:33Z,48.3600,-4.7800,1025.4,0,2.9759,-0.1041,01111011
EXSH0001,2016-10-10T04:09:33Z,48.3600,-4.7800,1025.4,0,2.9946,-0.0854,01111011
EXSH0001,2016-10-10T04:14:33Z,48.3600,-4.7800,1025.4,0,2.9839,-0.0983,01111011
EXSH0001,2016-10-10T04:19:33Z,48.3600,-4.7800,1025.4,0,2.9777,-0.1123,01111011
EXSH0001,2016-10-10T04:24:33Z,48.3600,-4.7800,1025.4,0,2.995,-0.105,01111011
EXSH0001,2016-10-10T04:29:33Z,48.3600,-4.7800,1025.4,0,2.9984,-0.1087,01111011
EXSH0001,2016-10-10T05:35:33Z,48.3600,-4.7800,,0,3.2762,-0.1088,01119011
EXSH0001,2016-10-10T05:40:33Z,48.3600,-4.7800,,0,3.3111,-0.1039,01119011
EXSH0001,2016-10-10T05:45:33Z,48.3600,-4.7800,,0,3.3584,-0.0941,01119011
EXSH0001,2016-10-10T05:50:33Z,48.3600,-4.7800,,0,3.3855,-0.0995,01119011
EXSH0001,2016-10-10T05:55:33Z,48.3600,-4.7800,,0,3.425,-0.0975,01119011
EXSH0001,2016-10-10T06:00:33Z,48.3600,-4.7800,1025.4,0,3.4601,-0.0949,01111011
EXSH0001,2016-10-10T06:05:33Z,48.3600,-4.7800,1025.4,0,3.4894,-0.1031,01111011
EXSH0001,2016-10-10T06:10:33Z,48.3600,-4.7800,1025.4,0,3.5147,-0.1128,01111011
EXSH0001,2016-10-10T06:15:33Z,48.3600,-4.7800,1025.4,0,3.563,-0.1095,01111011
EXSH0001,2016-10-10T06:20:33Z,48.3600,-4.7800,1025.4,0,3.6068,-0.1007,01111011
EXSH0001,2016-10-10T06:25:33Z,48.3600,-4.7800,1025.4,0,3.6441,-0.1009,01111011
EXSH0001,2016-10-10T06:30:33Z,48.3600,-4.7800,1025.4,0,3.708,-0.0795,01111011
EXSH0001,2016-10-10T06:35:33Z,48.3600,-4.7800,1025.4,0,3.7467,-0.075,01111011
EXSH0001,2016-10-10T06:40:33Z,48.3600,-4.7800,1025.4,0,3.772,-0.0858,01111011
EXSH0001,2016-10-10T06:45:33Z,48.3600,-4.7800,1025.4,0,3.8098,-0.0919,01111011
EXSH0001,2016-10-10T06:50:33Z,48.3600,-4.7800,1025.4,0,3.8488,-0.0979,01111011
EXSH0001,2016-10-10T06:55:33Z,48.3600,-4.7800,1025.4,0,3.902,-0.0858,01111011
EXSH0001,2016-10-10T07:00:33Z,48.3600,-4.7800,1025.5,0,3.9463,-0.0804,01111011
EXSH0001,2016-10-10T07:05:33Z,48.3600,-4.7800,1025.5,0,3.978,-0.0937,01111011
EXSH0001,2016-10-10T07:10:33Z,48.3600,-4.7800,1025.5,0,4.0193,-0.0974,01111011
EXSH0001,2016-10-10T07:15:33Z,48.3600,-4.7800,1025.5,0,4.0602,-0.1015,01111011
EXSH0001,2016-10-10T07:20:33Z,48.3600,-4.7800,1025.5,0,4.1025,-0.1042,01111011
EXSH0001,2016-10-10T07:25:33Z,48.3600,-4.7800,1025.5,0,4.1481,-0.1036,01111011
EXSH0001,2016-10-10T07:30:33Z,48.3600,-4.7800,1025.5,0,4.1902,-0.0976,01111011
EXSH0001,2016-10-10T07:35:33Z,48.3600,-4.7800,1025.5,0,4.2207,-0.0995,01111011
EXSH0001,2016-10-10T07:40:33Z,48.3600,-4.7800,1025.5,0,4.2835,-0.0816,01111011
EXSH0001,2016-10-10T07:45:33Z,48.3600,-4.7800,1025.5,0,4.3333,-0.0768,01111011
EXSH0001,2016-10-10T07:50:33Z,48.3600,-4.7800,1025.5,0,4.3629,-0.0922,01111011
EXSH0001,2016-10-10T07:55:33Z,48.3600,-4.7800,1025.5,0,4.392,-0.1081,01111011
EXSH0001,2016-10-10T08:00:33Z,48.3600,-4.7800,1025.5,0,4.4115,-0.1236,01111011
EXSH0001,2016-10-10T08:05:33Z,48.3600,-4.7800,1025.5,0,4.4379,-0.1422,01111011
EXSH0001,2016-10-10T08:10:33Z,48.3600,-4.7800,1025.5,0,4.5013,-0.1188,01111011
EXSH0001,2016-10-10T08:15:33Z,48.3600,-4.7800,1025.5,0,4.5696,-0.0906,01111011
EXSH0001,2016-10-10T08:20:33Z,48.3600,-4.7800,1025.5,0,4.6041,-0.096,01111011
EXSH0001,2016-10-10T08:25:33Z,48.3600,-4.7800,1025.5,0,4.6301,-0.11,01111011
EXSH0001,2016-10-10T08:30:33Z,48.3600,-4.7800,1025.5,0,4.6589,-0.1112,01111011
EXSH0001,2016-10-10T08:35:33Z,48.3600,-4.7800,1025.5,0,4.6998,-0.0988,01111011
EXSH0001,2016-10-10T08:40:33Z,48.3600,-4.7800,1025.5,0,4.7505,-0.0819,01111011
EXSH0001,2016-10-10T08:45:33Z,48.3600,-4.7800,1025.5,0,4.7907,-0.0717,01111011
EXSH0001,2016-10-10T08:50:33Z,48.3600,-4.7800,1025.5,0,4.8019,-0.1005,01111011
EXSH0001,2016-10-10T08:55:33Z,48.3600,-4.7800,1025.5,0,4.8369,-0.0955,01111011
EXSH0001,2016-10-10T09:00:33Z,48.3600,-4.7800,1025.4,0,4.8474,-0.105,01111011
EXSH0001,2016-10-10T09:05:33Z,48.3600,-4.7800,1025.4,0,4.8849,-0.0975,01111011
EXSH0001,2016-10-10T09:10:33Z,48.3600,-4.7800,1025.4,0,4.9004,-0.1108,01111011
EXSH0001,2016-10-10T09:15:33Z,48.3600,-4.7800,1025.4,0,4.9344,-0.098,01111011
EXSH0001,2016-10-10T09:20:33Z,48.3600,-4.7800,1025.4,0,4.9363,-0.1149,01111011
EXSH0001,2016-10-10T09:25:33Z,48.3600,-4.7800,1025.4,0,4.9504,-0.122,01111011
EXSH0001,2016-10-10T09:30:33Z,48.3600,-4.7800,1025.4,0,4.9609,-0.1303,01111011
EXSH0001,2016-10-10T09:35:33Z,48.3600,-4.7800,1025.4,0,4.9751,-0.1275,01111011
EXSH0001,2016-10-10T09:40:33Z,48.3600,-4.7800,1025.4,0,5.0325,-0.0851,01111011
EXSH0001,2016-10-10T09:45:33Z,48.3600,-4.7800,1025.4,0,5.0581,-0.0645,01111011
EXSH0001,2016-10-10T09:50:33Z,48.3600,-4.7800,1025.4,0,5.0823,-0.0553,01111011
EXSH0001,2016-10-10T09:55:33Z,48.3600,-4.7800,1025.4,0,5.0565,-0.0861,01111011
EXSH0001,2016-10-10T10:00:33Z,48.3600,-4.7800,1025.2,0,5.0683,-0.0817,01111011
EXSH0001,2016-10-10T10:05:33Z,48.3600,-4.7800,1025.2,0,5.0513,-0.1013,01111011
EXSH0001,2016-10-10T10:10:33Z,48.3600,-4.7800,1025.2,0,5.0327,-0.1273,01111011
EXSH0001,2016-10-10T10:15:33Z,48.3600,-4.7800,1025.2,0,5.0422,-0.1178,01111011
EXSH0001,2016-10-10T10:20:33Z,48.3600,-4.7800,1025.2,0,5.0371,-0.1229,01111011
EXSH0001,2016-10-10T10:25:33Z,48.3600,-4.7800,1025.2,0,5.0404,-0.1096,01111011
EXSH0001,2016-10-10T10:30:33Z,48.3600,-4.7800,1025.2,0,5.0521,-0.0979,01111011
EXSH0001,2016-10-10T10:35:33Z,48.3600,-4.7800,1025.2,0,5.0485,-0.0927,01111011
EXSH0001,2016-10-10T10:40:33Z,48.3600,-4.7800,1025.2,0,5.0184,-0.1178,01111011
EXSH0001,2016-10-10T10:45:33Z,48.3600,-4.7800,1025.2,0,5.0188,-0.1024,01111011
EXSH0001,2016-10-10T10:50:33Z,48.3600,-4.7800,1025.2,0,5.0019,-0.1143,01111011
EXSH0001,2016-10-10T10:55:33Z,48.3600,-4.7800,1025.2,0,4.9685,-0.1327,01111011
EXSH0001,2016-10-10T11:00:33Z,48.3600,-4.7800,1024.8,0,4.948,-0.1382,01111011
EXSH0001,2016-10-10T11:05:33Z,48.3600,-4.7800,1024.8,0,4.9179,-0.1533,01111011
EXSH0001,2016-10-10T11:10:33Z,48.3600,-4.7800,1024.8,0,4.8822,-0.164,01111011
EXSH0001,2016-10-10T11:15:33Z,48.3600,-4.7800,1024.8,0,4.8805,-0.1507,01111011
EXSH0001,2016-10-10T11:20:33Z,48.3600,-4.7800,1024.8,0,4.8747,-0.1377,01111011
EXSH0001,2016-10-10T11:25:33Z,48.3600,-4.7800,1024.8,0,4.853,-0.1382,01111011
EXSH0001,2016-10-10T11:30:33Z,48.3600,-4.7800,1024.8,0,4.8368,-0.1256,01111011
EXSH0001,2016-10-10T11:35:33Z,48.3600,-4.7800,1024.8,0,4.8158,-0.1291,01111011
EXSH0001,2016-10-10T11:40:33Z,48.3600,-4.7800,1024.8,0,4.7831,-0.1366,01111011
EXSH0001,2016-10-10T11:45:33Z,48.3600,-4.7800,1024.8,0,4.7564,-0.1333,01111011
EXSH0001,2016-10-10T11:50:33Z,48.3600,-4.7800,1024.8,0,4.7241,-0.1356,01111011
EXSH0001,2016-10-10T11:55:33Z,48.3600,-4.7800,1024.8,0,4.6866,-0.1431,01111011
EXSH0001,2016-10-10T12:00:33Z,48.3600,-4.7800,1024.1,0,4.6638,-0.1359,01111011
EXSH0001,2016-10-10T12:05:33Z,48.3600,-4.7800,1024.1,0,4.6405,-0.1292,01111011
EXSH0001,2016-10-10T12:10:33Z,48.3600,-4.7800,1024.1,0,4.6128,-0.1269,01111011
EXSH0001,2016-10-10T12:15:33Z,48.3600,-4.7800,1024.1,0,4.5706,-0.1339,01111011
EXSH0001,2016-10-10T12:20:33Z,48.3600,-4.7800,1024.1,0,4.5237,-0.146,01111011
EXSH0001,2016-10-10T12:25:33Z,48.3600,-4.7800,1024.1,0,4.4903,-0.1443,01111011
EXSH0001,2016-10-10T12:30:33Z,48.3600,-4.7800,1024.1,0,4.4452,-0.1544,01111011
EXSH0001,2016-10-10T12:35:33Z,48.3600,-4.7800,1024.1,0,4.4071,-0.1602,01111011
EXSH0001,2016-10-10T12:40:33Z,48.3600,-4.7800,1024.1,0,4.3971,-0.1338,01111011
EXSH0001,2016-10-10T12:45:33Z,48.3600,-4.7800,1024.1,0,4.3566,-0.1394,01111011
EXSH0001,2016-10-10T12:50:33Z,48.3600,-4.7800,1024.1,0,4.3199,-0.1311,01111011
EXSH0001,2016-10-10T12:55:33Z,48.3600,-4.7800,1024.1,0,4.2941,-0.1132,01111011
EXSH0001,2016-10-10T13:00:33Z,48.3600,-4.7800,1023.5,0,4.2613,-0.1097,01111011
EXSH0001,2016-10-10T13:05:33Z,48.3600,-4.7800,1023.5,0,4.207,-0.1189,01111011
EXSH0001,2016-10-10T13:10:33Z,48.3600,-4.7800,1023.5,0,4.1643,-0.1166,01111011
EXSH0001,2016-10-10T13:15:33Z,48.3600,-4.7800,1023.5,0,4.148,-0.088,01111011
EXSH0001,2016-10-10T13:20:33Z,48.3600,-4.7800,1023.5,0,4.1006,-0.0903,01111011
EXSH0001,2016-10-10T13:25:33Z,48.3600,-4.7800,1023.5,0,4.0501,-0.1045,01111011
EXSH0001,2016-10-10T13:30:33Z,48.3600,-4.7800,1023.5,0,4.0118,-0.0892,01111011
EXSH0001,2016-10-10T13:35:33Z,48.3600,-4.7800,1023.5,0,3.9705,-0.097,01111011
EXSH0001,2016-10-10T13:40:33Z,48.3600,-4.7800,1023.5,0,3.9452,-0.0773,01111011
EXSH0001,2016-10-10T13:45:33Z,48.3600,-4.7800,1023.5,0,3.8961,-0.0814,01111011
EXSH0001,2016-10-10T13:50:33Z,48.3600,-4.7800,1023.5,0,3.8675,-0.065,01111011
EXSH0001,2016-10-10T13:55:33Z,48.3600,-4.7800,1023.5,0,3.8057,-0.0818,01111011
EXSH0001,2016-10-10T14:00:33Z,48.3600,-4.7800,1022.9,0,3.7559,-0.0866,01111011
EXSH0001,2016-10-10T14:05:33Z,48.3600,-4.7800,1022.9,0,3.7305,-0.067,01111011
EXSH0001,2016-10-10T14:10:33Z,48.3600,-4.7800,1022.9,0,3.6854,-0.0671,01111011
EXSH0001,2016-10-10T14:15:33Z,48.3600,-4.7800,1022.9,0,3.6551,-0.0524,01111011
EXSH0001,2016-10-10T14:20:33Z,48.3600,-4.7800,1022.9,0,3.5934,-0.0691,01111011
EXSH0001,2016-10-10T14:25:33Z,48.3600,-4.7800,1022.9,0,3.5323,-0.0852,01111011
EXSH0001,2016-10-10T14:30:33Z,48.3600,-4.7800,1022.9,0,3.5118,-0.0632,01111011
EXSH0001,2016-10-10T14:35:33Z,48.3600,-4.7800,1022.9,0,3.4642,-0.0841,01111011
EXSH0001,2016-10-10T14:40:33Z,48.3600,-4.7800,1022.9,0,3.4362,-0.0671,01111011
EXSH0001,2016-10-10T14:45:33Z,48.3600,-4.7800,1022.9,0,3.4211,-0.0411,01111011
EXSH0001,2016-10-10T14:50:33Z,48.3600,-4.7800,1022.9,0,3.3521,-0.0712,01111011
EXSH0001,2016-10-10T14:55:33Z,48.3600,-4.7800,1022.9,0,3.3109,-0.0713,01111011
EXSH0001,2016-10-10T15:00:33Z,48.3600,-4.7800,1022.2,0,3.2767,-0.0666,01111011
EXSH0001,2016-10-10T15:05:33Z,48.3600,-4.7800,1022.2,0,3.2647,-0.0475,01111011
EXSH0001,2016-10-10T15:10:33Z,48.3600,-4.7800,1022.2,0,3.2253,-0.048,01111011
EXSH0001,2016-10-10T15:15:33Z,48.3600,-4.7800,1022.2,0,3.206,-0.0362,01111011
EXSH0001,2016-10-10T15:20:33Z,48.3600,-4.7800,1022.2,0,3.1736,-0.0386,01111011
EXSH0001,2016-10-10T15:25:33Z,48.3600,-4.7800,1022.2,0,3.1371,-0.0451,01111011
EXSH0001,2016-10-10T15:30:33Z,48.3600,-4.7800,1022.2,0,3.1265,-0.0257,01111011
EXSH0001,2016-10-10T15:35:33Z,48.3600,-4.7800,1022.2,0,3.0833,-0.0466,01111011
EXSH0001,2016-10-10T15:40:33Z,48.3600,-4.7800,1022.2,0,3.0607,-0.0392,01111011
EXSH0001,2016-10-10T15:45:33Z,48.3600,-4.7800,1022.2,0,3.023,-0.0569,01111011
EXSH0001,2016-10-10T15:50:33Z,48.3600,-4.7800,1022.2,0,3.0115,-0.0434,01111011
EXSH0001,2016-10-10T15:55:33Z,48.3600,-4.7800,1022.2,0,2.99,-0.0399,01111011
EXSH0001,2016-10-10T16:00:33Z,48.3600,-4.7800,1022,0,2.9687,-0.0462,01111011
EXSH0001,2016-10-10T16:05:33Z,48.3600,-4.7800,1022,0,2.9517,-0.0383,01111011
EXSH0001,2016-10-10T16:10:33Z,48.3600,-4.7800,1022,0,2.9417,-0.0333,01111011
EXSH0001,2016-10-10T16:15:33Z,48.3600,-4.7800,1022,0,2.9267,-0.0333,01111011
EXSH0001,2016-10-10T16:20:33Z,48.3600,-4.7800,1022,0,2.9261,-0.0289,01111011
EXSH0001,2016-10-10T16:25:33Z,48.3600,-4.7800,1022,0,2.9284,-0.0116,01111011
EXSH0001,2016-10-10T16:30:33Z,48.3600,-4.7800,1022,0,2.9049,-0.0301,01111011
EXSH0001,2016-10-10T16:35:33Z,48.3600,-4.7800,1022,0,2.8805,-0.0495,01111011
EXSH0001,2016-10-10T16:40:33Z,48.3600,-4.7800,1022,0,2.8854,-0.0446,01111011
EXSH0001,2016-10-10T16:45:33Z,48.3600,-4.7800,1022,0,2.8811,-0.0489,01111011
EXSH0001,2016-10-10T16:50:33Z,48.3600,-4.7800,1022,0,2.8857,-0.0443,01111011
EXSH0001,2016-10-10T16:55:33Z,48.3600,-4.7800,1022,0,2.9075,-0.0225,01111011
EXSH0001,2016-10-10T17:00:33Z,48.3600,-4.7800,1022,0,2.917,-0.0142,01111011
EXSH0001,2016-10-10T17:05:33Z,48.3600,-4.7800,1022,0,2.9172,-0.0228,01111011
EXSH0001,2016-10-10T17:10:33Z,48.3600,-4.7800,1022,0,2.9219,-0.0293,01111011
EXSH0001,2016-10-10T17:15:33Z,48.3600,-4.7800,1022,0,2.9197,-0.0403,01111011
EXSH0001,2016-10-10T17:20:33Z,48.3600,-4.7800,1022,0,2.9272,-0.044,01111011
EXSH0001,2016-10-10T17:25:33Z,48.3600,-4.7800,1022,0,2.932,-0.0542,01111011
EXSH0001,2016-10-10T17:30:33Z,48.3600,-4.7800,1022,0,2.9549,-0.0475,01111011
EXSH0001,2016-10-10T17:35:33Z,48.3600,-4.7800,1022,0,2.9619,-0.0607,01111011
EXSH0001,2016-10-10T17:40:33Z,48.3600,-4.7800,1022,0,2.9706,-0.067,01111011
EXSH0001,2016-10-10T17:45:33Z,48.3600,-4.7800,1022,0,2.9814,-0.0812,01111011
EXSH0001,2016-10-10T17:50:33Z,48.3600,-4.7800,1022,0,3.0011,-0.0841,01111011
EXSH0001,2016-10-10T17:55:33Z,48.3600,-4.7800,1022,0,3.0374,-0.0678,01111011
EXSH0001,2016-10-10T18:00:33Z,48.3600,-4.7800,1021.8,0,3.0695,-0.0657,01111011
EXSH0001,2016-10-10T18:05:33Z,48.3600,-4.7800,1021.8,0,3.1054,-0.0598,01111011
EXSH0001,2016-10-10T18:10:33Z,48.3600,-4.7800,1021.8,0,3.1178,-0.0774,01111011
EXSH0001,2016-10-10T18:15:33Z,48.3600,-4.7800,1021.8,0,3.1505,-0.0747,01111011
EXSH0001,2016-10-10T18:20:33Z,48.3600,-4.7800,1021.8,0,3.1843,-0.0709,01111011
EXSH0001,2016-10-10T18:25:33Z,48.3600,-4.7800,1021.8,0,3.1999,-0.0853,01111011
EXSH0001,2016-10-10T18:30:33Z,48.3600,-4.7800,1021.8,0,3.2253,-0.0975,01111011
EXSH0001,2016-10-10T18:35:33Z,48.3600,-4.7800,1021.8,0,3.2571,-0.0905,01111011
EXSH0001,2016-10-10T18:40:33Z,48.3600,-4.7800,1021.8,0,3.2758,-0.1056,01111011
EXSH0001,2016-10-10T18:45:33Z,48.3600,-4.7800,1021.8,0,3.3143,-0.1033,01111011
EXSH0001,2016-10-10T18:50:33Z,48.3600,-4.7800,1021.8,0,3.3746,-0.083,01111011
EXSH0001,2016-10-10T18:55:33Z,48.3600,-4.7800,1021.8,0,3.4061,-0.0903,01111011
EXSH0001,2016-10-10T19:00:33Z,48.3600,-4.7800,1021.8,0,3.4627,-0.0687,01111011
EXSH0001,2016-10-10T19:05:33Z,48.3600,-4.7800,1021.8,0,3.5095,-0.0669,01111011
EXSH0001,2016-10-10T19:10:33Z,48.3600,-4.7800,1021.8,0,3.5331,-0.0845,01111011
EXSH0001,2016-10-10T19:15:33Z,48.3600,-4.7800,1021.8,0,3.5689,-0.0875,01111011
EXSH0001,2016-10-10T19:20:33Z,48.3600,-4.7800,1021.8,0,3.6122,-0.0892,01111011
EXSH0001,2016-10-10T19:25:33Z,48.3600,-4.7800,1021.8,0,3.668,-0.0784,01111011
EXSH0001,2016-10-10T19:30:33Z,48.3600,-4.7800,1021.8,0,3.7025,-0.0889,01111011
EXSH0001,2016-10-10T19:35:33Z,48.3600,-4.7800,1021.8,0,3.7443,-0.0812,01111011
EXSH0001,2016-10-10T19:40:33Z,48.3600,-4.7800,1021.8,0,3.7827,-0.0877,01111011
EXSH0001,2016-10-10T19:45:33Z,48.3600,-4.7800,1021.8,0,3.8032,-0.1122,01111011
EXSH0001,2016-10-10T19:50:33Z,48.3600,-4.7800,1021.8,0,3.8397,-0.1207,01111011
EXSH0001,2016-10-10T19:55:33Z,48.3600,-4.7800,1021.8,0,3.9045,-0.1009,01111011
EXSH0001,2016-10-10T20:00:33Z,48.3600,-4.7800,1021.8,0,3.9637,-0.0867,01111011
EXSH0001,2016-10-10T20:05:33Z,48.3600,-4.7800,1021.8,0,3.9946,-0.1009,01111011
EXSH0001,2016-10-10T20:10:33Z,48.3600,-4.7800,1021.8,0,4.0415,-0.0989,01111011
EXSH0001,2016-10-10T20:15:33Z,48.3600,-4.7800,1021.8,0,4.0885,-0.097,01111011
EXSH0001,2016-10-10T20:20:33Z,48.3600,-4.7800,1021.8,0,4.1193,-0.1112,01111011
EXSH0001,2016-10-10T20:25:33Z,48.3600,-4.7800,1021.8,0,4.1714,-0.104,01111011
EXSH0001,2016-10-10T20:30:33Z,48.3600,-4.7800,1021.8,0,4.2104,-0.1101,01111011
EXSH0001,2016-10-10T20:35:33Z,48.3600,-4.7800,1021.8,0,4.2382,-0.1159,01111011
EXSH0001,2016-10-10T20:40:33Z,48.3600,-4.7800,1021.8,0,4.2993,-0.0998,01111011
EXSH0001,2016-10-10T20:45:33Z,48.3600,-4.7800,1021.8,0,4.365,-0.0791,01111011
EXSH0001,2016-10-10T20:50:33Z,48.3600,-4.7800,1021.8,0,4.3977,-0.085,01111011
EXSH0001,2016-10-10T20:55:33Z,48.3600,-4.7800,1021.8,0,4.4161,-0.1079,01111011
EXSH0001,2016-10-10T21:00:33Z,48.3600,-4.7800,1021.7,0,4.4599,-0.1028,01111011
EXSH0001,2016-10-10T21:05:33Z,48.3600,-4.7800,1021.7,0,4.4873,-0.1154,01111011
EXSH0001,2016-10-10T21:10:33Z,48.3600,-4.7800,1021.7,0,4.5363,-0.1028,01111011
EXSH0001,2016-10-10T21:15:33Z,48.3600,-4.7800,1021.7,0,4.5913,-0.0827,01111011
EXSH0001,2016-10-10T21:20:33Z,48.3600,-4.7800,1021.7,0,4.6331,-0.0796,01111011
EXSH0001,2016-10-10T21:25:33Z,48.3600,-4.7800,1021.7,0,4.6632,-0.0795,01111011
EXSH0001,2016-10-10T21:30:33Z,48.3600,-4.7800,1021.7,0,4.6854,-0.0873,01111011
EXSH0001,2016-10-10T21:35:33Z,48.3600,-4.7800,1021.7,0,4.7104,-0.0846,01111011
EXSH0001,2016-10-10T21:40:33Z,48.3600,-4.7800,1021.7,0,4.7289,-0.0961,01111011
EXSH0001,2016-10-10T21:45:33Z,48.3600,-4.7800,1021.7,0,4.7618,-0.0932,01111011
EXSH0001,2016-10-10T21:50:33Z,48.3600,-4.7800,1021.7,0,4.8022,-0.0828,01111011
EXSH0001,2016-10-10T21:55:33Z,48.3600,-4.7800,1021.7,0,4.8248,-0.0827,01111011
EXSH0001,2016-10-10T22:00:33Z,48.3600,-4.7800,1021.5,0,4.8562,-0.0763,01111011
EXSH0001,2016-10-10T22:05:33Z,48.3600,-4.7800,1021.5,0,4.8728,-0.0747,01111011
EXSH0001,2016-10-10T22:10:33Z,48.3600,-4.7800,1021.5,0,4.9034,-0.0691,01111011
EXSH0001,2016-10-10T22:15:33Z,48.3600,-4.7800,1021.5,0,4.9101,-0.0774,01111011
EXSH0001,2016-10-10T22:20:33Z,48.3600,-4.7800,1021.5,0,4.9136,-0.0889,01111011
EXSH0001,2016-10-10T22:25:33Z,48.3600,-4.7800,1021.5,0,4.9395,-0.078,01111011
EXSH0001,2016-10-10T22:30:33Z,48.3600,-4.7800,1021.5,0,4.9581,-0.0719,01111011
EXSH0001,2016-10-10T22:35:33Z,48.3600,-4.7800,1021.5,0,4.9885,-0.0454,01111011
EXSH0001,2016-10-10T22:40:33Z,48.3600,-4.7800,1021.5,0,4.9986,-0.0503,01111011
EXSH0001,2016-10-10T22:45:33Z,48.3600,-4.7800,1021.5,0,5.0001,-0.0499,01111011
EXSH0001,2016-10-10T22:50:33Z,48.3600,-4.7800,1021.5,0,5.0003,-0.0586,01111011
EXSH0001,2016-10-10T22:55:33Z,48.3600,-4.7800,1021.5,0,4.9926,-0.0674,01111011
EXSH0001,2016-10-10T23:00:33Z,48.3600,-4.7800,1020.9,0,4.9952,-0.0648,01111011
EXSH0001,2016-10-10T23:05:33Z,48.3600,-4.7800,1020.9,0,4.9842,-0.0758,01111011
EXSH0001,2016-10-10T23:10:33Z,48.3600,-4.7800,1020.9,0,4.9864,-0.0736,01111011
EXSH0001,2016-10-10T23:15:33Z,48.3600,-4.7800,1020.9,0,5.0015,-0.0546,01111011
EXSH0001,2016-10-10T23:20:33Z,48.3600,-4.7800,1020.9,0,5.0005,-0.0495,01111011
EXSH0001,2016-10-10T23:25:33Z,48.3600,-4.7800,1020.9,0,5.0251,-0.0149,01111011
EXSH0001,2016-10-10T23:30:33Z,48.3600,-4.7800,1020.9,0,5.0217,-0.0094,01111011
EXSH0001,2016-10-10T23:35:33Z,48.3600,-4.7800,1020.9,0,4.9777,-0.0423,01111011
EXSH0001,2016-10-10T23:40:33Z,48.3600,-4.7800,1020.9,0,4.9702,-0.0447,01111011
EXSH0001,2016-10-10T23:45:33Z,48.3600,-4.7800,1020.9,0,4.9459,-0.054,01111011
EXSH0001,2016-10-10T23:50:33Z,48.3600,-4.7800,1020.9,0,4.923,-0.062,01111011
EXSH0001,2016-10-10T23:55:33Z,48.3600,-4.7800,1020.9,0,4.9113,-0.0587,01111011
EXSH0001,2016-10-11T00:00:33Z,48.3600,-4.7800,1020.8,0,4.9009,-0.049,01111011
EXSH0001,2016-10-11T00:05:33Z,48.3600,-4.7800,1020.8,0,4.8786,-0.0514,01111011
EXSH0001,2016-10-11T00:10:33Z,48.3600,-4.7800,1020.8,0,4.8694,-0.0405,01111011
EXSH0001,2016-10-11T00:15:33Z,48.3600,-4.7800,1020.8,0,4.8489,-0.041,01111011
EXSH0001,2016-10-11T00:20:33Z,48.3600,-4.7800,1020.8,0,4.8335,-0.0315,01111011
EXSH0001,2016-10-11T00:25:33Z,48.3600,-4.7800,1020.8,0,4.8103,-0.0296,01111011
EXSH0001,2016-10-11T00:30:33Z,48.3600,-4.7800,1020.8,0,4.7747,-0.0352,01111011
EXSH0001,2016-10-11T00:35:33Z,48.3600,-4.7800,1020.8,0,4.7409,-0.0629,01111011
EXSH0001,2016-10-11T00:40:33Z,48.3600,-4.7800,1020.8,0,4.7225,-0.0551,01111011
EXSH0001,2016-10-11T00:45:33Z,48.3600,-4.7800,1020.8,0,4.6903,-0.0573,01111011
EXSH0001,2016-10-11T00:50:33Z,48.3600,-4.7800,1020.8,0,4.6553,-0.0623,01111011
EXSH0001,2016-10-11T00:55:33Z,48.3600,-4.7800,1020.8,0,4.6318,-0.0558,01111011
EXSH0001,2016-10-11T01:00:33Z,48.3600,-4.7800,1020.2,0,4.5951,-0.0613,01111011
EXSH0001,2016-10-11T01:05:33Z,48.3600,-4.7800,1020.2,0,4.545,-0.0726,01111011
EXSH0001,2016-10-11T01:10:33Z,48.3600,-4.7800,1020.2,0,4.5171,-0.0705,01111011
EXSH0001,2016-10-11T01:15:33Z,48.3600,-4.7800,1020.2,0,4.4913,-0.0601,01111011
EXSH0001,2016-10-11T01:20:33Z,48.3600,-4.7800,1020.2,0,4.4492,-0.0672,01111011
EXSH0001,2016-10-11T01:25:33Z,48.3600,-4.7800,1020.2,0,4.4141,-0.0635,01111011
EXSH0001,2016-10-11T01:30:33Z,48.3600,-4.7800,1020.2,0,4.3949,-0.0427,01111011
EXSH0001,2016-10-11T01:35:33Z,48.3600,-4.7800,1020.2,0,4.3457,-0.0665,01111011
EXSH0001,2016-10-11T01:40:33Z,48.3600,-4.7800,1020.2,0,4.3063,-0.0609,01111011
EXSH0001,2016-10-11T01:45:33Z,48.3600,-4.7800,1020.2,0,4.2618,-0.0704,01111011
EXSH0001,2016-10-11T01:50:33Z,48.3600,-4.7800,1020.2,0,4.2332,-0.054,01111011
EXSH0001,2016-10-11T01:55:33Z,48.3600,-4.7800,1020.2,0,4.1902,-0.062,01111011
EXSH0001,2016-10-11T02:00:33Z,48.3600,-4.7800,1019.6,0,4.1613,-0.0459,01111011
EXSH0001,2016-10-11T02:05:33Z,48.3600,-4.7800,1019.6,0,4.1337,-0.0285,01111011
EXSH0001,2016-10-11T02:10:33Z,48.3600,-4.7800,1019.6,0,4.0752,-0.042,01111011
EXSH0001,2016-10-11T02:15:33Z,48.3600,-4.7800,1019.6,0,4.028,-0.0542,01111011
EXSH0001,2016-10-11T02:20:33Z,48.3600,-4.7800,1019.6,0,3.9855,-0.0517,01111011
EXSH0001,2016-10-11T02:25:33Z,48.3600,-4.7800,1019.6,0,3.9704,-0.0218,01111011
EXSH0001,2016-10-11T02:30:33Z,48.3600,-4.7800,1019.6,0,3.9469,-0.0003,01111011
EXSH0001,2016-10-11T02:35:33Z,48.3600,-4.7800,1019.6,0,3.8867,-0.0269,01111011
EXSH0001,2016-10-11T02:40:33Z,48.3600,-4.7800,1019.6,0,3.8276,-0.0448,01111011
EXSH0001,2016-10-11T02:45:33Z,48.3600,-4.7800,1019.6,0,3.7997,-0.0339,01111011
EXSH0001,2016-10-11T02:50:33Z,48.3600,-4.7800,1019.6,0,3.7493,-0.0393,01111011
EXSH0001,2016-10-11T02:55:33Z,48.3600,-4.7800,1019.6,0,3.7065,-0.0371,01111011
EXSH0001,2016-10-11T03:00:33Z,48.3600,-4.7800,1018.9,0,3.6492,-0.0532,01111011
EXSH0001,2016-10-11T03:05:33Z,48.3600,-4.7800,1018.9,0,3.5995,-0.0641,01111011
EXSH0001,2016-10-11T03:10:33Z,48.3600,-4.7800,1018.9,0,3.5775,-0.0411,01111011
EXSH0001,2016-10-11T03:15:33Z,48.3600,-4.7800,1018.9,0,3.5589,-0.0235,01111011
EXSH0001,2016-10-11T03:20:33Z,48.3600,-4.7800,1018.9,0,3.5408,0.0022,01111011
EXSH0001,2016-10-11T03:25:33Z,48.3600,-4.7800,1018.9,0,3.4833,-0.0191,01111011
EXSH0001,2016-10-11T03:30:33Z,48.3600,-4.7800,1018.9,0,3.4255,-0.0369,01111011
EXSH0001,2016-10-11T03:35:33Z,48.3600,-4.7800,1018.9,0,3.3867,-0.0479,01111011
EXSH0001,2016-10-11T03:40:33Z,48.3600,-4.7800,1018.9,0,3.3411,-0.0584,01111011
EXSH0001,2016-10-11T03:45:33Z,48.3600,-4.7800,1018.9,0,3.3287,-0.031,01111011
EXSH0001,2016-10-11T03:50:33Z,48.3600,-4.7800,1018.9,0,3.3044,-0.0252,01111011
EXSH0001,2016-10-11T03:55:33Z,48.3600,-4.7800,1018.9,0,3.2485,-0.0412,01111011
EXSH0001,2016-10-11T04:00:33Z,48.3600,-4.7800,1018.6,0,3.2254,-0.0343,01111011
EXSH0001,2016-10-11T04:05:33Z,48.3600,-4.7800,1018.6,0,3.2168,-0.0129,01111011
EXSH0001,2016-10-11T04:10:33Z,48.3600,-4.7800,1018.6,0,3.1816,-0.0181,01111011
EXSH0001,2016-10-11T04:15:33Z,48.3600,-4.7800,1018.6,0,3.1611,-0.0086,01111011
EXSH0001,2016-10-11T04:20:33Z,48.3600,-4.7800,1018.6,0,3.0985,-0.0414,01111011
EXSH0001,2016-10-11T04:25:33Z,48.3600,-4.7800,1018.6,0,3.0863,-0.0334,01111011
EXSH0001,2016-10-11T04:30:33Z,48.3600,-4.7800,1018.6,0,3.0501,-0.0496,01111011
EXSH0001,2016-10-11T05:36:34Z,48.3600,-4.7800,,0,2.9402,-0.0198,01119011
EXSH0001,2016-10-11T05:41:34Z,48.3600,-4.7800,,0,2.9698,0.0042,01119011
EXSH0001,2016-10-11T05:46:34Z,48.3600,-4.7800,,0,2.9598,-0.0102,01119011
EXSH0001,2016-10-11T05:51:34Z,48.3600,-4.7800,,0,2.9451,-0.0305,01119011
EXSH0001,2016-10-11T05:56:34Z,48.3600,-4.7800,,0,2.9701,-0.0199,01119011
EXSH0001,2016-10-11T06:01:34Z,48.3600,-4.7800,1018.4,0,2.9968,0.0012,01111011
EXSH0001,2016-10-11T06:06:34Z,48.3600,-4.7800,1018.4,0,3.0071,-0.0034,01111011
EXSH0001,2016-10-11T06:11:34Z,48.3600,-4.7800,1018.4,0,2.9998,-0.0257,01111011
EXSH0001,2016-10-11T06:16:34Z,48.3600,-4.7800,1018.4,0,3.0344,-0.0061,01111011
EXSH0001,2016-10-11T06:21:34Z,48.3600,-4.7800,1018.4,0,3.0497,-0.0114,01111011
EXSH0001,2016-10-11T06:26:34Z,48.3600,-4.7800,1018.4,0,3.0683,-0.0123,01111011
EXSH0001,2016-10-11T06:31:34Z,48.3600,-4.7800,1018.4,0,3.0852,-0.0087,01111011
EXSH0001,2016-10-11T06:36:34Z,48.3600,-4.7800,1018.4,0,3.1053,-0.0116,01111011
EXSH0001,2016-10-11T06:41:34Z,48.3600,-4.7800,1018.4,0,3.1172,-0.0267,01111011
EXSH0001,2016-10-11T06:46:34Z,48.3600,-4.7800,1018.4,0,3.1655,-0.0084,01111011
EXSH0001,2016-10-11T06:51:34Z,48.3600,-4.7800,1018.4,0,3.2154,0.0215,01111011
EXSH0001,2016-10-11T06:56:34Z,48.3600,-4.7800,1018.4,0,3.2336,0.0097,01111011
EXSH0001,2016-10-11T07:01:34Z,48.3600,-4.7800,1018.5,0,3.2673,0.0034,01111011
EXSH0001,2016-10-11T07:06:34Z,48.3600,-4.7800,1018.5,0,3.3059,0.012,01111011
EXSH0001,2016-10-11T07:11:34Z,48.3600,-4.7800,1018.5,0,3.3136,-0.0122,01111011
EXSH0001,2016-10-11T07:16:34Z,48.3600,-4.7800,1018.5,0,3.3467,-0.0172,01111011
EXSH0001,2016-10-11T07:21:34Z,48.3600,-4.7800,1018.5,0,3.3954,-0.0085,01111011
EXSH0001,2016-10-11T07:26:34Z,48.3600,-4.7800,1018.5,0,3.4215,-0.0193,01111011
EXSH0001,2016-10-11T07:31:34Z,48.3600,-4.7800,1018.5,0,3.4683,-0.006,01111011
EXSH0001,2016-10-11T07:36:34Z,48.3600,-4.7800,1018.5,0,3.5109,0.0016,01111011
EXSH0001,2016-10-11T07:41:34Z,48.3600,-4.7800,1018.5,0,3.5533,-0.001,01111011
EXSH0001,2016-10-11T07:46:34Z,48.3600,-4.7800,1018.5,0,3.5911,-0.0082,01111011
EXSH0001,2016-10-11T07:51:34Z,48.3600,-4.7800,1018.5,0,3.6273,-0.017,01111011
EXSH0001,2016-10-11T07:56:34Z,48.3600,-4.7800,1018.5,0,3.6899,0.0006,01111011
EXSH0001,2016-10-11T08:01:34Z,48.3600,-4.7800,1018.8,0,3.7427,0.0003,01111011
EXSH0001,2016-10-11T08:06:34Z,48.3600,-4.7800,1018.8,0,3.7913,0.002,01111011
EXSH0001,2016-10-11T08:11:34Z,48.3600,-4.7800,1018.8,0,3.8507,0.0083,01111011
EXSH0001,2016-10-11T08:16:34Z,48.3600,-4.7800,1018.8,0,3.8875,-0.0018,01111011
EXSH0001,2016-10-11T08:21:34Z,48.3600,-4.7800,1018.8,0,3.9213,-0.0211,01111011
EXSH0001,2016-10-11T08:26:34Z,48.3600,-4.7800,1018.8,0,3.9694,-0.023,01111011
EXSH0001,2016-10-11T08:31:34Z,48.3600,-4.7800,1018.8,0,4.0095,-0.0232,01111011
EXSH0001,2016-10-11T08:36:34Z,48.3600,-4.7800,1018.8,0,4.0469,-0.0401,01111011
EXSH0001,2016-10-11T08:41:34Z,48.3600,-4.7800,1018.8,0,4.1199,-0.0171,01111011
EXSH0001,2016-10-11T08:46:34Z,48.3600,-4.7800,1018.8,0,4.1819,-0.0059,01111011
EXSH0001,2016-10-11T08:51:34Z,48.3600,-4.7800,1018.8,0,4.2303,-0.0167,01111011
EXSH0001,2016-10-11T08:56:34Z,48.3600,-4.7800,1018.8,0,4.2768,-0.021,01111011
EXSH0001,2016-10-11T09:01:34Z,48.3600,-4.7800,1019,0,4.3224,-0.0304,01111011
EXSH0001,2016-10-11T09:06:34Z,48.3600,-4.7800,1019,0,4.3641,-0.0429,01111011
EXSH0001,2016-10-11T09:11:34Z,48.3600,-4.7800,1019,0,4.4323,-0.0247,01111011
EXSH0001,2016-10-11T09:16:34Z,48.3600,-4.7800,1019,0,4.5025,-0.0053,01111011
EXSH0001,2016-10-11T09:21:34Z,48.3600,-4.7800,1019,0,4.5359,-0.0268,01111011
EXSH0001,2016-10-11T09:26:34Z,48.3600,-4.7800,1019,0,4.5689,-0.0389,01111011
EXSH0001,2016-10-11T09:31:34Z,48.3600,-4.7800,1019,0,4.621,-0.0309,01111011
EXSH0001,2016-10-11T09:36:34Z,48.3600,-4.7800,1019,0,4.6609,-0.036,01111011
EXSH0001,2016-10-11T09:41:34Z,48.3600,-4.7800,1019,0,4.7139,-0.0281,01111011
EXSH0001,2016-10-11T09:46:34Z,48.3600,-4.7800,1019,0,4.7729,-0.014,01111011
EXSH0001,2016-10-11T09:51:34Z,48.3600,-4.7800,1019,0,4.8321,0.0001,01111011
EXSH0001,2016-10-11T09:56:34Z,48.3600,-4.7800,1019,0,4.8669,-0.01,01111011
EXSH0001,2016-10-11T10:01:34Z,48.3600,-4.7800,1018.5,0,4.9143,-0.0076,01111011
EXSH0001,2016-10-11T10:06:34Z,48.3600,-4.7800,1018.5,0,4.9317,-0.0352,01111011
EXSH0001,2016-10-11T10:11:34Z,48.3600,-4.7800,1018.5,0,4.9574,-0.0446,01111011
EXSH0001,2016-10-11T10:16:34Z,48.3600,-4.7800,1018.5,0,5.0241,-0.0172,01111011
EXSH0001,2016-10-11T10:21:34Z,48.3600,-4.7800,1018.5,0,5.0763,-0.005,01111011
EXSH0001,2016-10-11T10:26:34Z,48.3600,-4.7800,1018.5,0,5.113,0.0017,01111011
EXSH0001,2016-10-11T10:31:34Z,48.3600,-4.7800,1018.5,0,5.151,0.0104,01111011
EXSH0001,2016-10-11T10:36:34Z,48.3600,-4.7800,1018.5,0,5.1643,-0.0094,01111011
EXSH0001,2016-10-11T10:41:34Z,48.3600,-4.7800,1018.5,0,5.1897,-0.014,01111011
EXSH0001,2016-10-11T10:46:34Z,48.3600,-4.7800,1018.5,0,5.2096,-0.0141,01111011
EXSH0001,2016-10-11T10:51:34Z,48.3600,-4.7800,1018.5,0,5.2374,-0.0163,01111011
EXSH0001,2016-10-11T10:56:34Z,48.3600,-4.7800,1018.5,0,5.2569,-0.0168,01111011
EXSH0001,2016-10-11T11:01:34Z,48.3600,-4.7800,1018.1,0,5.2872,-0.0096,01111011
EXSH0001,2016-10-11T11:06:34Z,48.3600,-4.7800,1018.1,0,5.2979,-0.0139,01111011
EXSH0001,2016-10-11T11:11:34Z,48.3600,-4.7800,1018.1,0,5.3163,-0.0106,01111011
EXSH0001,2016-10-11T11:16:34Z,48.3600,-4.7800,1018.1,0,5.3286,-0.0132,01111011
EXSH0001,2016-10-11T11:21:34Z,48.3600,-4.7800,1018.1,0,5.3341,-0.0228,01111011
EXSH0001,2016-10-11T11:26:34Z,48.3600,-4.7800,1018.1,0,5.333,-0.0289,01111011
EXSH0001,2016-10-11T11:31:34Z,48.3600,-4.7800,1018.1,0,5.351,-0.019,01111011
EXSH0001,2016-10-11T11:36:34Z,48.3600,-4.7800,1018.1,0,5.3589,-0.0111,01111011
EXSH0001,2016-10-11T11:41:34Z,48.3600,-4.7800,1018.1,0,5.3684,-0.0116,01111011
EXSH0001,2016-10-11T11:46:34Z,48.3600,-4.7800,1018.1,0,5.3656,-0.0144,01111011
EXSH0001,2016-10-11T11:51:34Z,48.3600,-4.7800,1018.1,0,5.3481,-0.0219,01111011
EXSH0001,2016-10-11T11:56:34Z,48.3600,-4.7800,1018.1,0,5.349,-0.021,01111011
EXSH0001,2016-10-11T12:01:34Z,48.3600,-4.7800,1017.6,0,5.3389,-0.0211,01111011
EXSH0001,2016-10-11T12:06:34Z,48.3600,-4.7800,1017.6,0,5.3295,-0.0223,01111011
EXSH0001,2016-10-11T12:11:34Z,48.3600,-4.7800,1017.6,0,5.323,-0.0138,01111011
EXSH0001,2016-10-11T12:16:34Z,48.3600,-4.7800,1017.6,0,5.3107,-0.0111,01111011
EXSH0001,2016-10-11T12:21:34Z,48.3600,-4.7800,1017.6,0,5.3035,-0.0033,01111011
EXSH0001,2016-10-11T12:26:34Z,48.3600,-4.7800,1017.6,0,5.2852,-0.0066,01111011
EXSH0001,2016-10-11T12:31:34Z,48.3600,-4.7800,1017.6,0,5.2692,-0.002,01111011
EXSH0001,2016-10-11T12:36:34Z,48.3600,-4.7800,1017.6,0,5.2287,-0.0225,01111011
EXSH0001,2016-10-11T12:41:34Z,48.3600,-4.7800,1017.6,0,5.2185,-0.0121,01111011
EXSH0001,2016-10-11T12:46:34Z,48.3600,-4.7800,1017.6,0,5.1935,-0.0077,01111011
EXSH0001,2016-10-11T12:51:34Z,48.3600,-4.7800,1017.6,0,5.1779,0.0067,01111011
EXSH0001,2016-10-11T12:56:34Z,48.3600,-4.7800,1017.6,0,5.125,-0.0162,01111011
EXSH0001,2016-10-11T13:01:34Z,48.3600,-4.7800,1017.1,0,5.0945,-0.0167,01111011
EXSH0001,2016-10-11T13:06:34Z,48.3600,-4.7800,1017.1,0,5.0404,-0.0408,01111011
EXSH0001,2016-10-11T13:11:34Z,48.3600,-4.7800,1017.1,0,5.0274,-0.0144,01111011
EXSH0001,2016-10-11T13:16:34Z,48.3600,-4.7800,1017.1,0,5.0114,0.0046,01111011
EXSH0001,2016-10-11T13:21:34Z,48.3600,-4.7800,1017.1,0,4.9687,0.0069,01111011
EXSH0001,2016-10-11T13:26:34Z,48.3600,-4.7800,1017.1,0,4.9246,-0.0022,01111011
EXSH0001,2016-10-11T13:31:34Z,48.3600,-4.7800,1017.1,0,4.8621,-0.0312,01111011
EXSH0001,2016-10-11T13:36:34Z,48.3600,-4.7800,1017.1,0,4.8446,-0.0038,01111011
EXSH0001,2016-10-11T13:41:34Z,48.3600,-4.7800,1017.1,0,4.7927,-0.0107,01111011
EXSH0001,2016-10-11T13:46:34Z,48.3600,-4.7800,1017.1,0,4.742,-0.0164,01111011
EXSH0001,2016-10-11T13:51:34Z,48.3600,-4.7800,1017.1,0,4.6909,-0.0225,01111011
EXSH0001,2016-10-11T13:56:34Z,48.3600,-4.7800,1017.1,0,4.6587,-0.0091,01111011
EXSH0001,2016-10-11T14:01:34Z,48.3600,-4.7800,1016.8,0,4.613,-0.0004,01111011
EXSH0001,2016-10-11T14:06:34Z,48.3600,-4.7800,1016.8,0,4.5557,-0.0121,01111011
EXSH0001,2016-10-11T14:11:34Z,48.3600,-4.7800,1016.8,0,4.503,-0.0103,01111011
EXSH0001,2016-10-11T14:16:34Z,48.3600,-4.7800,1016.8,0,4.4671,0.0088,01111011
EXSH0001,2016-10-11T14:21:34Z,48.3600,-4.7800,1016.8,0,4.4269,0.0191,01111011
EXSH0001,2016-10-11T14:26:34Z,48.3600,-4.7800,1016.8,0,4.3682,0.0199,01111011
EXSH0001,2016-10-11T14:31:34Z,48.3600,-4.7800,1016.8,0,4.3084,-0.0038,01111011
EXSH0001,2016-10-11T14:36:34Z,48.3600,-4.7800,1016.8,0,4.2705,0.0183,01111011
EXSH0001,2016-10-11T14:41:34Z,48.3600,-4.7800,1016.8,0,4.2301,0.0279,01111011
EXSH0001,2016-10-11T14:46:34Z,48.3600,-4.7800,1016.8,0,4.1767,0.0345,01111011
EXSH0001,2016-10-11T14:51:34Z,48.3600,-4.7800,1016.8,0,4.1247,0.0325,01111011
EXSH0001,2016-10-11T14:56:34Z,48.3600,-4.7800,1016.8,0,4.0849,0.0527,01111011
EXSH0001,2016-10-11T15:01:34Z,48.3600,-4.7800,1016.5,0,4.0217,0.0476,01111011
EXSH0001,2016-10-11T15:06:34Z,48.3600,-4.7800,1016.5,0,3.9636,0.0414,01111011
EXSH0001,2016-10-11T15:11:34Z,48.3600,-4.7800,1016.5,0,3.9241,0.0619,01111011
EXSH0001,2016-10-11T15:16:34Z,48.3600,-4.7800,1016.5,0,3.8458,0.0367,01111011
EXSH0001,2016-10-11T15:21:34Z,48.3600,-4.7800,1016.5,0,3.7788,0.0266,01111011
EXSH0001,2016-10-11T15:26:34Z,48.3600,-4.7800,1016.5,0,3.7494,0.0503,01111011
EXSH0001,2016-10-11T15:31:34Z,48.3600,-4.7800,1016.5,0,3.7128,0.0552,01111011
EXSH0001,2016-10-11T15:36:34Z,48.3600,-4.7800,1016.5,0,3.6642,0.0635,01111011
EXSH0001,2016-10-11T15:41:34Z,48.3600,-4.7800,1016.5,0,3.6068,0.0592,01111011
EXSH0001,2016-10-11T15:46:34Z,48.3600,-4.7800,1016.5,0,3.5523,0.0547,01111011
EXSH0001,2016-10-11T15:51:34Z,48.3600,-4.7800,1016.5,0,3.5067,0.061,01111011
EXSH0001,2016-10-11T15:56:34Z,48.3600,-4.7800,1016.5,0,3.4506,0.0599,01111011
EXSH0001,2016-10-11T16:01:34Z,48.3600,-4.7800,1015.9,0,3.4121,0.0664,01111011
EXSH0001,2016-10-11T16:06:34Z,48.3600,-4.7800,1015.9,0,3.3553,0.0646,01111011
EXSH0001,2016-10-11T16:11:34Z,48.3600,-4.7800,1015.9,0,3.3004,0.0547,01111011
EXSH0001,2016-10-11T16:16:34Z,48.3600,-4.7800,1015.9,0,3.2522,0.0515,01111011
EXSH0001,2016-10-11T16:21:34Z,48.3600,-4.7800,1015.9,0,3.2117,0.056,01111011
EXSH0001,2016-10-11T16:26:34Z,48.3600,-4.7800,1015.9,0,3.1739,0.0632,01111011
EXSH0001,2016-10-11T16:31:34Z,48.3600,-4.7800,1015.9,0,3.1025,0.0253,01111011
EXSH0001,2016-10-11T16:36:34Z,48.3600,-4.7800,1015.9,0,3.0693,0.0371,01111011
EXSH0001,2016-10-11T16:41:34Z,48.3600,-4.7800,1015.9,0,3.0542,0.057,01111011
EXSH0001,2016-10-11T16:46:34Z,48.3600,-4.7800,1015.9,0,3.0037,0.0422,01111011
EXSH0001,2016-10-11T16:51:34Z,48.3600,-4.7800,1015.9,0,2.9743,0.0528,01111011
EXSH0001,2016-10-11T16:56:34Z,48.3600,-4.7800,1015.9,0,2.9445,0.053,01111011
EXSH0001,2016-10-11T17:01:34Z,48.3600,-4.7800,1015.5,0,2.9096,0.0481,01111011
EXSH0001,2016-10-11T17:06:34Z,48.3600,-4.7800,1015.5,0,2.8569,0.0254,01111011
EXSH0001,2016-10-11T17:11:34Z,48.3600,-4.7800,1015.5,0,2.8497,0.0482,01111011
EXSH0001,2016-10-11T17:16:34Z,48.3600,-4.7800,1015.5,0,2.8321,0.0606,01111011
EXSH0001,2016-10-11T17:21:34Z,48.3600,-4.7800,1015.5,0,2.7763,0.0248,01111011
EXSH0001,2016-10-11T17:26:34Z,48.3600,-4.7800,1015.5,0,2.764,0.0332,01111011
EXSH0001,2016-10-11T17:31:34Z,48.3600,-4.7800,1015.5,0,2.7903,0.0709,01111011
EXSH0001,2016-10-11T17:36:34Z,48.3600,-4.7800,1015.5,0,2.7624,0.0581,01111011
EXSH0001,2016-10-11T17:41:34Z,48.3600,-4.7800,1015.5,0,2.7531,0.0637,01111011
EXSH0001,2016-10-11T17:46:34Z,48.3600,-4.7800,1015.5,0,2.7452,0.0709,01111011
EXSH0001,2016-10-11T17:51:34Z,48.3600,-4.7800,1015.5,0,2.7014,0.032,01111011
EXSH0001,2016-10-11T17:56:34Z,48.3600,-4.7800,1015.5,0,2.6793,0.0193,01111011
EXSH0001,2016-10-11T18:01:34Z,48.3600,-4.7800,1015.7,0,2.6787,0.0287,01111011
EXSH0001,2016-10-11T18:06:34Z,48.3600,-4.7800,1015.7,0,2.6979,0.0479,01111011
EXSH0001,2016-10-11T18:11:34Z,48.3600,-4.7800,1015.7,0,2.6729,0.0229,01111011
EXSH0001,2016-10-11T18:16:34Z,48.3600,-4.7800,1015.7,0,2.6802,0.0246,01111011
EXSH0001,2016-10-11T18:21:34Z,48.3600,-4.7800,1015.7,0,2.6884,0.0284,01111011
EXSH0001,2016-10-11T18:26:34Z,48.3600,-4.7800,1015.7,0,2.6935,0.0278,01111011
EXSH0001,2016-10-11T18:31:34Z,48.3600,-4.7800,1015.7,0,2.7441,0.0672,01111011
EXSH0001,2016-10-11T18:36:34Z,48.3600,-4.7800,1015.7,0,2.7272,0.0453,01111011
EXSH0001,2016-10-11T18:41:34Z,48.3600,-4.7800,1015.7,0,2.7491,0.0522,01111011
EXSH0001,2016-10-11T18:46:34Z,48.3600,-4.7800,1015.7,0,2.7475,0.0356,01111011
EXSH0001,2016-10-11T18:51:34Z,48.3600,-4.7800,1015.7,0,2.7561,0.0292,01111011
EXSH0001,2016-10-11T18:56:34Z,48.3600,-4.7800,1015.7,0,2.7873,0.0354,01111011
EXSH0001,2016-10-11T19:01:34Z,48.3600,-4.7800,1015.8,0,2.7901,0.0164,01111011
EXSH0001,2016-10-11T19:06:34Z,48.3600,-4.7800,1015.8,0,2.8029,0.0092,01111011
EXSH0001,2016-10-11T19:11:34Z,48.3600,-4.7800,1015.8,0,2.8325,0.0088,01111011
EXSH0001,2016-10-11T19:16:34Z,48.3600,-4.7800,1015.8,0,2.8718,0.0181,01111011
EXSH0001,2016-10-11T19:21:34Z,48.3600,-4.7800,1015.8,0,2.8881,0.0044,01111011
EXSH0001,2016-10-11T19:26:34Z,48.3600,-4.7800,1015.8,0,2.9189,0.0052,01111011
EXSH0001,2016-10-11T19:31:34Z,48.3600,-4.7800,1015.8,0,2.9527,0.0131,01111011
EXSH0001,2016-10-11T19:36:34Z,48.3600,-4.7800,1015.8,0,2.964,-0.0124,01111011
EXSH0001,2016-10-11T19:41:34Z,48.3600,-4.7800,1015.8,0,2.9943,-0.0153,01111011
EXSH0001,2016-10-11T19:46:34Z,48.3600,-4.7800,1015.8,0,3.049,-0.0056,01111011
EXSH0001,2016-10-11T19:51:34Z,48.3600,-4.7800,1015.8,0,3.0711,-0.0185,01111011
EXSH0001,2016-10-11T19:56:34Z,48.3600,-4.7800,1015.8,0,3.1223,-0.0123,01111011
EXSH0001,2016-10-11T20:01:34Z,48.3600,-4.7800,1015.8,0,3.1825,0.0029,01111011
EXSH0001,2016-10-11T20:06:34Z,48.3600,-4.7800,1015.8,0,3.2185,-0.0143,01111011
EXSH0001,2016-10-11T20:11:34Z,48.3600,-4.7800,1015.8,0,3.2793,-0.0003,01111011
EXSH0001,2016-10-11T20:16:34Z,48.3600,-4.7800,1015.8,0,3.3119,-0.0127,01111011
EXSH0001,2016-10-11T20:21:34Z,48.3600,-4.7800,1015.8,0,3.36,-0.0196,01111011
EXSH0001,2016-10-11T20:26:34Z,48.3600,-4.7800,1015.8,0,3.3876,-0.0452,01111011
EXSH0001,2016-10-11T20:31:34Z,48.3600,-4.7800,1015.8,0,3.4382,-0.0394,01111011
EXSH0001,2016-10-11T20:36:34Z,48.3600,-4.7800,1015.8,0,3.5095,-0.0181,01111011
EXSH0001,2016-10-11T20:41:34Z,48.3600,-4.7800,1015.8,0,3.5444,-0.0432,01111011
EXSH0001,2016-10-11T20:46:34Z,48.3600,-4.7800,1015.8,0,3.6272,-0.016,01111011
EXSH0001,2016-10-11T20:51:34Z,48.3600,-4.7800,1015.8,0,3.6796,-0.018,01111011
EXSH0001,2016-10-11T20:56:34Z,48.3600,-4.7800,1015.8,0,3.7265,-0.0311,01111011
EXSH0001,2016-10-11T21:01:34Z,48.3600,-4.7800,1015.6,0,3.7874,-0.0302,01111011
EXSH0001,2016-10-11T21:06:34Z,48.3600,-4.7800,1015.6,0,3.8607,-0.0169,01111011
EXSH0001,2016-10-11T21:11:34Z,48.3600,-4.7800,1015.6,0,3.9096,-0.028,01111011
EXSH0001,2016-10-11T21:16:34Z,48.3600,-4.7800,1015.6,0,3.9478,-0.0498,01111011
EXSH0001,2016-10-11T21:21:34Z,48.3600,-4.7800,1015.6,0,4.0106,-0.047,01111011
EXSH0001,2016-10-11T21:26:34Z,48.3600,-4.7800,1015.6,0,4.0706,-0.047,01111011
EXSH0001,2016-10-11T21:31:34Z,48.3600,-4.7800,1015.6,0,4.1214,-0.0408,01111011
EXSH0001,2016-10-11T21:36:34Z,48.3600,-4.7800,1015.6,0,4.1906,-0.0316,01111011
EXSH0001,2016-10-11T21:41:34Z,48.3600,-4.7800,1015.6,0,4.2455,-0.0367,01111011
EXSH0001,2016-10-11T21:46:34Z,48.3600,-4.7800,1015.6,0,4.2955,-0.0467,01111011
EXSH0001,2016-10-11T21:51:34Z,48.3600,-4.7800,1015.6,0,4.3471,-0.0551,01111011
EXSH0001,2016-10-11T21:56:34Z,48.3600,-4.7800,1015.6,0,4.4019,-0.0503,01111011
EXSH0001,2016-10-11T22:01:34Z,48.3600,-4.7800,1015.4,0,4.4687,-0.0435,01111011
EXSH0001,2016-10-11T22:06:34Z,48.3600,-4.7800,1015.4,0,4.5341,-0.0376,01111011
EXSH0001,2016-10-11T22:11:34Z,48.3600,-4.7800,1015.4,0,4.6105,-0.0117,01111011
EXSH0001,2016-10-11T22:16:34Z,48.3600,-4.7800,1015.4,0,4.6669,-0.0053,01111011
EXSH0001,2016-10-11T22:21:34Z,48.3600,-4.7800,1015.4,0,4.7101,-0.0166,01111011
EXSH0001,2016-10-11T22:26:34Z,48.3600,-4.7800,1015.4,0,4.7555,-0.0262,01111011
EXSH0001,2016-10-11T22:31:34Z,48.3600,-4.7800,1015.4,0,4.8109,-0.0049,01111011
EXSH0001,2016-10-11T22:36:34Z,48.3600,-4.7800,1015.4,0,4.8535,-0.0143,01111011
EXSH0001,2016-10-11T22:41:34Z,48.3600,-4.7800,1015.4,0,4.8963,-0.0196,01111011
EXSH0001,2016-10-11T22:46:34Z,48.3600,-4.7800,1015.4,0,4.9519,-0.0089,01111011
EXSH0001,2016-10-11T22:51:34Z,48.3600,-4.7800,1015.4,0,5.0115,0.0056,01111011
EXSH0001,2016-10-11T22:56:34Z,48.3600,-4.7800,1015.4,0,5.0554,0.0115,01111011
EXSH0001,2016-10-11T23:01:34Z,48.3600,-4.7800,1015.6,0,5.0827,-0.0012,01111011
EXSH0001,2016-10-11T23:06:34Z,48.3600,-4.7800,1015.6,0,5.1281,0.0073,01111011
EXSH0001,2016-10-11T23:11:34Z,48.3600,-4.7800,1015.6,0,5.1739,0.018,01111011
EXSH0001,2016-10-11T23:16:34Z,48.3600,-4.7800,1015.6,0,5.2121,0.0182,01111011
EXSH0001,2016-10-11T23:21:34Z,48.3600,-4.7800,1015.6,0,5.2446,0.0207,01111011
EXSH0001,2016-10-11T23:26:34Z,48.3600,-4.7800,1015.6,0,5.2733,0.0194,01111011
EXSH0001,2016-10-11T23:31:34Z,48.3600,-4.7800,1015.6,0,5.2977,0.0215,01111011
EXSH0001,2016-10-11T23:36:34Z,48.3600,-4.7800,1015.6,0,5.3091,0.0129,01111011
EXSH0001,2016-10-11T23:41:34Z,48.3600,-4.7800,1015.6,0,5.323,0.0049,01111011
EXSH0001,2016-10-11T23:46:34Z,48.3600,-4.7800,1015.6,0,5.3556,0.0125,01111011
EXSH0001,2016-10-11T23:51:34Z,48.3600,-4.7800,1015.6,0,5.3919,0.0338,01111011
EXSH0001,2016-10-11T23:56:34Z,48.3600,-4.7800,1015.6,0,5.4161,0.043,01111011
EXSH0001,2016-10-12T00:01:34Z,48.3600,-4.7800,1015.2,0,5.4259,0.0459,01111011
EXSH0001,2016-10-12T00:06:34Z,48.3600,-4.7800,1015.2,0,5.4227,0.0296,01111011
EXSH0001,2016-10-12T00:11:34Z,48.3600,-4.7800,1015.2,0,5.4105,0.0105,01111011
EXSH0001,2016-10-12T00:16:34Z,48.3600,-4.7800,1015.2,0,5.4035,0.0035,01111011
EXSH0001,2016-10-12T00:21:34Z,48.3600,-4.7800,1015.2,0,5.437,0.037,01111011
EXSH0001,2016-10-12T00:26:34Z,48.3600,-4.7800,1015.2,0,5.422,0.022,01111011
EXSH0001,2016-10-12T00:31:34Z,48.3600,-4.7800,1015.2,0,5.4073,-0.0027,01111011
EXSH0001,2016-10-12T00:36:34Z,48.3600,-4.7800,1015.2,0,5.4145,0.0137,01111011
EXSH0001,2016-10-12T00:41:34Z,48.3600,-4.7800,1015.2,0,5.4031,0.0074,01111011
EXSH0001,2016-10-12T00:46:34Z,48.3600,-4.7800,1015.2,0,5.4,0.01,01111011
EXSH0001,2016-10-12T00:51:34Z,48.3600,-4.7800,1015.2,0,5.4151,0.0393,01111011
EXSH0001,2016-10-12T00:56:34Z,48.3600,-4.7800,1015.2,0,5.3887,0.0279,01111011
EXSH0001,2016-10-12T01:01:34Z,48.3600,-4.7800,1015.1,0,5.3637,0.0222,01111011
EXSH0001,2016-10-12T01:06:34Z,48.3600,-4.7800,1015.1,0,5.3436,0.0229,01111011
EXSH0001,2016-10-12T01:11:34Z,48.3600,-4.7800,1015.1,0,5.3135,0.0178,01111011
EXSH0001,2016-10-12T01:16:34Z,48.3600,-4.7800,1015.1,0,5.293,0.0215,01111011
EXSH0001,2016-10-12T01:21:34Z,48.3600,-4.7800,1015.1,0,5.2688,0.0231,01111011
EXSH0001,2016-10-12T01:26:34Z,48.3600,-4.7800,1015.1,0,5.2327,0.0112,01111011
EXSH0001,2016-10-12T01:31:34Z,48.3600,-4.7800,1015.1,0,5.2073,0.0092,01111011
EXSH0001,2016-10-12T01:36:34Z,48.3600,-4.7800,1015.1,0,5.1981,0.0394,01111011
EXSH0001,2016-10-12T01:41:34Z,48.3600,-4.7800,1015.1,0,5.1495,0.0214,01111011
EXSH0001,2016-10-12T01:46:34Z,48.3600,-4.7800,1015.1,0,5.1204,0.0317,01111011
EXSH0001,2016-10-12T01:51:34Z,48.3600,-4.7800,1015.1,0,5.0757,0.027,01111011
EXSH0001,2016-10-12T01:56:34Z,48.3600,-4.7800,1015.1,0,5.0282,0.0152,01111011
EXSH0001,2016-10-12T02:01:34Z,48.3600,-4.7800,1014.8,0,4.9861,0.018,01111011
EXSH0001,2016-10-12T02:06:34Z,48.3600,-4.7800,1014.8,0,4.9481,0.0194,01111011
EXSH0001,2016-10-12T02:11:34Z,48.3600,-4.7800,1014.8,0,4.9155,0.0274,01111011
EXSH0001,2016-10-12T02:16:34Z,48.3600,-4.7800,1014.8,0,4.8634,0.026,01111011
EXSH0001,2016-10-12T02:21:34Z,48.3600,-4.7800,1014.8,0,4.8278,0.0397,01111011
EXSH0001,2016-10-12T02:26:34Z,48.3600,-4.7800,1014.8,0,4.7783,0.0352,01111011
EXSH0001,2016-10-12T02:31:34Z,48.3600,-4.7800,1014.8,0,4.7544,0.045,01111011
EXSH0001,2016-10-12T02:36:34Z,48.3600,-4.7800,1014.8,0,4.6992,0.0448,01111011
EXSH0001,2016-10-12T02:41:34Z,48.3600,-4.7800,1014.8,0,4.6417,0.0391,01111011
EXSH0001,2016-10-12T02:46:34Z,48.3600,-4.7800,1014.8,0,4.5794,0.0268,01111011
EXSH0001,2016-10-12T02:51:34Z,48.3600,-4.7800,1014.8,0,4.5237,0.0242,01111011
EXSH0001,2016-10-12T02:56:34Z,48.3600,-4.7800,1014.8,0,4.4692,0.0266,01111011
EXSH0001,2016-10-12T03:01:34Z,48.3600,-4.7800,1014.4,0,4.4199,0.0305,01111011
EXSH0001,2016-10-12T03:06:34Z,48.3600,-4.7800,1014.4,0,4.3715,0.0389,01111011
EXSH0001,2016-10-12T03:11:34Z,48.3600,-4.7800,1014.4,0,4.3071,0.0277,01111011
EXSH0001,2016-10-12T03:16:34Z,48.3600,-4.7800,1014.4,0,4.2603,0.0377,01111011
EXSH0001,2016-10-12T03:21:34Z,48.3600,-4.7800,1014.4,0,4.2232,0.0606,01111011
EXSH0001,2016-10-12T03:26:34Z,48.3600,-4.7800,1014.4,0,4.1653,0.0609,01111011
EXSH0001,2016-10-12T03:31:34Z,48.3600,-4.7800,1014.4,0,4.1086,0.0414,01111011
EXSH0001,2016-10-12T03:36:34Z,48.3600,-4.7800,1014.4,0,4.0491,0.0419,01111011
EXSH0001,2016-10-12T03:41:34Z,48.3600,-4.7800,1014.4,0,3.9866,0.0394,01111011
EXSH0001,2016-10-12T03:46:34Z,48.3600,-4.7800,1014.4,0,3.9336,0.0464,01111011
EXSH0001,2016-10-12T03:51:34Z,48.3600,-4.7800,1014.4,0,3.8923,0.0619,01111011
EXSH0001,2016-10-12T03:56:34Z,48.3600,-4.7800,1014.4,0,3.8277,0.0505,01111011
EXSH0001,2016-10-12T04:01:34Z,48.3600,-4.7800,1014.5,0,3.7753,0.0581,01111011
EXSH0001,2016-10-12T04:06:34Z,48.3600,-4.7800,1014.5,0,3.7351,0.0779,01111011
EXSH0001,2016-10-12T04:11:34Z,48.3600,-4.7800,1014.5,0,3.6802,0.0798,01111011
EXSH0001,2016-10-12T04:16:34Z,48.3600,-4.7800,1014.5,0,3.6226,0.0754,01111011
EXSH0001,2016-10-12T04:21:34Z,48.3600,-4.7800,1014.5,0,3.5382,0.051,01111011
EXSH0001,2016-10-12T04:26:34Z,48.3600,-4.7800,1014.5,0,3.4865,0.0511,01111011
EXSH0001,2016-10-12T04:31:34Z,48.3600,-4.7800,1014.5,0,3.4474,0.055,01111011
EXSH0001,2016-10-12T05:37:34Z,48.3600,-4.7800,,0,2.8486,0.0457,01119011
EXSH0001,2016-10-12T05:42:34Z,48.3600,-4.7800,,0,2.8205,0.0476,01119011
EXSH0001,2016-10-12T05:47:34Z,48.3600,-4.7800,,0,2.7855,0.0426,01119011
EXSH0001,2016-10-12T05:52:34Z,48.3600,-4.7800,,0,2.777,0.0641,01119011
EXSH0001,2016-10-12T05:57:34Z,48.3600,-4.7800,,0,2.7555,0.0691,01119011
EXSH0001,2016-10-12T06:02:34Z,48.3600,-4.7800,1014.8,0,2.7075,0.0446,01111011
EXSH0001,2016-10-12T06:07:34Z,48.3600,-4.7800,1014.8,0,2.6825,0.0396,01111011
EXSH0001,2016-10-12T06:12:34Z,48.3600,-4.7800,1014.8,0,2.6625,0.0411,01111011
EXSH0001,2016-10-12T06:17:34Z,48.3600,-4.7800,1014.8,0,2.6527,0.0463,01111011
EXSH0001,2016-10-12T06:22:34Z,48.3600,-4.7800,1014.8,0,2.6513,0.0598,01111011
EXSH0001,2016-10-12T06:27:34Z,48.3600,-4.7800,1014.8,0,2.6432,0.0568,01111011
EXSH0001,2016-10-12T06:32:34Z,48.3600,-4.7800,1014.8,0,2.6371,0.0571,01111011
EXSH0001,2016-10-12T06:37:34Z,48.3600,-4.7800,1014.8,0,2.6161,0.046,01111011
EXSH0001,2016-10-12T06:42:34Z,48.3600,-4.7800,1014.8,0,2.6162,0.0462,01111011
EXSH0001,2016-10-12T06:47:34Z,48.3600,-4.7800,1014.8,0,2.6182,0.0482,01111011
EXSH0001,2016-10-12T06:52:34Z,48.3600,-4.7800,1014.8,0,2.6389,0.0689,01111011
EXSH0001,2016-10-12T06:57:34Z,48.3600,-4.7800,1014.8,0,2.6444,0.0744,01111011
EXSH0001,2016-10-12T07:02:34Z,48.3600,-4.7800,1015.1,0,2.6435,0.0635,01111011
EXSH0001,2016-10-12T07:07:34Z,48.3600,-4.7800,1015.1,0,2.6509,0.061,01111011
EXSH0001,2016-10-12T07:12:34Z,48.3600,-4.7800,1015.1,0,2.6608,0.0558,01111011
EXSH0001,2016-10-12T07:17:34Z,48.3600,-4.7800,1015.1,0,2.6703,0.0504,01111011
EXSH0001,2016-10-12T07:22:34Z,48.3600,-4.7800,1015.1,0,2.6932,0.0583,01111011
EXSH0001,2016-10-12T07:27:34Z,48.3600,-4.7800,1015.1,0,2.7141,0.0542,01111011
EXSH0001,2016-10-12T07:32:34Z,48.3600,-4.7800,1015.1,0,2.7441,0.0719,01111011
EXSH0001,2016-10-12T07:37:34Z,48.3600,-4.7800,1015.1,0,2.7712,0.0751,01111011
EXSH0001,2016-10-12T07:42:34Z,48.3600,-4.7800,1015.1,0,2.7951,0.0729,01111011
EXSH0001,2016-10-12T07:47:34Z,48.3600,-4.7800,1015.1,0,2.8211,0.0689,01111011
EXSH0001,2016-10-12T07:52:34Z,48.3600,-4.7800,1015.1,0,2.8557,0.0635,01111011
EXSH0001,2016-10-12T07:57:34Z,48.3600,-4.7800,1015.1,0,2.8932,0.071,01111011
EXSH0001,2016-10-12T08:02:34Z,48.3600,-4.7800,1015.4,0,2.9269,0.0636,01111011
EXSH0001,2016-10-12T08:07:34Z,48.3600,-4.7800,1015.4,0,2.9549,0.0527,01111011
EXSH0001,2016-10-12T08:12:34Z,48.3600,-4.7800,1015.4,0,2.989,0.0457,01111011
EXSH0001,2016-10-12T08:17:34Z,48.3600,-4.7800,1015.4,0,3.0359,0.0415,01111011
EXSH0001,2016-10-12T08:22:34Z,48.3600,-4.7800,1015.4,0,3.0835,0.0402,01111011
EXSH0001,2016-10-12T08:27:34Z,48.3600,-4.7800,1015.4,0,3.1346,0.0402,01111011
EXSH0001,2016-10-12T08:32:34Z,48.3600,-4.7800,1015.4,0,3.1922,0.0604,01111011
EXSH0001,2016-10-12T08:37:34Z,48.3600,-4.7800,1015.4,0,3.2405,0.0515,01111011
EXSH0001,2016-10-12T08:42:34Z,48.3600,-4.7800,1015.4,0,3.2928,0.0438,01111011
EXSH0001,2016-10-12T08:47:34Z,48.3600,-4.7800,1015.4,0,3.3542,0.053,01111011
EXSH0001,2016-10-12T08:52:34Z,48.3600,-4.7800,1015.4,0,3.4052,0.0362,01111011
EXSH0001,2016-10-12T08:57:34Z,48.3600,-4.7800,1015.4,0,3.4563,0.0273,01111011
EXSH0001,2016-10-12T09:02:34Z,48.3600,-4.7800,1015.4,0,3.5279,0.0389,01111011
EXSH0001,2016-10-12T09:07:34Z,48.3600,-4.7800,1015.4,0,3.5957,0.0367,01111011
EXSH0001,2016-10-12T09:12:34Z,48.3600,-4.7800,1015.4,0,3.6635,0.0373,01111011
EXSH0001,2016-10-12T09:17:34Z,48.3600,-4.7800,1015.4,0,3.7365,0.0452,01111011
EXSH0001,2016-10-12T09:22:34Z,48.3600,-4.7800,1015.4,0,3.798,0.0317,01111011
EXSH0001,2016-10-12T09:27:34Z,48.3600,-4.7800,1015.4,0,3.8698,0.0385,01111011
EXSH0001,2016-10-12T09:32:34Z,48.3600,-4.7800,1015.4,0,3.9357,0.0474,01111011
EXSH0001,2016-10-12T09:37:34Z,48.3600,-4.7800,1015.4,0,4.0053,0.0421,01111011
EXSH0001,2016-10-12T09:42:34Z,48.3600,-4.7800,1015.4,0,4.0783,0.0437,01111011
EXSH0001,2016-10-12T09:47:34Z,48.3600,-4.7800,1015.4,0,4.1529,0.0496,01111011
EXSH0001,2016-10-12T09:52:34Z,48.3600,-4.7800,1015.4,0,4.2201,0.0419,01111011
EXSH0001,2016-10-12T09:57:34Z,48.3600,-4.7800,1015.4,0,4.2862,0.033,01111011
EXSH0001,2016-10-12T10:02:34Z,48.3600,-4.7800,1015.3,0,4.3563,0.028,01111011
EXSH0001,2016-10-12T10:07:34Z,48.3600,-4.7800,1015.3,0,4.4221,0.0275,01111011
EXSH0001,2016-10-12T10:12:34Z,48.3600,-4.7800,1015.3,0,4.4778,0.0095,01111011
EXSH0001,2016-10-12T10:17:34Z,48.3600,-4.7800,1015.3,0,4.5748,0.0316,01111011
EXSH0001,2016-10-12T10:22:34Z,48.3600,-4.7800,1015.3,0,4.6537,0.0391,01111011
EXSH0001,2016-10-12T10:27:34Z,48.3600,-4.7800,1015.3,0,4.7067,0.0234,01111011
EXSH0001,2016-10-12T10:32:34Z,48.3600,-4.7800,1015.3,0,4.772,0.0328,01111011
EXSH0001,2016-10-12T10:37:34Z,48.3600,-4.7800,1015.3,0,4.838,0.0338,01111011
EXSH0001,2016-10-12T10:42:34Z,48.3600,-4.7800,1015.3,0,4.8927,0.0233,01111011
EXSH0001,2016-10-12T10:47:34Z,48.3600,-4.7800,1015.3,0,4.9633,0.0239,01111011
EXSH0001,2016-10-12T10:52:34Z,48.3600,-4.7800,1015.3,0,5.0386,0.0392,01111011
EXSH0001,2016-10-12T10:57:34Z,48.3600,-4.7800,1015.3,0,5.0865,0.0223,01111011
EXSH0001,2016-10-12T11:02:34Z,48.3600,-4.7800,1014.6,0,5.1471,0.0177,01111011
EXSH0001,2016-10-12T11:07:34Z,48.3600,-4.7800,1014.6,0,5.2269,0.0423,01111011
EXSH0001,2016-10-12T11:12:34Z,48.3600,-4.7800,1014.6,0,5.2744,0.035,01111011
EXSH0001,2016-10-12T11:17:34Z,48.3600,-4.7800,1014.6,0,5.3181,0.0187,01111011
EXSH0001,2016-10-12T11:22:34Z,48.3600,-4.7800,1014.6,0,5.3856,0.0361,01111011
EXSH0001,2016-10-12T11:27:34Z,48.3600,-4.7800,1014.6,0,5.4407,0.0362,01111011
EXSH0001,2016-10-12T11:32:34Z,48.3600,-4.7800,1014.6,0,5.4937,0.0551,01111011
EXSH0001,2016-10-12T11:37:34Z,48.3600,-4.7800,1014.6,0,5.5411,0.0575,01111011
EXSH0001,2016-10-12T11:42:34Z,48.3600,-4.7800,1014.6,0,5.571,0.0424,01111011
EXSH0001,2016-10-12T11:47:34Z,48.3600,-4.7800,1014.6,0,5.5919,0.0195,01111011
EXSH0001,2016-10-12T11:52:34Z,48.3600,-4.7800,1014.6,0,5.6379,0.0293,01111011
EXSH0001,2016-10-12T11:57:34Z,48.3600,-4.7800,1014.6,0,5.6883,0.0459,01111011
EXSH0001,2016-10-12T12:02:34Z,48.3600,-4.7800,1014,0,5.7091,0.0367,01111011
EXSH0001,2016-10-12T12:07:34Z,48.3600,-4.7800,1014,0,5.7415,0.0391,01111011
EXSH0001,2016-10-12T12:12:34Z,48.3600,-4.7800,1014,0,5.7807,0.0483,01111011
EXSH0001,2016-10-12T12:17:34Z,48.3600,-4.7800,1014,0,5.8207,0.0683,01111011
EXSH0001,2016-10-12T12:22:34Z,48.3600,-4.7800,1014,0,5.8447,0.0685,01111011
EXSH0001,2016-10-12T12:27:34Z,48.3600,-4.7800,1014,0,5.8625,0.0713,01111011
EXSH0001,2016-10-12T12:32:34Z,48.3600,-4.7800,1014,0,5.8617,0.0617,01111011
EXSH0001,2016-10-12T12:37:34Z,48.3600,-4.7800,1014,0,5.87,0.0626,01111011
EXSH0001,2016-10-12T12:42:34Z,48.3600,-4.7800,1014,0,5.8766,0.0666,01111011
EXSH0001,2016-10-12T12:47:34Z,48.3600,-4.7800,1014,0,5.8699,0.0525,01111011
EXSH0001,2016-10-12T12:52:34Z,48.3600,-4.7800,1014,0,5.8718,0.0618,01111011
EXSH0001,2016-10-12T12:57:34Z,48.3600,-4.7800,1014,0,5.8663,0.0563,01111011
EXSH0001,2016-10-12T13:02:34Z,48.3600,-4.7800,1013.5,0,5.8719,0.0719,01111011
EXSH0001,2016-10-12T13:07:34Z,48.3600,-4.7800,1013.5,0,5.8625,0.0699,01111011
EXSH0001,2016-10-12T13:12:34Z,48.3600,-4.7800,1013.5,0,5.8476,0.07,01111011
EXSH0001,2016-10-12T13:17:34Z,48.3600,-4.7800,1013.5,0,5.8307,0.0755,01111011
EXSH0001,2016-10-12T13:22:34Z,48.3600,-4.7800,1013.5,0,5.8059,0.0707,01111011
EXSH0001,2016-10-12T13:27:34Z,48.3600,-4.7800,1013.5,0,5.7768,0.0716,01111011
EXSH0001,2016-10-12T13:32:34Z,48.3600,-4.7800,1013.5,0,5.7515,0.06,01111011
EXSH0001,2016-10-12T13:37:34Z,48.3600,-4.7800,1013.5,0,5.7325,0.0732,01111011
EXSH0001,2016-10-12T13:42:34Z,48.3600,-4.7800,1013.5,0,5.7113,0.0884,01111011
EXSH0001,2016-10-12T13:47:34Z,48.3600,-4.7800,1013.5,0,5.6811,0.0918,01111011
EXSH0001,2016-10-12T13:52:34Z,48.3600,-4.7800,1013.5,0,5.6408,0.0879,01111011
EXSH0001,2016-10-12T13:57:34Z,48.3600,-4.7800,1013.5,0,5.5989,0.0896,01111011
EXSH0001,2016-10-12T14:02:34Z,48.3600,-4.7800,1013,0,5.5567,0.0924,01111011
EXSH0001,2016-10-12T14:07:34Z,48.3600,-4.7800,1013,0,5.4956,0.0762,01111011
EXSH0001,2016-10-12T14:12:34Z,48.3600,-4.7800,1013,0,5.4505,0.0761,01111011
EXSH0001,2016-10-12T14:17:34Z,48.3600,-4.7800,1013,0,5.4037,0.0843,01111011
EXSH0001,2016-10-12T14:22:34Z,48.3600,-4.7800,1013,0,5.338,0.0722,01111011
EXSH0001,2016-10-12T14:27:34Z,48.3600,-4.7800,1013,0,5.2965,0.0807,01111011
EXSH0001,2016-10-12T14:32:34Z,48.3600,-4.7800,1013,0,5.2423,0.0721,01111011
EXSH0001,2016-10-12T14:37:34Z,48.3600,-4.7800,1013,0,5.1785,0.0683,01111011
EXSH0001,2016-10-12T14:42:34Z,48.3600,-4.7800,1013,0,5.1261,0.0759,01111011
EXSH0001,2016-10-12T14:47:34Z,48.3600,-4.7800,1013,0,5.0693,0.0791,01111011
EXSH0001,2016-10-12T14:52:34Z,48.3600,-4.7800,1013,0,4.984,0.0538,01111011
EXSH0001,2016-10-12T14:57:34Z,48.3600,-4.7800,1013,0,4.921,0.0608,01111011
EXSH0001,2016-10-12T15:02:34Z,48.3600,-4.7800,1012.4,0,4.8685,0.0683,01111011
EXSH0001,2016-10-12T15:07:34Z,48.3600,-4.7800,1012.4,0,4.8002,0.0699,01111011
EXSH0001,2016-10-12T15:12:34Z,48.3600,-4.7800,1012.4,0,4.7405,0.0752,01111011
EXSH0001,2016-10-12T15:17:34Z,48.3600,-4.7800,1012.4,0,4.6853,0.095,01111011
EXSH0001,2016-10-12T15:22:34Z,48.3600,-4.7800,1012.4,0,4.6283,0.1031,01111011
EXSH0001,2016-10-12T15:27:34Z,48.3600,-4.7800,1012.4,0,4.5561,0.0959,01111011
EXSH0001,2016-10-12T15:32:34Z,48.3600,-4.7800,1012.4,0,4.475,0.0705,01111011
EXSH0001,2016-10-12T15:37:34Z,48.3600,-4.7800,1012.4,0,4.4119,0.0824,01111011
EXSH0001,2016-10-12T15:42:34Z,48.3600,-4.7800,1012.4,0,4.351,0.0954,01111011
EXSH0001,2016-10-12T15:47:34Z,48.3600,-4.7800,1012.4,0,4.2788,0.0893,01111011
EXSH0001,2016-10-12T15:52:34Z,48.3600,-4.7800,1012.4,0,4.2046,0.0901,01111011
EXSH0001,2016-10-12T15:57:34Z,48.3600,-4.7800,1012.4,0,4.138,0.0985,01111011
EXSH0001,2016-10-12T16:02:34Z,48.3600,-4.7800,1012.1,0,4.0669,0.1013,01111011
EXSH0001,2016-10-12T16:07:34Z,48.3600,-4.7800,1012.1,0,3.9934,0.0939,01111011
EXSH0001,2016-10-12T16:12:34Z,48.3600,-4.7800,1012.1,0,3.9264,0.1019,01111011
EXSH0001,2016-10-12T16:17:34Z,48.3600,-4.7800,1012.1,0,3.8547,0.1052,01111011
EXSH0001,2016-10-12T16:22:34Z,48.3600,-4.7800,1012.1,0,3.778,0.1035,01111011
EXSH0001,2016-10-12T16:27:34Z,48.3600,-4.7800,1012.1,0,3.7145,0.1089,01111011
EXSH0001,2016-10-12T16:32:34Z,48.3600,-4.7800,1012.1,0,3.6451,0.0913,01111011
EXSH0001,2016-10-12T16:37:34Z,48.3600,-4.7800,1012.1,0,3.5649,0.0861,01111011
EXSH0001,2016-10-12T16:42:34Z,48.3600,-4.7800,1012.1,0,3.4956,0.0846,01111011
EXSH0001,2016-10-12T16:47:34Z,48.3600,-4.7800,1012.1,0,3.44,0.1012,01111011
EXSH0001,2016-10-12T16:52:34Z,48.3600,-4.7800,1012.1,0,3.3719,0.1009,01111011
EXSH0001,2016-10-12T16:57:34Z,48.3600,-4.7800,1012.1,0,3.3097,0.1087,01111011
EXSH0001,2016-10-12T17:02:34Z,48.3600,-4.7800,1012.2,0,3.2416,0.1078,01111011
EXSH0001,2016-10-12T17:07:34Z,48.3600,-4.7800,1012.2,0,3.1843,0.1133,01111011
EXSH0001,2016-10-12T17:12:34Z,48.3600,-4.7800,1012.2,0,3.1183,0.1145,01111011
EXSH0001,2016-10-12T17:17:34Z,48.3600,-4.7800,1012.2,0,3.0388,0.0978,01111011
EXSH0001,2016-10-12T17:22:34Z,48.3600,-4.7800,1012.2,0,2.9745,0.0935,01111011
EXSH0001,2016-10-12T17:27:34Z,48.3600,-4.7800,1012.2,0,2.9247,0.1037,01111011
EXSH0001,2016-10-12T17:32:34Z,48.3600,-4.7800,1012.2,0,2.8693,0.0903,01111011
EXSH0001,2016-10-12T17:37:34Z,48.3600,-4.7800,1012.2,0,2.8065,0.0811,01111011
EXSH0001,2016-10-12T17:42:34Z,48.3600,-4.7800,1012.2,0,2.7609,0.0918,01111011
EXSH0001,2016-10-12T17:47:34Z,48.3600,-4.7800,1012.2,0,2.7131,0.089,01111011
EXSH0001,2016-10-12T17:52:34Z,48.3600,-4.7800,1012.2,0,2.6689,0.0998,01111011
EXSH0001,2016-10-12T17:57:34Z,48.3600,-4.7800,1012.2,0,2.6203,0.0962,01111011
EXSH0001,2016-10-12T18:02:34Z,48.3600,-4.7800,1012.5,0,2.5601,0.081,01111011
EXSH0001,2016-10-12T18:07:34Z,48.3600,-4.7800,1012.5,0,2.5203,0.0776,01111011
EXSH0001,2016-10-12T18:12:34Z,48.3600,-4.7800,1012.5,0,2.4784,0.0757,01111011
EXSH0001,2016-10-12T18:17:34Z,48.3600,-4.7800,1012.5,0,2.4289,0.0649,01111011
EXSH0001,2016-10-12T18:22:34Z,48.3600,-4.7800,1012.5,0,2.4085,0.0758,01111011
EXSH0001,2016-10-12T18:27:34Z,48.3600,-4.7800,1012.5,0,2.3685,0.0658,01111011
EXSH0001,2016-10-12T18:32:34Z,48.3600,-4.7800,1012.5,0,2.3399,0.0596,01111011
EXSH0001,2016-10-12T18:37:34Z,48.3600,-4.7800,1012.5,0,2.3147,0.0544,01111011
EXSH0001,2016-10-12T18:42:34Z,48.3600,-4.7800,1012.5,0,2.2993,0.0591,01111011
EXSH0001,2016-10-12T18:47:34Z,48.3600,-4.7800,1012.5,0,2.2754,0.0551,01111011
EXSH0001,2016-10-12T18:52:34Z,48.3600,-4.7800,1012.5,0,2.2593,0.0591,01111011
EXSH0001,2016-10-12T18:57:34Z,48.3600,-4.7800,1012.5,0,2.2483,0.0532,01111011
EXSH0001,2016-10-12T19:02:34Z,48.3600,-4.7800,1012.6,0,2.2419,0.0617,01111011
EXSH0001,2016-10-12T19:07:34Z,48.3600,-4.7800,1012.6,0,2.238,0.058,01111011
EXSH0001,2016-10-12T19:12:34Z,48.3600,-4.7800,1012.6,0,2.23,0.05,01111011
EXSH0001,2016-10-12T19:17:34Z,48.3600,-4.7800,1012.6,0,2.235,0.0601,01111011
EXSH0001,2016-10-12T19:22:34Z,48.3600,-4.7800,1012.6,0,2.2331,0.0531,01111011
EXSH0001,2016-10-12T19:27:34Z,48.3600,-4.7800,1012.6,0,2.2479,0.0631,01111011
EXSH0001,2016-10-12T19:32:34Z,48.3600,-4.7800,1012.6,0,2.2475,0.0513,01111011
EXSH0001,2016-10-12T19:37:34Z,48.3600,-4.7800,1012.6,0,2.2579,0.0567,01111011
EXSH0001,2016-10-12T19:42:34Z,48.3600,-4.7800,1012.6,0,2.2511,0.0349,01111011
EXSH0001,2016-10-12T19:47:34Z,48.3600,-4.7800,1012.6,0,2.2769,0.0357,01111011
EXSH0001,2016-10-12T19:52:34Z,48.3600,-4.7800,1012.6,0,2.2913,0.0289,01111011
EXSH0001,2016-10-12T19:57:34Z,48.3600,-4.7800,1012.6,0,2.3157,0.0333,01111011
EXSH0001,2016-10-12T20:02:34Z,48.3600,-4.7800,1012.3,0,2.3429,0.0305,01111011
EXSH0001,2016-10-12T20:07:34Z,48.3600,-4.7800,1012.3,0,2.3723,0.0299,01111011
EXSH0001,2016-10-12T20:12:34Z,48.3600,-4.7800,1012.3,0,2.4083,0.0297,01111011
EXSH0001,2016-10-12T20:17:34Z,48.3600,-4.7800,1012.3,0,2.4335,0.0199,01111011
EXSH0001,2016-10-12T20:22:34Z,48.3600,-4.7800,1012.3,0,2.4793,0.0269,01111011
EXSH0001,2016-10-12T20:27:34Z,48.3600,-4.7800,1012.3,0,2.5031,0.0095,01111011
EXSH0001,2016-10-12T20:32:34Z,48.3600,-4.7800,1012.3,0,2.5456,0.016,01111011
EXSH0001,2016-10-12T20:37:34Z,48.3600,-4.7800,1012.3,0,2.5889,0.0067,01111011
EXSH0001,2016-10-12T20:42:34Z,48.3600,-4.7800,1012.3,0,2.6329,0.0033,01111011
EXSH0001,2016-10-12T20:47:34Z,48.3600,-4.7800,1012.3,0,2.7001,0.0105,01111011
EXSH0001,2016-10-12T20:52:34Z,48.3600,-4.7800,1012.3,0,2.7545,0.0149,01111011
EXSH0001,2016-10-12T20:57:34Z,48.3600,-4.7800,1012.3,0,2.8207,0.0211,01111011
EXSH0001,2016-10-12T21:02:34Z,48.3600,-4.7800,1012.3,0,2.8835,0.0139,01111011
EXSH0001,2016-10-12T21:07:34Z,48.3600,-4.7800,1012.3,0,2.9422,0.0126,01111011
EXSH0001,2016-10-12T21:12:34Z,48.3600,-4.7800,1012.3,0,3.0072,0.0076,01111011
EXSH0001,2016-10-12T21:17:34Z,48.3600,-4.7800,1012.3,0,3.0638,-0.0032,01111011
EXSH0001,2016-10-12T21:22:34Z,48.3600,-4.7800,1012.3,0,3.1367,-0.0053,01111011
EXSH0001,2016-10-12T21:27:34Z,48.3600,-4.7800,1012.3,0,3.2079,-0.0017,01111011
EXSH0001,2016-10-12T21:32:34Z,48.3600,-4.7800,1012.3,0,3.2814,0.0187,01111011
EXSH0001,2016-10-12T21:37:34Z,48.3600,-4.7800,1012.3,0,3.3603,0.019,01111011
EXSH0001,2016-10-12T21:42:34Z,48.3600,-4.7800,1012.3,0,3.4397,0.017,01111011
EXSH0001,2016-10-12T21:47:34Z,48.3600,-4.7800,1012.3,0,3.5137,0.016,01111011
EXSH0001,2016-10-12T21:52:34Z,48.3600,-4.7800,1012.3,0,3.597,0.0157,01111011
EXSH0001,2016-10-12T21:57:34Z,48.3600,-4.7800,1012.3,0,3.6812,0.0234,01111011
EXSH0001,2016-10-12T22:02:34Z,48.3600,-4.7800,1012.2,0,3.7583,0.017,01111011
EXSH0001,2016-10-12T22:07:34Z,48.3600,-4.7800,1012.2,0,3.8321,0.0108,01111011
EXSH0001,2016-10-12T22:12:34Z,48.3600,-4.7800,1012.2,0,3.9069,0.0042,01111011
EXSH0001,2016-10-12T22:17:34Z,48.3600,-4.7800,1012.2,0,3.991,0.0032,01111011
EXSH0001,2016-10-12T22:22:34Z,48.3600,-4.7800,1012.2,0,4.0735,0.0022,01111011
EXSH0001,2016-10-12T22:27:34Z,48.3600,-4.7800,1012.2,0,4.1535,0.0057,01111011
EXSH0001,2016-10-12T22:32:34Z,48.3600,-4.7800,1012.2,0,4.2299,0.0202,01111011
EXSH0001,2016-10-12T22:37:34Z,48.3600,-4.7800,1012.2,0,4.3157,0.0259,01111011
EXSH0001,2016-10-12T22:42:34Z,48.3600,-4.7800,1012.2,0,4.3912,0.0165,01111011
EXSH0001,2016-10-12T22:47:34Z,48.3600,-4.7800,1012.2,0,4.4694,0.0196,01111011
EXSH0001,2016-10-12T22:52:34Z,48.3600,-4.7800,1012.2,0,4.5499,0.0152,01111011
EXSH0001,2016-10-12T22:57:34Z,48.3600,-4.7800,1012.2,0,4.6437,0.0339,01111011
EXSH0001,2016-10-12T23:02:34Z,48.3600,-4.7800,1011.9,0,4.7117,0.022,01111011
EXSH0001,2016-10-12T23:07:34Z,48.3600,-4.7800,1011.9,0,4.7905,0.0208,01111011
EXSH0001,2016-10-12T23:12:34Z,48.3600,-4.7800,1011.9,0,4.8639,0.0191,01111011
EXSH0001,2016-10-12T23:17:34Z,48.3600,-4.7800,1011.9,0,4.9287,0.0189,01111011
EXSH0001,2016-10-12T23:22:34Z,48.3600,-4.7800,1011.9,0,5.0112,0.0264,01111011
EXSH0001,2016-10-12T23:27:34Z,48.3600,-4.7800,1011.9,0,5.0839,0.0241,01111011
EXSH0001,2016-10-12T23:32:34Z,48.3600,-4.7800,1011.9,0,5.1439,0.0384,01111011
EXSH0001,2016-10-12T23:37:34Z,48.3600,-4.7800,1011.9,0,5.2022,0.0278,01111011
EXSH0001,2016-10-12T23:42:34Z,48.3600,-4.7800,1011.9,0,5.2772,0.0417,01111011
EXSH0001,2016-10-12T23:47:34Z,48.3600,-4.7800,1011.9,0,5.3363,0.0319,01111011
EXSH0001,2016-10-12T23:52:34Z,48.3600,-4.7800,1011.9,0,5.3999,0.0355,01111011
EXSH0001,2016-10-12T23:57:34Z,48.3600,-4.7800,1011.9,0,5.4575,0.0392,01111011
EXSH0001,2016-10-13T00:02:34Z,48.3600,-4.7800,1011.3,0,5.5153,0.0409,01111011
EXSH0001,2016-10-13T00:07:34Z,48.3600,-4.7800,1011.3,0,5.5675,0.0392,01111011
EXSH0001,2016-10-13T00:12:34Z,48.3600,-4.7800,1011.3,0,5.6205,0.0472,01111011
EXSH0001,2016-10-13T00:17:34Z,48.3600,-4.7800,1011.3,0,5.6669,0.0486,01111011
EXSH0001,2016-10-13T00:22:34Z,48.3600,-4.7800,1011.3,0,5.7106,0.0473,01111011
EXSH0001,2016-10-13T00:27:34Z,48.3600,-4.7800,1011.3,0,5.755,0.0528,01111011
EXSH0001,2016-10-13T00:32:34Z,48.3600,-4.7800,1011.3,0,5.7909,0.0492,01111011
EXSH0001,2016-10-13T00:37:34Z,48.3600,-4.7800,1011.3,0,5.8242,0.0497,01111011
EXSH0001,2016-10-13T00:42:34Z,48.3600,-4.7800,1011.3,0,5.8549,0.0504,01111011
EXSH0001,2016-10-13T00:47:34Z,48.3600,-4.7800,1011.3,0,5.8808,0.0485,01111011
EXSH0001,2016-10-13T00:52:34Z,48.3600,-4.7800,1011.3,0,5.9002,0.0457,01111011
EXSH0001,2016-10-13T00:57:34Z,48.3600,-4.7800,1011.3,0,5.9196,0.0474,01111011
EXSH0001,2016-10-13T01:02:34Z,48.3600,-4.7800,1010.8,0,5.9371,0.0499,01111011
EXSH0001,2016-10-13T01:07:34Z,48.3600,-4.7800,1010.8,0,5.9488,0.0488,01111011
EXSH0001,2016-10-13T01:12:34Z,48.3600,-4.7800,1010.8,0,5.9557,0.0484,01111011
EXSH0001,2016-10-13T01:17:34Z,48.3600,-4.7800,1010.8,0,5.9529,0.0429,01111011
EXSH0001,2016-10-13T01:22:34Z,48.3600,-4.7800,1010.8,0,5.9538,0.0438,01111011
EXSH0001,2016-10-13T01:27:34Z,48.3600,-4.7800,1010.8,0,5.9569,0.0569,01111011
EXSH0001,2016-10-13T01:32:34Z,48.3600,-4.7800,1010.8,0,5.9595,0.0632,01111011
EXSH0001,2016-10-13T01:37:34Z,48.3600,-4.7800,1010.8,0,5.9567,0.0754,01111011
EXSH0001,2016-10-13T01:42:34Z,48.3600,-4.7800,1010.8,0,5.9331,0.0667,01111011
EXSH0001,2016-10-13T01:47:34Z,48.3600,-4.7800,1010.8,0,5.9171,0.0657,01111011
EXSH0001,2016-10-13T01:52:34Z,48.3600,-4.7800,1010.8,0,5.8895,0.0632,01111011
EXSH0001,2016-10-13T01:57:34Z,48.3600,-4.7800,1010.8,0,5.8724,0.0697,01111011
EXSH0001,2016-10-13T02:02:34Z,48.3600,-4.7800,1010.3,0,5.8407,0.068,01111011
EXSH0001,2016-10-13T02:07:34Z,48.3600,-4.7800,1010.3,0,5.8131,0.0704,01111011
EXSH0001,2016-10-13T02:12:34Z,48.3600,-4.7800,1010.3,0,5.7703,0.0676,01111011
EXSH0001,2016-10-13T02:17:34Z,48.3600,-4.7800,1010.3,0,5.7347,0.0706,01111011
EXSH0001,2016-10-13T02:22:34Z,48.3600,-4.7800,1010.3,0,5.6955,0.0728,01111011
EXSH0001,2016-10-13T02:27:34Z,48.3600,-4.7800,1010.3,0,5.6461,0.0621,01111011
EXSH0001,2016-10-13T02:32:34Z,48.3600,-4.7800,1010.3,0,5.614,0.0636,01111011
EXSH0001,2016-10-13T02:37:34Z,48.3600,-4.7800,1010.3,0,5.5696,0.0742,01111011
EXSH0001,2016-10-13T02:42:34Z,48.3600,-4.7800,1010.3,0,5.5171,0.0667,01111011
EXSH0001,2016-10-13T02:47:34Z,48.3600,-4.7800,1010.3,0,5.4596,0.0641,01111011
EXSH0001,2016-10-13T02:52:34Z,48.3600,-4.7800,1010.3,0,5.3959,0.0553,01111011
EXSH0001,2016-10-13T02:57:34Z,48.3600,-4.7800,1010.3,0,5.3432,0.0626,01111011
EXSH0001,2016-10-13T03:02:34Z,48.3600,-4.7800,1009.8,0,5.2877,0.0671,01111011
EXSH0001,2016-10-13T03:07:34Z,48.3600,-4.7800,1009.8,0,5.2308,0.0702,01111011
EXSH0001,2016-10-13T03:12:34Z,48.3600,-4.7800,1009.8,0,5.1796,0.079,01111011
EXSH0001,2016-10-13T03:17:34Z,48.3600,-4.7800,1009.8,0,5.1258,0.0901,01111011
EXSH0001,2016-10-13T03:22:34Z,48.3600,-4.7800,1009.8,0,5.0681,0.0975,01111011
EXSH0001,2016-10-13T03:27:34Z,48.3600,-4.7800,1009.8,0,5.0046,0.0989,01111011
EXSH0001,2016-10-13T03:32:34Z,48.3600,-4.7800,1009.8,0,4.9421,0.0869,01111011
EXSH0001,2016-10-13T03:37:34Z,48.3600,-4.7800,1009.8,0,4.882,0.098,01111011
EXSH0001,2016-10-13T03:42:34Z,48.3600,-4.7800,1009.8,0,4.8172,0.102,01111011
EXSH0001,2016-10-13T03:47:34Z,48.3600,-4.7800,1009.8,0,4.7517,0.1077,01111011
EXSH0001,2016-10-13T03:52:34Z,48.3600,-4.7800,1009.8,0,4.6802,0.1112,01111011
EXSH0001,2016-10-13T03:57:34Z,48.3600,-4.7800,1009.8,0,4.605,0.101,01111011
EXSH0001,2016-10-13T04:02:34Z,48.3600,-4.7800,1009.4,0,4.5339,0.1049,01111011
EXSH0001,2016-10-13T04:07:34Z,48.3600,-4.7800,1009.4,0,4.4605,0.1065,01111011
EXSH0001,2016-10-13T04:12:34Z,48.3600,-4.7800,1009.4,0,4.3861,0.1071,01111011
EXSH0001,2016-10-13T04:17:34Z,48.3600,-4.7800,1009.4,0,4.3158,0.1118,01111011
EXSH0001,2016-10-13T04:22:34Z,48.3600,-4.7800,1009.4,0,4.2397,0.1107,01111011
EXSH0001,2016-10-13T04:27:34Z,48.3600,-4.7800,1009.4,0,4.1709,0.1269,01111011
EXSH0001,2016-10-13T04:32:34Z,48.3600,-4.7800,1009.4,0,4.0957,0.1077,01111011
EXSH0001,2016-10-13T05:38:31Z,48.3600,-4.7800,,0,3.1245,0.1065,01119011
EXSH0001,2016-10-13T05:43:31Z,48.3600,-4.7800,,0,3.0499,0.1055,01119011
EXSH0001,2016-10-13T05:48:31Z,48.3600,-4.7800,,0,2.9867,0.1087,01119011
EXSH0001,2016-10-13T05:53:31Z,48.3600,-4.7800,,0,2.9316,0.1172,01119011
EXSH0001,2016-10-13T05:58:31Z,48.3600,-4.7800,,0,2.8674,0.1194,01119011
EXSH0001,2016-10-13T06:03:31Z,48.3600,-4.7800,1008.9,0,2.8061,0.1217,01111011
EXSH0001,2016-10-13T06:08:31Z,48.3600,-4.7800,1008.9,0,2.7458,0.1214,01111011
EXSH0001,2016-10-13T06:13:31Z,48.3600,-4.7800,1008.9,0,2.6735,0.1077,01111011
EXSH0001,2016-10-13T06:18:31Z,48.3600,-4.7800,1008.9,0,2.6139,0.0995,01111011
EXSH0001,2016-10-13T06:23:31Z,48.3600,-4.7800,1008.9,0,2.5518,0.0874,01111011
EXSH0001,2016-10-13T06:28:31Z,48.3600,-4.7800,1008.9,0,2.5067,0.0959,01111011
EXSH0001,2016-10-13T06:33:31Z,48.3600,-4.7800,1008.9,0,2.4563,0.0797,01111011
EXSH0001,2016-10-13T06:38:31Z,48.3600,-4.7800,1008.9,0,2.4198,0.0882,01111011
EXSH0001,2016-10-13T06:43:31Z,48.3600,-4.7800,1008.9,0,2.3766,0.09,01111011
EXSH0001,2016-10-13T06:48:31Z,48.3600,-4.7800,1008.9,0,2.3477,0.0961,01111011
EXSH0001,2016-10-13T06:53:31Z,48.3600,-4.7800,1008.9,0,2.3105,0.0961,01111011
EXSH0001,2016-10-13T06:58:31Z,48.3600,-4.7800,1008.9,0,2.2795,0.0951,01111011
EXSH0001,2016-10-13T07:03:31Z,48.3600,-4.7800,1008.8,0,2.2565,0.1021,01111011
EXSH0001,2016-10-13T07:08:31Z,48.3600,-4.7800,1008.8,0,2.2285,0.1013,01111011
EXSH0001,2016-10-13T07:13:31Z,48.3600,-4.7800,1008.8,0,2.2137,0.1093,01111011
EXSH0001,2016-10-13T07:18:31Z,48.3600,-4.7800,1008.8,0,2.1826,0.0954,01111011
EXSH0001,2016-10-13T07:23:31Z,48.3600,-4.7800,1008.8,0,2.1705,0.0983,01111011
EXSH0001,2016-10-13T07:28:31Z,48.3600,-4.7800,1008.8,0,2.157,0.097,01111011
EXSH0001,2016-10-13T07:33:31Z,48.3600,-4.7800,1008.8,0,2.1512,0.0951,01111011
EXSH0001,2016-10-13T07:38:31Z,48.3600,-4.7800,1008.8,0,2.1443,0.0943,01111011
EXSH0001,2016-10-13T07:43:31Z,48.3600,-4.7800,1008.8,0,2.1577,0.1077,01111011
EXSH0001,2016-10-13T07:48:31Z,48.3600,-4.7800,1008.8,0,2.1579,0.1079,01111011
EXSH0001,2016-10-13T07:53:31Z,48.3600,-4.7800,1008.8,0,2.1808,0.1269,01111011
EXSH0001,2016-10-13T07:58:31Z,48.3600,-4.7800,1008.8,0,2.1781,0.1181,01111011
EXSH0001,2016-10-13T08:03:31Z,48.3600,-4.7800,1008.8,0,2.1895,0.1155,01111011
EXSH0001,2016-10-13T08:08:31Z,48.3600,-4.7800,1008.8,0,2.1851,0.0961,01111011
EXSH0001,2016-10-13T08:13:31Z,48.3600,-4.7800,1008.8,0,2.2017,0.0878,01111011
EXSH0001,2016-10-13T08:18:31Z,48.3600,-4.7800,1008.8,0,2.2273,0.0894,01111011
EXSH0001,2016-10-13T08:23:31Z,48.3600,-4.7800,1008.8,0,2.2523,0.0844,01111011
EXSH0001,2016-10-13T08:28:31Z,48.3600,-4.7800,1008.8,0,2.2899,0.092,01111011
EXSH0001,2016-10-13T08:33:31Z,48.3600,-4.7800,1008.8,0,2.317,0.0968,01111011
EXSH0001,2016-10-13T08:38:31Z,48.3600,-4.7800,1008.8,0,2.3533,0.098,01111011
EXSH0001,2016-10-13T08:43:31Z,48.3600,-4.7800,1008.8,0,2.39,0.0897,01111011
EXSH0001,2016-10-13T08:48:31Z,48.3600,-4.7800,1008.8,0,2.4339,0.0886,01111011
EXSH0001,2016-10-13T08:53:31Z,48.3600,-4.7800,1008.8,0,2.4765,0.0861,01111011
EXSH0001,2016-10-13T08:58:31Z,48.3600,-4.7800,1008.8,0,2.5213,0.076,01111011
EXSH0001,2016-10-13T09:03:31Z,48.3600,-4.7800,1008.6,0,2.5838,0.0834,01111011
EXSH0001,2016-10-13T09:08:31Z,48.3600,-4.7800,1008.6,0,2.6447,0.0843,01111011
EXSH0001,2016-10-13T09:13:31Z,48.3600,-4.7800,1008.6,0,2.7004,0.07,01111011
EXSH0001,2016-10-13T09:18:31Z,48.3600,-4.7800,1008.6,0,2.7617,0.0662,01111011
EXSH0001,2016-10-13T09:23:31Z,48.3600,-4.7800,1008.6,0,2.8339,0.0734,01111011
EXSH0001,2016-10-13T09:28:31Z,48.3600,-4.7800,1008.6,0,2.8987,0.0632,01111011
EXSH0001,2016-10-13T09:33:31Z,48.3600,-4.7800,1008.6,0,2.9719,0.0794,01111011
EXSH0001,2016-10-13T09:38:31Z,48.3600,-4.7800,1008.6,0,3.0354,0.0664,01111011
EXSH0001,2016-10-13T09:43:31Z,48.3600,-4.7800,1008.6,0,3.1093,0.0568,01111011
EXSH0001,2016-10-13T09:48:31Z,48.3600,-4.7800,1008.6,0,3.1911,0.0536,01111011
EXSH0001,2016-10-13T09:53:31Z,48.3600,-4.7800,1008.6,0,3.2681,0.0491,01111011
EXSH0001,2016-10-13T09:58:31Z,48.3600,-4.7800,1008.6,0,3.3503,0.0413,01111011
EXSH0001,2016-10-13T10:03:31Z,48.3600,-4.7800,1008,0,3.4301,0.0311,01111011
EXSH0001,2016-10-13T10:08:31Z,48.3600,-4.7800,1008,0,3.5295,0.0405,01111011
EXSH0001,2016-10-13T10:13:31Z,48.3600,-4.7800,1008,0,3.6305,0.0515,01111011
EXSH0001,2016-10-13T10:18:31Z,48.3600,-4.7800,1008,0,3.7185,0.0395,01111011
EXSH0001,2016-10-13T10:23:31Z,48.3600,-4.7800,1008,0,3.8003,0.0313,01111011
EXSH0001,2016-10-13T10:28:31Z,48.3600,-4.7800,1008,0,3.8925,0.0235,01111011
EXSH0001,2016-10-13T10:33:31Z,48.3600,-4.7800,1008,0,3.9817,0.0455,01111011
EXSH0001,2016-10-13T10:38:31Z,48.3600,-4.7800,1008,0,4.0797,0.0458,01111011
EXSH0001,2016-10-13T10:43:31Z,48.3600,-4.7800,1008,0,4.1675,0.0386,01111011
EXSH0001,2016-10-13T10:48:31Z,48.3600,-4.7800,1008,0,4.2523,0.0261,01111011
EXSH0001,2016-10-13T10:53:31Z,48.3600,-4.7800,1008,0,4.3451,0.0189,01111011
EXSH0001,2016-10-13T10:58:31Z,48.3600,-4.7800,1008,0,4.4331,0.0169,01111011
EXSH0001,2016-10-13T11:03:31Z,48.3600,-4.7800,1007.7,0,4.5311,0.0149,01111011
EXSH0001,2016-10-13T11:08:31Z,48.3600,-4.7800,1007.7,0,4.6361,0.0299,01111011
EXSH0001,2016-10-13T11:13:31Z,48.3600,-4.7800,1007.7,0,4.7214,0.0152,01111011
EXSH0001,2016-10-13T11:18:31Z,48.3600,-4.7800,1007.7,0,4.8104,0.0142,01111011
EXSH0001,2016-10-13T11:23:31Z,48.3600,-4.7800,1007.7,0,4.9017,0.0155,01111011
EXSH0001,2016-10-13T11:28:31Z,48.3600,-4.7800,1007.7,0,4.9941,0.0179,01111011
EXSH0001,2016-10-13T11:33:31Z,48.3600,-4.7800,1007.7,0,5.0884,0.0441,01111011
EXSH0001,2016-10-13T11:38:31Z,48.3600,-4.7800,1007.7,0,5.1577,0.0234,01111011
EXSH0001,2016-10-13T11:43:31Z,48.3600,-4.7800,1007.7,0,5.2453,0.0301,01111011
EXSH0001,2016-10-13T11:48:31Z,48.3600,-4.7800,1007.7,0,5.3294,0.0251,01111011
EXSH0001,2016-10-13T11:53:31Z,48.3600,-4.7800,1007.7,0,5.4144,0.0291,01111011
EXSH0001,2016-10-13T11:58:31Z,48.3600,-4.7800,1007.7,0,5.508,0.0437,01111011
EXSH0001,2016-10-13T12:03:31Z,48.3600,-4.7800,1007.2,0,5.5756,0.0303,01111011
EXSH0001,2016-10-13T12:08:31Z,48.3600,-4.7800,1007.2,0,5.6561,0.0358,01111011
EXSH0001,2016-10-13T12:13:31Z,48.3600,-4.7800,1007.2,0,5.7232,0.037,01111011
EXSH0001,2016-10-13T12:18:31Z,48.3600,-4.7800,1007.2,0,5.7822,0.0219,01111011
EXSH0001,2016-10-13T12:23:31Z,48.3600,-4.7800,1007.2,0,5.8553,0.0291,01111011
EXSH0001,2016-10-13T12:28:31Z,48.3600,-4.7800,1007.2,0,5.9319,0.0457,01111011
EXSH0001,2016-10-13T12:33:31Z,48.3600,-4.7800,1007.2,0,5.9857,0.0547,01111011
EXSH0001,2016-10-13T12:38:31Z,48.3600,-4.7800,1007.2,0,6.046,0.0553,01111011
EXSH0001,2016-10-13T12:43:31Z,48.3600,-4.7800,1007.2,0,6.0948,0.0538,01111011
EXSH0001,2016-10-13T12:48:31Z,48.3600,-4.7800,1007.2,0,6.1449,0.0541,01111011
EXSH0001,2016-10-13T12:53:31Z,48.3600,-4.7800,1007.2,0,6.1911,0.0553,01111011
EXSH0001,2016-10-13T12:58:31Z,48.3600,-4.7800,1007.2,0,6.2274,0.0567,01111011
EXSH0001,2016-10-13T13:03:31Z,48.3600,-4.7800,1006.5,0,6.2602,0.0497,01111011
EXSH0001,2016-10-13T13:08:31Z,48.3600,-4.7800,1006.5,0,6.2969,0.0564,01111011
EXSH0001,2016-10-13T13:13:31Z,48.3600,-4.7800,1006.5,0,6.3252,0.0547,01111011
EXSH0001,2016-10-13T13:18:31Z,48.3600,-4.7800,1006.5,0,6.3537,0.0635,01111011
EXSH0001,2016-10-13T13:23:31Z,48.3600,-4.7800,1006.5,0,6.3833,0.0781,01111011
EXSH0001,2016-10-13T13:28:31Z,48.3600,-4.7800,1006.5,0,6.3941,0.0739,01111011
EXSH0001,2016-10-13T13:33:31Z,48.3600,-4.7800,1006.5,0,6.4059,0.0759,01111011
EXSH0001,2016-10-13T13:38:31Z,48.3600,-4.7800,1006.5,0,6.4121,0.0821,01111011
EXSH0001,2016-10-13T13:43:31Z,48.3600,-4.7800,1006.5,0,6.4065,0.0765,01111011
EXSH0001,2016-10-13T13:48:31Z,48.3600,-4.7800,1006.5,0,6.4169,0.0933,01111011
EXSH0001,2016-10-13T13:53:31Z,48.3600,-4.7800,1006.5,0,6.4005,0.0905,01111011
EXSH0001,2016-10-13T13:58:31Z,48.3600,-4.7800,1006.5,0,6.3881,0.0909,01111011
EXSH0001,2016-10-13T14:03:31Z,48.3600,-4.7800,1006.1,0,6.3765,0.0993,01111011
EXSH0001,2016-10-13T14:08:31Z,48.3600,-4.7800,1006.1,0,6.3596,0.106,01111011
EXSH0001,2016-10-13T14:13:31Z,48.3600,-4.7800,1006.1,0,6.328,0.1008,01111011
EXSH0001,2016-10-13T14:18:31Z,48.3600,-4.7800,1006.1,0,6.3008,0.11,01111011
EXSH0001,2016-10-13T14:23:31Z,48.3600,-4.7800,1006.1,0,6.2623,0.1065,01111011
EXSH0001,2016-10-13T14:28:31Z,48.3600,-4.7800,1006.1,0,6.2195,0.1087,01111011
EXSH0001,2016-10-13T14:33:31Z,48.3600,-4.7800,1006.1,0,6.1759,0.0993,01111011
EXSH0001,2016-10-13T14:38:31Z,48.3600,-4.7800,1006.1,0,6.1263,0.0947,01111011
EXSH0001,2016-10-13T14:43:31Z,48.3600,-4.7800,1006.1,0,6.0835,0.1047,01111011
EXSH0001,2016-10-13T14:48:31Z,48.3600,-4.7800,1006.1,0,6.0258,0.1042,01111011
EXSH0001,2016-10-13T14:53:31Z,48.3600,-4.7800,1006.1,0,5.9867,0.1179,01111011
EXSH0001,2016-10-13T14:58:31Z,48.3600,-4.7800,1006.1,0,5.9265,0.1177,01111011
EXSH0001,2016-10-13T15:03:31Z,48.3600,-4.7800,1006,0,5.8539,0.1129,01111011
EXSH0001,2016-10-13T15:08:31Z,48.3600,-4.7800,1006,0,5.7854,0.1094,01111011
EXSH0001,2016-10-13T15:13:31Z,48.3600,-4.7800,1006,0,5.7196,0.1108,01111011
EXSH0001,2016-10-13T15:18:31Z,48.3600,-4.7800,1006,0,5.6489,0.1129,01111011
EXSH0001,2016-10-13T15:23:31Z,48.3600,-4.7800,1006,0,5.5909,0.1299,01111011
EXSH0001,2016-10-13T15:28:31Z,48.3600,-4.7800,1006,0,5.526,0.14,01111011
EXSH0001,2016-10-13T15:33:31Z,48.3600,-4.7800,1006,0,5.4419,0.1117,01111011
EXSH0001,2016-10-13T15:38:31Z,48.3600,-4.7800,1006,0,5.3563,0.101,01111011
EXSH0001,2016-10-13T15:43:31Z,48.3600,-4.7800,1006,0,5.2825,0.1062,01111011
EXSH0001,2016-10-13T15:48:31Z,48.3600,-4.7800,1006,0,5.1995,0.1042,01111011
EXSH0001,2016-10-13T15:53:31Z,48.3600,-4.7800,1006,0,5.1237,0.1134,01111011
EXSH0001,2016-10-13T15:58:31Z,48.3600,-4.7800,1006,0,5.0507,0.1244,01111011
EXSH0001,2016-10-13T16:03:31Z,48.3600,-4.7800,1006,0,4.9551,0.1148,01111011
EXSH0001,2016-10-13T16:08:31Z,48.3600,-4.7800,1006,0,4.8754,0.1191,01111011
EXSH0001,2016-10-13T16:13:31Z,48.3600,-4.7800,1006,0,4.8004,0.1341,01111011
EXSH0001,2016-10-13T16:18:31Z,48.3600,-4.7800,1006,0,4.7159,0.1396,01111011
EXSH0001,2016-10-13T16:23:31Z,48.3600,-4.7800,1006,0,4.6397,0.1534,01111011
EXSH0001,2016-10-13T16:28:31Z,48.3600,-4.7800,1006,0,4.5392,0.1429,01111011
EXSH0001,2016-10-13T16:33:31Z,48.3600,-4.7800,1006,0,4.4499,0.1205,01111011
EXSH0001,2016-10-13T16:38:31Z,48.3600,-4.7800,1006,0,4.3534,0.114,01111011
EXSH0001,2016-10-13T16:43:31Z,48.3600,-4.7800,1006,0,4.2631,0.1137,01111011
EXSH0001,2016-10-13T16:48:31Z,48.3600,-4.7800,1006,0,4.1829,0.1235,01111011
EXSH0001,2016-10-13T16:53:31Z,48.3600,-4.7800,1006,0,4.098,0.1286,01111011
EXSH0001,2016-10-13T16:58:31Z,48.3600,-4.7800,1006,0,4.0022,0.1228,01111011
EXSH0001,2016-10-13T17:03:31Z,48.3600,-4.7800,1006.1,0,3.9122,0.1229,01111011
EXSH0001,2016-10-13T17:08:31Z,48.3600,-4.7800,1006.1,0,3.8233,0.1339,01111011
EXSH0001,2016-10-13T17:13:31Z,48.3600,-4.7800,1006.1,0,3.7402,0.1408,01111011
EXSH0001,2016-10-13T17:18:31Z,48.3600,-4.7800,1006.1,0,3.6487,0.1393,01111011
EXSH0001,2016-10-13T17:23:31Z,48.3600,-4.7800,1006.1,0,3.5617,0.1423,01111011
EXSH0001,2016-10-13T17:28:31Z,48.3600,-4.7800,1006.1,0,3.4733,0.1439,01111011
EXSH0001,2016-10-13T17:33:31Z,48.3600,-4.7800,1006.1,0,3.3826,0.1216,01111011
EXSH0001,2016-10-13T17:38:31Z,48.3600,-4.7800,1006.1,0,3.3083,0.1373,01111011
EXSH0001,2016-10-13T17:43:31Z,48.3600,-4.7800,1006.1,0,3.2227,0.1417,01111011
EXSH0001,2016-10-13T17:48:31Z,48.3600,-4.7800,1006.1,0,3.1421,0.1496,01111011
EXSH0001,2016-10-13T17:53:31Z,48.3600,-4.7800,1006.1,0,3.0575,0.1465,01111011
EXSH0001,2016-10-13T17:58:31Z,48.3600,-4.7800,1006.1,0,2.9661,0.1436,01111011
EXSH0001,2016-10-13T18:03:31Z,48.3600,-4.7800,1006.3,0,2.8955,0.1545,01111011
EXSH0001,2016-10-13T18:08:31Z,48.3600,-4.7800,1006.3,0,2.8073,0.1448,01111011
EXSH0001,2016-10-13T18:13:31Z,48.3600,-4.7800,1006.3,0,2.737,0.156,01111011
EXSH0001,2016-10-13T18:18:31Z,48.3600,-4.7800,1006.3,0,2.6463,0.1438,01111011
EXSH0001,2016-10-13T18:23:31Z,48.3600,-4.7800,1006.3,0,2.5812,0.1537,01111011
EXSH0001,2016-10-13T18:28:31Z,48.3600,-4.7800,1006.3,0,2.5135,0.151,01111011
EXSH0001,2016-10-13T18:33:31Z,48.3600,-4.7800,1006.3,0,2.4357,0.1292,01111011
EXSH0001,2016-10-13T18:38:31Z,48.3600,-4.7800,1006.3,0,2.3751,0.1359,01111011
EXSH0001,2016-10-13T18:43:31Z,48.3600,-4.7800,1006.3,0,2.3055,0.1263,01111011
EXSH0001,2016-10-13T18:48:31Z,48.3600,-4.7800,1006.3,0,2.2563,0.1371,01111011
EXSH0001,2016-10-13T18:53:31Z,48.3600,-4.7800,1006.3,0,2.1875,0.1283,01111011
EXSH0001,2016-10-13T18:58:31Z,48.3600,-4.7800,1006.3,0,2.1409,0.134,01111011
EXSH0001,2016-10-13T19:03:31Z,48.3600,-4.7800,1006.5,0,2.0808,0.1289,01111011
EXSH0001,2016-10-13T19:08:31Z,48.3600,-4.7800,1006.5,0,2.0435,0.1366,01111011
EXSH0001,2016-10-13T19:13:31Z,48.3600,-4.7800,1006.5,0,1.994,0.1321,01111011
EXSH0001,2016-10-13T19:18:31Z,48.3600,-4.7800,1006.5,0,1.9605,0.1359,01111011
EXSH0001,2016-10-13T19:23:31Z,48.3600,-4.7800,1006.5,0,1.9251,0.1405,01111011
EXSH0001,2016-10-13T19:28:31Z,48.3600,-4.7800,1006.5,0,1.892,0.1374,01111011
EXSH0001,2016-10-13T19:33:31Z,48.3600,-4.7800,1006.5,0,1.8656,0.1337,01111011
EXSH0001,2016-10-13T19:38:31Z,48.3600,-4.7800,1006.5,0,1.8286,0.1226,01111011
EXSH0001,2016-10-13T19:43:31Z,48.3600,-4.7800,1006.5,0,1.8239,0.142,01111011
EXSH0001,2016-10-13T19:48:31Z,48.3600,-4.7800,1006.5,0,1.7887,0.1227,01111011
EXSH0001,2016-10-13T19:53:31Z,48.3600,-4.7800,1006.5,0,1.7909,0.14,01111011
EXSH0001,2016-10-13T19:58:31Z,48.3600,-4.7800,1006.5,0,1.7804,0.1344,01111011
EXSH0001,2016-10-13T20:03:31Z,48.3600,-4.7800,1006.6,0,1.779,0.139,01111011
EXSH0001,2016-10-13T20:08:31Z,48.3600,-4.7800,1006.6,0,1.797,0.157,01111011
EXSH0001,2016-10-13T20:13:31Z,48.3600,-4.7800,1006.6,0,1.7979,0.1579,01111011
EXSH0001,2016-10-13T20:18:31Z,48.3600,-4.7800,1006.6,0,1.8055,0.1555,01111011
EXSH0001,2016-10-13T20:23:31Z,48.3600,-4.7800,1006.6,0,1.8064,0.1474,01111011
EXSH0001,2016-10-13T20:28:31Z,48.3600,-4.7800,1006.6,0,1.8041,0.1301,01111011
EXSH0001,2016-10-13T20:33:31Z,48.3600,-4.7800,1006.6,0,1.8059,0.1154,01111011
EXSH0001,2016-10-13T20:38:31Z,48.3600,-4.7800,1006.6,0,1.8144,0.1039,01111011
EXSH0001,2016-10-13T20:43:31Z,48.3600,-4.7800,1006.6,0,1.832,0.0915,01111011
EXSH0001,2016-10-13T20:48:31Z,48.3600,-4.7800,1006.6,0,1.8589,0.0884,01111011
EXSH0001,2016-10-13T20:53:31Z,48.3600,-4.7800,1006.6,0,1.8841,0.0783,01111011
EXSH0001,2016-10-13T20:58:31Z,48.3600,-4.7800,1006.6,0,1.9288,0.0783,01111011
EXSH0001,2016-10-13T21:03:31Z,48.3600,-4.7800,1006.8,0,1.9677,0.082,01111011
EXSH0001,2016-10-13T21:08:31Z,48.3600,-4.7800,1006.8,0,2.0346,0.0939,01111011
EXSH0001,2016-10-13T21:13:31Z,48.3600,-4.7800,1006.8,0,2.0761,0.0851,01111011
EXSH0001,2016-10-13T21:18:31Z,48.3600,-4.7800,1006.8,0,2.1337,0.083,01111011
EXSH0001,2016-10-13T21:23:31Z,48.3600,-4.7800,1006.8,0,2.1881,0.0818,01111011
EXSH0001,2016-10-13T21:28:31Z,48.3600,-4.7800,1006.8,0,2.2603,0.0893,01111011
EXSH0001,2016-10-13T21:33:31Z,48.3600,-4.7800,1006.8,0,2.3034,0.0864,01111011
EXSH0001,2016-10-13T21:38:31Z,48.3600,-4.7800,1006.8,0,2.3793,0.0873,01111011
EXSH0001,2016-10-13T21:43:31Z,48.3600,-4.7800,1006.8,0,2.4496,0.0826,01111011
EXSH0001,2016-10-13T21:48:31Z,48.3600,-4.7800,1006.8,0,2.5055,0.0635,01111011
EXSH0001,2016-10-13T21:53:31Z,48.3600,-4.7800,1006.8,0,2.5999,0.0729,01111011
EXSH0001,2016-10-13T21:58:31Z,48.3600,-4.7800,1006.8,0,2.6813,0.0729,01111011
EXSH0001,2016-10-13T22:03:31Z,48.3600,-4.7800,1006.6,0,2.7565,0.0581,01111011
EXSH0001,2016-10-13T22:08:31Z,48.3600,-4.7800,1006.6,0,2.8445,0.0561,01111011
EXSH0001,2016-10-13T22:13:31Z,48.3600,-4.7800,1006.6,0,2.9407,0.0609,01111011
EXSH0001,2016-10-13T22:18:31Z,48.3600,-4.7800,1006.6,0,3.0225,0.0441,01111011
EXSH0001,2016-10-13T22:23:31Z,48.3600,-4.7800,1006.6,0,3.1281,0.0497,01111011
EXSH0001,2016-10-13T22:28:31Z,48.3600,-4.7800,1006.6,0,3.2155,0.0407,01111011
EXSH0001,2016-10-13T22:33:31Z,48.3600,-4.7800,1006.6,0,3.3192,0.0646,01111011
EXSH0001,2016-10-13T22:38:31Z,48.3600,-4.7800,1006.6,0,3.4138,0.057,01111011
EXSH0001,2016-10-13T22:43:31Z,48.3600,-4.7800,1006.6,0,3.5167,0.0621,01111011
EXSH0001,2016-10-13T22:48:31Z,48.3600,-4.7800,1006.6,0,3.6265,0.0669,01111011
EXSH0001,2016-10-13T22:53:31Z,48.3600,-4.7800,1006.6,0,3.7306,0.066,01111011
EXSH0001,2016-10-13T22:58:31Z,48.3600,-4.7800,1006.6,0,3.8292,0.0596,01111011
EXSH0001,2016-10-13T23:03:31Z,48.3600,-4.7800,1006.3,0,3.9329,0.0505,01111011
EXSH0001,2016-10-13T23:08:31Z,48.3600,-4.7800,1006.3,0,4.039,0.0494,01111011
EXSH0001,2016-10-13T23:13:31Z,48.3600,-4.7800,1006.3,0,4.1541,0.0595,01111011
EXSH0001,2016-10-13T23:18:31Z,48.3600,-4.7800,1006.3,0,4.2491,0.0495,01111011
EXSH0001,2016-10-13T23:23:31Z,48.3600,-4.7800,1006.3,0,4.3507,0.0461,01111011
EXSH0001,2016-10-13T23:28:31Z,48.3600,-4.7800,1006.3,0,4.4565,0.0469,01111011
EXSH0001,2016-10-13T23:33:31Z,48.3600,-4.7800,1006.3,0,4.5622,0.0745,01111011
EXSH0001,2016-10-13T23:38:31Z,48.3600,-4.7800,1006.3,0,4.6563,0.0726,01111011
EXSH0001,2016-10-13T23:43:31Z,48.3600,-4.7800,1006.3,0,4.7582,0.0705,01111011
EXSH0001,2016-10-13T23:48:31Z,48.3600,-4.7800,1006.3,0,4.8578,0.0652,01111011
EXSH0001,2016-10-13T23:53:31Z,48.3600,-4.7800,1006.3,0,4.9444,0.0568,01111011
EXSH0001,2016-10-13T23:58:31Z,48.3600,-4.7800,1006.3,0,5.0599,0.0762,01111011
EXSH0001,2016-10-14T00:03:31Z,48.3600,-4.7800,1006,0,5.1468,0.0631,01111011
EXSH0001,2016-10-14T00:08:31Z,48.3600,-4.7800,1006,0,5.2341,0.0604,01111011
EXSH0001,2016-10-14T00:13:31Z,48.3600,-4.7800,1006,0,5.3228,0.0591,01111011
EXSH0001,2016-10-14T00:18:31Z,48.3600,-4.7800,1006,0,5.4036,0.0499,01111011
EXSH0001,2016-10-14T00:23:31Z,48.3600,-4.7800,1006,0,5.5011,0.0574,01111011
EXSH0001,2016-10-14T00:28:31Z,48.3600,-4.7800,1006,0,5.5833,0.0586,01111011
EXSH0001,2016-10-14T00:33:31Z,48.3600,-4.7800,1006,0,5.6607,0.0602,01111011
EXSH0001,2016-10-14T00:38:31Z,48.3600,-4.7800,1006,0,5.7484,0.0729,01111011
EXSH0001,2016-10-14T00:43:31Z,48.3600,-4.7800,1006,0,5.8245,0.064,01111011
EXSH0001,2016-10-14T00:48:31Z,48.3600,-4.7800,1006,0,5.8971,0.0667,01111011
EXSH0001,2016-10-14T00:53:31Z,48.3600,-4.7800,1006,0,5.9708,0.0703,01111011
EXSH0001,2016-10-14T00:58:31Z,48.3600,-4.7800,1006,0,6.0249,0.0545,01111011
EXSH0001,2016-10-14T01:03:31Z,48.3600,-4.7800,1005.5,0,6.0777,0.0473,01111011
EXSH0001,2016-10-14T01:08:31Z,48.3600,-4.7800,1005.5,0,6.1455,0.0551,01111011
EXSH0001,2016-10-14T01:13:31Z,48.3600,-4.7800,1005.5,0,6.2069,0.0665,01111011
EXSH0001,2016-10-14T01:18:31Z,48.3600,-4.7800,1005.5,0,6.2587,0.0634,01111011
EXSH0001,2016-10-14T01:23:31Z,48.3600,-4.7800,1005.5,0,6.2975,0.0572,01111011
EXSH0001,2016-10-14T01:28:31Z,48.3600,-4.7800,1005.5,0,6.3393,0.0591,01111011
EXSH0001,2016-10-14T01:33:31Z,48.3600,-4.7800,1005.5,0,6.3696,0.0601,01111011
EXSH0001,2016-10-14T01:38:31Z,48.3600,-4.7800,1005.5,0,6.3927,0.0497,01111011
EXSH0001,2016-10-14T01:43:31Z,48.3600,-4.7800,1005.5,0,6.4274,0.0544,01111011
EXSH0001,2016-10-14T01:48:31Z,48.3600,-4.7800,1005.5,0,6.4453,0.0538,01111011
EXSH0001,2016-10-14T01:53:31Z,48.3600,-4.7800,1005.5,0,6.4757,0.0692,01111011
EXSH0001,2016-10-14T01:58:31Z,48.3600,-4.7800,1005.5,0,6.4948,0.0748,01111011
EXSH0001,2016-10-14T02:03:31Z,48.3600,-4.7800,1005,0,6.5051,0.0786,01111011
EXSH0001,2016-10-14T02:08:31Z,48.3600,-4.7800,1005,0,6.5229,0.0944,01111011
EXSH0001,2016-10-14T02:13:31Z,48.3600,-4.7800,1005,0,6.5137,0.0937,01111011
EXSH0001,2016-10-14T02:18:31Z,48.3600,-4.7800,1005,0,6.4953,0.0868,01111011
EXSH0001,2016-10-14T02:23:31Z,48.3600,-4.7800,1005,0,6.4891,0.0956,01111011
EXSH0001,2016-10-14T02:28:31Z,48.3600,-4.7800,1005,0,6.4635,0.0865,01111011
EXSH0001,2016-10-14T02:33:31Z,48.3600,-4.7800,1005,0,6.4292,0.0746,01111011
EXSH0001,2016-10-14T02:38:31Z,48.3600,-4.7800,1005,0,6.4099,0.0853,01111011
EXSH0001,2016-10-14T02:43:31Z,48.3600,-4.7800,1005,0,6.376,0.0814,01111011
EXSH0001,2016-10-14T02:48:31Z,48.3600,-4.7800,1005,0,6.3432,0.0863,01111011
EXSH0001,2016-10-14T02:53:31Z,48.3600,-4.7800,1005,0,6.3087,0.0968,01111011
EXSH0001,2016-10-14T02:58:31Z,48.3600,-4.7800,1005,0,6.2677,0.1008,01111011
EXSH0001,2016-10-14T03:03:31Z,48.3600,-4.7800,1004.7,0,6.2188,0.0969,01111011
EXSH0001,2016-10-14T03:08:31Z,48.3600,-4.7800,1004.7,0,6.1677,0.0985,01111011
EXSH0001,2016-10-14T03:13:31Z,48.3600,-4.7800,1004.7,0,6.1156,0.1064,01111011
EXSH0001,2016-10-14T03:18:31Z,48.3600,-4.7800,1004.7,0,6.0568,0.1076,01111011
EXSH0001,2016-10-14T03:23:31Z,48.3600,-4.7800,1004.7,0,6.0075,0.1183,01111011
EXSH0001,2016-10-14T03:28:31Z,48.3600,-4.7800,1004.7,0,5.9583,0.1368,01111011
EXSH0001,2016-10-14T03:33:31Z,48.3600,-4.7800,1004.7,0,5.8905,0.1167,01111011
EXSH0001,2016-10-14T03:38:31Z,48.3600,-4.7800,1004.7,0,5.8067,0.107,01111011
EXSH0001,2016-10-14T03:43:31Z,48.3600,-4.7800,1004.7,0,5.7497,0.1159,01111011
EXSH0001,2016-10-14T03:48:31Z,48.3600,-4.7800,1004.7,0,5.6839,0.1242,01111011
EXSH0001,2016-10-14T03:53:31Z,48.3600,-4.7800,1004.7,0,5.618,0.1423,01111011
EXSH0001,2016-10-14T03:58:31Z,48.3600,-4.7800,1004.7,0,5.5439,0.1441,01111011
EXSH0001,2016-10-14T04:03:31Z,48.3600,-4.7800,1004.5,0,5.4618,0.137,01111011
EXSH0001,2016-10-14T04:08:31Z,48.3600,-4.7800,1004.5,0,5.3661,0.1264,01111011
EXSH0001,2016-10-14T04:13:31Z,48.3600,-4.7800,1004.5,0,5.2893,0.1336,01111011
EXSH0001,2016-10-14T04:18:31Z,48.3600,-4.7800,1004.5,0,5.2154,0.1456,01111011
EXSH0001,2016-10-14T04:23:31Z,48.3600,-4.7800,1004.5,0,5.1322,0.1465,01111011
EXSH0001,2016-10-14T04:28:31Z,48.3600,-4.7800,1004.5,0,5.0402,0.1445,01111011
EXSH0001,2016-10-14T05:34:31Z,48.3600,-4.7800,,0,3.856,0.1468,01119011
EXSH0001,2016-10-14T05:39:31Z,48.3600,-4.7800,,0,3.7759,0.1623,01119011
EXSH0001,2016-10-14T05:44:31Z,48.3600,-4.7800,,0,3.6772,0.158,01119011
EXSH0001,2016-10-14T05:49:31Z,48.3600,-4.7800,,0,3.5796,0.156,01119011
EXSH0001,2016-10-14T05:54:31Z,48.3600,-4.7800,,0,3.4881,0.1645,01119011
EXSH0001,2016-10-14T05:59:31Z,48.3600,-4.7800,,0,3.3965,0.1629,01119011
EXSH0001,2016-10-14T06:04:31Z,48.3600,-4.7800,1004.3,0,3.3062,0.1726,01111011
EXSH0001,2016-10-14T06:09:31Z,48.3600,-4.7800,1004.3,0,3.2159,0.1723,01111011
EXSH0001,2016-10-14T06:14:31Z,48.3600,-4.7800,1004.3,0,3.1262,0.1726,01111011
EXSH0001,2016-10-14T06:19:31Z,48.3600,-4.7800,1004.3,0,3.0352,0.1716,01111011
EXSH0001,2016-10-14T06:24:31Z,48.3600,-4.7800,1004.3,0,2.9521,0.1785,01111011
EXSH0001,2016-10-14T06:29:31Z,48.3600,-4.7800,1004.3,0,2.8763,0.1927,01111011
EXSH0001,2016-10-14T06:34:31Z,48.3600,-4.7800,1004.3,0,2.7915,0.1763,01111011
EXSH0001,2016-10-14T06:39:31Z,48.3600,-4.7800,1004.3,0,2.7012,0.1702,01111011
EXSH0001,2016-10-14T06:44:31Z,48.3600,-4.7800,1004.3,0,2.6143,0.1683,01111011
EXSH0001,2016-10-14T06:49:31Z,48.3600,-4.7800,1004.3,0,2.5241,0.1531,01111011
EXSH0001,2016-10-14T06:54:31Z,48.3600,-4.7800,1004.3,0,2.452,0.156,01111011
EXSH0001,2016-10-14T06:59:31Z,48.3600,-4.7800,1004.3,0,2.3741,0.1531,01111011
EXSH0001,2016-10-14T07:04:31Z,48.3600,-4.7800,1004.1,0,2.3064,0.1604,01111011
EXSH0001,2016-10-14T07:09:31Z,48.3600,-4.7800,1004.1,0,2.2463,0.1695,01111011
EXSH0001,2016-10-14T07:14:31Z,48.3600,-4.7800,1004.1,0,2.1765,0.1605,01111011
EXSH0001,2016-10-14T07:19:31Z,48.3600,-4.7800,1004.1,0,2.1097,0.1629,01111011
EXSH0001,2016-10-14T07:24:31Z,48.3600,-4.7800,1004.1,0,2.0647,0.1679,01111011
EXSH0001,2016-10-14T07:29:31Z,48.3600,-4.7800,1004.1,0,2.0137,0.1769,01111011
EXSH0001,2016-10-14T07:34:31Z,48.3600,-4.7800,1004.1,0,1.9471,0.148,01111011
EXSH0001,2016-10-14T07:39:31Z,48.3600,-4.7800,1004.1,0,1.9049,0.1507,01111011
EXSH0001,2016-10-14T07:44:31Z,48.3600,-4.7800,1004.1,0,1.8532,0.144,01111011
EXSH0001,2016-10-14T07:49:31Z,48.3600,-4.7800,1004.1,0,1.8277,0.1536,01111011
EXSH0001,2016-10-14T07:54:31Z,48.3600,-4.7800,1004.1,0,1.8009,0.1648,01111011
EXSH0001,2016-10-14T07:59:31Z,48.3600,-4.7800,1004.1,0,1.7583,0.1522,01111011
EXSH0001,2016-10-14T08:04:31Z,48.3600,-4.7800,1004.1,0,1.735,0.152,01111011
EXSH0001,2016-10-14T08:09:31Z,48.3600,-4.7800,1004.1,0,1.714,0.1559,01111011
EXSH0001,2016-10-14T08:14:31Z,48.3600,-4.7800,1004.1,0,1.6957,0.1526,01111011
EXSH0001,2016-10-14T08:19:31Z,48.3600,-4.7800,1004.1,0,1.6888,0.1607,01111011
EXSH0001,2016-10-14T08:24:31Z,48.3600,-4.7800,1004.1,0,1.682,0.162,01111011
EXSH0001,2016-10-14T08:29:31Z,48.3600,-4.7800,1004.1,0,1.695,0.175,01111011
EXSH0001,2016-10-14T08:34:31Z,48.3600,-4.7800,1004.1,0,1.6946,0.1746,01111011
EXSH0001,2016-10-14T08:39:31Z,48.3600,-4.7800,1004.1,0,1.7013,0.1813,01111011
EXSH0001,2016-10-14T08:44:31Z,48.3600,-4.7800,1004.1,0,1.7113,0.1782,01111011
EXSH0001,2016-10-14T08:49:31Z,48.3600,-4.7800,1004.1,0,1.7358,0.1877,01111011
EXSH0001,2016-10-14T08:54:31Z,48.3600,-4.7800,1004.1,0,1.7462,0.1831,01111011
EXSH0001,2016-10-14T08:59:31Z,48.3600,-4.7800,1004.1,0,1.7403,0.1541,01111011
EXSH0001,2016-10-14T09:04:31Z,48.3600,-4.7800,1003.8,0,1.7882,0.172,01111011
EXSH0001,2016-10-14T09:09:31Z,48.3600,-4.7800,1003.8,0,1.798,0.1518,01111011
EXSH0001,2016-10-14T09:14:31Z,48.3600,-4.7800,1003.8,0,1.8443,0.165,01111011
EXSH0001,2016-10-14T09:19:31Z,48.3600,-4.7800,1003.8,0,1.8753,0.151,01111011
EXSH0001,2016-10-14T09:24:31Z,48.3600,-4.7800,1003.8,0,1.9187,0.1494,01111011
EXSH0001,2016-10-14T09:29:31Z,48.3600,-4.7800,1003.8,0,1.9748,0.1524,01111011
EXSH0001,2016-10-14T09:34:31Z,48.3600,-4.7800,1003.8,0,2.0154,0.1474,01111011
EXSH0001,2016-10-14T09:39:31Z,48.3600,-4.7800,1003.8,0,2.0892,0.1612,01111011
EXSH0001,2016-10-14T09:44:31Z,48.3600,-4.7800,1003.8,0,2.1385,0.1505,01111011
EXSH0001,2016-10-14T09:49:31Z,48.3600,-4.7800,1003.8,0,2.2207,0.1582,01111011
EXSH0001,2016-10-14T09:54:31Z,48.3600,-4.7800,1003.8,0,2.2885,0.151,01111011
EXSH0001,2016-10-14T09:59:31Z,48.3600,-4.7800,1003.8,0,2.3592,0.1467,01111011
EXSH0001,2016-10-14T10:04:31Z,48.3600,-4.7800,1003.7,0,2.432,0.135,01111011
EXSH0001,2016-10-14T10:09:31Z,48.3600,-4.7800,1003.7,0,2.5121,0.1351,01111011
EXSH0001,2016-10-14T10:14:31Z,48.3600,-4.7800,1003.7,0,2.6209,0.1444,01111011
EXSH0001,2016-10-14T10:19:31Z,48.3600,-4.7800,1003.7,0,2.7215,0.1545,01111011
EXSH0001,2016-10-14T10:24:31Z,48.3600,-4.7800,1003.7,0,2.7993,0.1328,01111011
EXSH0001,2016-10-14T10:29:31Z,48.3600,-4.7800,1003.7,0,2.8963,0.1293,01111011
EXSH0001,2016-10-14T10:34:31Z,48.3600,-4.7800,1003.7,0,2.9914,0.1515,01111011
EXSH0001,2016-10-14T10:39:31Z,48.3600,-4.7800,1003.7,0,3.0881,0.1332,01111011
EXSH0001,2016-10-14T10:44:31Z,48.3600,-4.7800,1003.7,0,3.1885,0.1286,01111011
EXSH0001,2016-10-14T10:49:31Z,48.3600,-4.7800,1003.7,0,3.2888,0.1139,01111011
EXSH0001,2016-10-14T10:54:31Z,48.3600,-4.7800,1003.7,0,3.3847,0.0991,01111011
EXSH0001,2016-10-14T10:59:31Z,48.3600,-4.7800,1003.7,0,3.4928,0.0879,01111011
EXSH0001,2016-10-14T11:04:31Z,48.3600,-4.7800,1003.7,0,3.6187,0.1031,01111011
EXSH0001,2016-10-14T11:09:31Z,48.3600,-4.7800,1003.7,0,3.7382,0.1026,01111011
EXSH0001,2016-10-14T11:14:31Z,48.3600,-4.7800,1003.7,0,3.8553,0.0997,01111011
EXSH0001,2016-10-14T11:19:31Z,48.3600,-4.7800,1003.7,0,3.9612,0.0856,01111011
EXSH0001,2016-10-14T11:24:31Z,48.3600,-4.7800,1003.7,0,4.0669,0.0713,01111011
EXSH0001,2016-10-14T11:29:31Z,48.3600,-4.7800,1003.7,0,4.1815,0.0659,01111011
EXSH0001,2016-10-14T11:34:31Z,48.3600,-4.7800,1003.7,0,4.2999,0.0935,01111011
EXSH0001,2016-10-14T11:39:31Z,48.3600,-4.7800,1003.7,0,4.4143,0.0879,01111011
EXSH0001,2016-10-14T11:44:31Z,48.3600,-4.7800,1003.7,0,4.5277,0.0834,01111011
EXSH0001,2016-10-14T11:49:31Z,48.3600,-4.7800,1003.7,0,4.65,0.0936,01111011
EXSH0001,2016-10-14T11:54:31Z,48.3600,-4.7800,1003.7,0,4.7669,0.0905,01111011
EXSH0001,2016-10-14T11:59:31Z,48.3600,-4.7800,1003.7,0,4.8689,0.0725,01111011
EXSH0001,2016-10-14T12:04:31Z,48.3600,-4.7800,1003.3,0,4.9783,0.0719,01111011
EXSH0001,2016-10-14T12:09:31Z,48.3600,-4.7800,1003.3,0,5.0991,0.0798,01111011
EXSH0001,2016-10-14T12:14:31Z,48.3600,-4.7800,1003.3,0,5.2046,0.0702,01111011
EXSH0001,2016-10-14T12:19:31Z,48.3600,-4.7800,1003.3,0,5.3049,0.0656,01111011
EXSH0001,2016-10-14T12:24:31Z,48.3600,-4.7800,1003.3,0,5.4009,0.0565,01111011
EXSH0001,2016-10-14T12:29:31Z,48.3600,-4.7800,1003.3,0,5.5199,0.0706,01111011
EXSH0001,2016-10-14T12:34:31Z,48.3600,-4.7800,1003.3,0,5.6156,0.0878,01111011
EXSH0001,2016-10-14T12:39:31Z,48.3600,-4.7800,1003.3,0,5.7238,0.091,01111011
EXSH0001,2016-10-14T12:44:31Z,48.3600,-4.7800,1003.3,0,5.8271,0.0976,01111011
EXSH0001,2016-10-14T12:49:31Z,48.3600,-4.7800,1003.3,0,5.9275,0.098,01111011
EXSH0001,2016-10-14T12:54:31Z,48.3600,-4.7800,1003.3,0,6.0007,0.0812,01111011
EXSH0001,2016-10-14T12:59:31Z,48.3600,-4.7800,1003.3,0,6.0993,0.0898,01111011
EXSH0001,2016-10-14T13:04:31Z,48.3600,-4.7800,1003,0,6.1791,0.0796,01111011
EXSH0001,2016-10-14T13:09:31Z,48.3600,-4.7800,1003,0,6.2544,0.0749,01111011
EXSH0001,2016-10-14T13:14:31Z,48.3600,-4.7800,1003,0,6.3279,0.0667,01111011
EXSH0001,2016-10-14T13:19:31Z,48.3600,-4.7800,1003,0,6.4005,0.0642,01111011
EXSH0001,2016-10-14T13:24:31Z,48.3600,-4.7800,1003,0,6.4753,0.0723,01111011
EXSH0001,2016-10-14T13:29:31Z,48.3600,-4.7800,1003,0,6.5599,0.0869,01111011
EXSH0001,2016-10-14T13:34:31Z,48.3600,-4.7800,1003,0,6.6067,0.0891,01111011
EXSH0001,2016-10-14T13:39:31Z,48.3600,-4.7800,1003,0,6.6728,0.1046,01111011
EXSH0001,2016-10-14T13:44:31Z,48.3600,-4.7800,1003,0,6.723,0.0998,01111011
EXSH0001,2016-10-14T13:49:31Z,48.3600,-4.7800,1003,0,6.7661,0.0979,01111011
EXSH0001,2016-10-14T13:54:31Z,48.3600,-4.7800,1003,0,6.7963,0.0831,01111011
EXSH0001,2016-10-14T13:59:31Z,48.3600,-4.7800,1003,0,6.8402,0.0914,01111011
EXSH0001,2016-10-14T14:04:31Z,48.3600,-4.7800,1002.5,0,6.8639,0.0851,01111011
EXSH0001,2016-10-14T14:09:31Z,48.3600,-4.7800,1002.5,0,6.8977,0.0983,01111011
EXSH0001,2016-10-14T14:14:31Z,48.3600,-4.7800,1002.5,0,6.9193,0.1049,01111011
EXSH0001,2016-10-14T14:19:31Z,48.3600,-4.7800,1002.5,0,6.9372,0.1078,01111011
EXSH0001,2016-10-14T14:24:31Z,48.3600,-4.7800,1002.5,0,6.9519,0.1219,01111011
EXSH0001,2016-10-14T14:29:31Z,48.3600,-4.7800,1002.5,0,6.9366,0.1066,01111011
EXSH0001,2016-10-14T14:34:31Z,48.3600,-4.7800,1002.5,0,6.9421,0.1221,01111011
EXSH0001,2016-10-14T14:39:31Z,48.3600,-4.7800,1002.5,0,6.9285,0.1143,01111011
EXSH0001,2016-10-14T14:44:31Z,48.3600,-4.7800,1002.5,0,6.9181,0.1289,01111011
EXSH0001,2016-10-14T14:49:31Z,48.3600,-4.7800,1002.5,0,6.898,0.1296,01111011
EXSH0001,2016-10-14T14:54:31Z,48.3600,-4.7800,1002.5,0,6.8779,0.1395,01111011
EXSH0001,2016-10-14T14:59:31Z,48.3600,-4.7800,1002.5,0,6.8323,0.1297,01111011
EXSH0001,2016-10-14T15:04:31Z,48.3600,-4.7800,1002,0,6.7986,0.141,01111011
EXSH0001,2016-10-14T15:09:31Z,48.3600,-4.7800,1002,0,6.7644,0.1518,01111011
EXSH0001,2016-10-14T15:14:31Z,48.3600,-4.7800,1002,0,6.7155,0.1579,01111011
EXSH0001,2016-10-14T15:19:31Z,48.3600,-4.7800,1002,0,6.6563,0.1495,01111011
EXSH0001,2016-10-14T15:24:31Z,48.3600,-4.7800,1002,0,6.5942,0.1474,01111011
EXSH0001,2016-10-14T15:29:31Z,48.3600,-4.7800,1002,0,6.5462,0.1652,01111011
EXSH0001,2016-10-14T15:34:31Z,48.3600,-4.7800,1002,0,6.4829,0.1507,01111011
EXSH0001,2016-10-14T15:39:31Z,48.3600,-4.7800,1002,0,6.4177,0.1574,01111011
EXSH0001,2016-10-14T15:44:31Z,48.3600,-4.7800,1002,0,6.3447,0.1594,01111011
EXSH0001,2016-10-14T15:49:31Z,48.3600,-4.7800,1002,0,6.2658,0.1555,01111011
EXSH0001,2016-10-14T15:54:31Z,48.3600,-4.7800,1002,0,6.1977,0.1694,01111011
EXSH0001,2016-10-14T15:59:31Z,48.3600,-4.7800,1002,0,6.1225,0.1742,01111011
EXSH0001,2016-10-14T16:04:31Z,48.3600,-4.7800,1001.7,0,6.0437,0.1854,01111011
EXSH0001,2016-10-14T16:09:31Z,48.3600,-4.7800,1001.7,0,5.9747,0.2064,01111011
EXSH0001,2016-10-14T16:14:31Z,48.3600,-4.7800,1001.7,0,5.8908,0.2125,01111011
EXSH0001,2016-10-14T16:19:31Z,48.3600,-4.7800,1001.7,0,5.7991,0.2108,01111011
EXSH0001,2016-10-14T16:24:31Z,48.3600,-4.7800,1001.7,0,5.7117,0.2204,01111011
EXSH0001,2016-10-14T16:29:31Z,48.3600,-4.7800,1001.7,0,5.6285,0.2321,01111011
EXSH0001,2016-10-14T16:34:31Z,48.3600,-4.7800,1001.7,0,5.5189,0.1975,01111011
EXSH0001,2016-10-14T16:39:31Z,48.3600,-4.7800,1001.7,0,5.4171,0.1938,01111011
EXSH0001,2016-10-14T16:44:31Z,48.3600,-4.7800,1001.7,0,5.3236,0.1953,01111011
EXSH0001,2016-10-14T16:49:31Z,48.3600,-4.7800,1001.7,0,5.2337,0.2104,01111011
EXSH0001,2016-10-14T16:54:31Z,48.3600,-4.7800,1001.7,0,5.1218,0.2035,01111011
EXSH0001,2016-10-14T16:59:31Z,48.3600,-4.7800,1001.7,0,5.0249,0.2116,01111011
EXSH0001,2016-10-14T17:04:31Z,48.3600,-4.7800,1001.9,0,4.9181,0.2098,01111011
EXSH0001,2016-10-14T17:09:31Z,48.3600,-4.7800,1001.9,0,4.8122,0.2089,01111011
EXSH0001,2016-10-14T17:14:31Z,48.3600,-4.7800,1001.9,0,4.7178,0.2195,01111011
EXSH0001,2016-10-14T17:19:31Z,48.3600,-4.7800,1001.9,0,4.6189,0.2256,01111011
EXSH0001,2016-10-14T17:24:31Z,48.3600,-4.7800,1001.9,0,4.5134,0.2282,01111011
EXSH0001,2016-10-14T17:29:31Z,48.3600,-4.7800,1001.9,0,4.3946,0.2213,01111011
EXSH0001,2016-10-14T17:34:31Z,48.3600,-4.7800,1001.9,0,4.2879,0.1944,01111011
EXSH0001,2016-10-14T17:39:31Z,48.3600,-4.7800,1001.9,0,4.1909,0.2069,01111011
EXSH0001,2016-10-14T17:44:31Z,48.3600,-4.7800,1001.9,0,4.062,0.1885,01111011
EXSH0001,2016-10-14T17:49:31Z,48.3600,-4.7800,1001.9,0,3.9623,0.1983,01111011
EXSH0001,2016-10-14T17:54:31Z,48.3600,-4.7800,1001.9,0,3.8643,0.2108,01111011
EXSH0001,2016-10-14T17:59:31Z,48.3600,-4.7800,1001.9,0,3.7621,0.2181,01111011
EXSH0001,2016-10-14T18:04:31Z,48.3600,-4.7800,1001.6,0,3.646,0.2125,01111011
EXSH0001,2016-10-14T18:09:31Z,48.3600,-4.7800,1001.6,0,3.5353,0.2068,01111011
EXSH0001,2016-10-14T18:14:31Z,48.3600,-4.7800,1001.6,0,3.4461,0.2321,01111011
EXSH0001,2016-10-14T18:19:31Z,48.3600,-4.7800,1001.6,0,3.3456,0.2371,01111011
EXSH0001,2016-10-14T18:24:31Z,48.3600,-4.7800,1001.6,0,3.2539,0.2504,01111011
EXSH0001,2016-10-14T18:29:31Z,48.3600,-4.7800,1001.6,0,3.1489,0.2504,01111011
EXSH0001,2016-10-14T18:34:31Z,48.3600,-4.7800,1001.6,0,3.0399,0.2198,01111011
EXSH0001,2016-10-14T18:39:31Z,48.3600,-4.7800,1001.6,0,2.9529,0.2378,01111011
EXSH0001,2016-10-14T18:44:31Z,48.3600,-4.7800,1001.6,0,2.856,0.2402,01111011
EXSH0001,2016-10-14T18:49:31Z,48.3600,-4.7800,1001.6,0,2.7651,0.25,01111011
EXSH0001,2016-10-14T18:54:31Z,48.3600,-4.7800,1001.6,0,2.6515,0.2357,01111011
EXSH0001,2016-10-14T18:59:31Z,48.3600,-4.7800,1001.6,0,2.5545,0.2387,01111011
EXSH0001,2016-10-14T19:04:31Z,48.3600,-4.7800,1001.3,0,2.473,0.2472,01111011
EXSH0001,2016-10-14T19:09:31Z,48.3600,-4.7800,1001.3,0,2.3762,0.2404,01111011
EXSH0001,2016-10-14T19:14:31Z,48.3600,-4.7800,1001.3,0,2.2935,0.2477,01111011
EXSH0001,2016-10-14T19:19:31Z,48.3600,-4.7800,1001.3,0,2.2028,0.237,01111011
EXSH0001,2016-10-14T19:24:31Z,48.3600,-4.7800,1001.3,0,2.118,0.2365,01111011
EXSH0001,2016-10-14T19:29:31Z,48.3600,-4.7800,1001.3,0,2.0373,0.2308,01111011
EXSH0001,2016-10-14T19:34:31Z,48.3600,-4.7800,1001.3,0,1.9508,0.2011,01111011
EXSH0001,2016-10-14T19:39:31Z,48.3600,-4.7800,1001.3,0,1.881,0.2063,01111011
EXSH0001,2016-10-14T19:44:31Z,48.3600,-4.7800,1001.3,0,1.8131,0.2033,01111011
EXSH0001,2016-10-14T19:49:31Z,48.3600,-4.7800,1001.3,0,1.766,0.2242,01111011
EXSH0001,2016-10-14T19:54:31Z,48.3600,-4.7800,1001.3,0,1.7126,0.2288,01111011
EXSH0001,2016-10-14T19:59:31Z,48.3600,-4.7800,1001.3,0,1.66,0.2282,01111011
EXSH0001,2016-10-14T20:04:31Z,48.3600,-4.7800,1001.3,0,1.5867,0.2028,01111011
EXSH0001,2016-10-14T20:09:31Z,48.3600,-4.7800,1001.3,0,1.5437,0.2049,01111011
EXSH0001,2016-10-14T20:14:31Z,48.3600,-4.7800,1001.3,0,1.5007,0.2068,01111011
EXSH0001,2016-10-14T20:19:31Z,48.3600,-4.7800,1001.3,0,1.4644,0.2085,01111011
EXSH0001,2016-10-14T20:24:31Z,48.3600,-4.7800,1001.3,0,1.419,0.1931,01111011
EXSH0001,2016-10-14T20:29:31Z,48.3600,-4.7800,1001.3,0,1.3982,0.1953,01111011
EXSH0001,2016-10-14T20:34:31Z,48.3600,-4.7800,1001.3,0,1.3695,0.186,01111011
EXSH0001,2016-10-14T20:39:31Z,48.3600,-4.7800,1001.3,0,1.3601,0.1934,01111011
EXSH0001,2016-10-14T20:44:31Z,48.3600,-4.7800,1001.3,0,1.3496,0.1979,01111011
EXSH0001,2016-10-14T20:49:31Z,48.3600,-4.7800,1001.3,0,1.3555,0.2088,01111011
EXSH0001,2016-10-14T20:54:31Z,48.3600,-4.7800,1001.3,0,1.3551,0.2151,01111011
EXSH0001,2016-10-14T20:59:31Z,48.3600,-4.7800,1001.3,0,1.3471,0.2039,01111011
EXSH0001,2016-10-14T21:04:31Z,48.3600,-4.7800,1001.9,0,1.3577,0.2077,01111011
EXSH0001,2016-10-14T21:09:31Z,48.3600,-4.7800,1001.9,0,1.3531,0.1898,01111011
EXSH0001,2016-10-14T21:14:31Z,48.3600,-4.7800,1001.9,0,1.356,0.1778,01111011
EXSH0001,2016-10-14T21:19:31Z,48.3600,-4.7800,1001.9,0,1.3586,0.1521,01111011
EXSH0001,2016-10-14T21:24:31Z,48.3600,-4.7800,1001.9,0,1.3713,0.1348,01111011
EXSH0001,2016-10-14T21:29:31Z,48.3600,-4.7800,1001.9,0,1.3955,0.129,01111011
EXSH0001,2016-10-14T21:34:31Z,48.3600,-4.7800,1001.9,0,1.433,0.1398,01111011
EXSH0001,2016-10-14T21:39:31Z,48.3600,-4.7800,1001.9,0,1.4849,0.1467,01111011
EXSH0001,2016-10-14T21:44:31Z,48.3600,-4.7800,1001.9,0,1.5525,0.1693,01111011
EXSH0001,2016-10-14T21:49:31Z,48.3600,-4.7800,1001.9,0,1.5949,0.1573,01111011
EXSH0001,2016-10-14T21:54:31Z,48.3600,-4.7800,1001.9,0,1.6797,0.1921,01111011
EXSH0001,2016-10-14T21:59:31Z,48.3600,-4.7800,1001.9,0,1.7453,0.1883,01111011
EXSH0001,2016-10-14T22:04:31Z,48.3600,-4.7800,1002.2,0,1.8095,0.1875,01111011
EXSH0001,2016-10-14T22:09:31Z,48.3600,-4.7800,1002.2,0,1.8833,0.1863,01111011
EXSH0001,2016-10-14T22:14:31Z,48.3600,-4.7800,1002.2,0,1.9377,0.1657,01111011
EXSH0001,2016-10-14T22:19:31Z,48.3600,-4.7800,1002.2,0,2.0249,0.1685,01111011
EXSH0001,2016-10-14T22:24:31Z,48.3600,-4.7800,1002.2,0,2.0789,0.1325,01111011
EXSH0001,2016-10-14T22:29:31Z,48.3600,-4.7800,1002.2,0,2.1881,0.1517,01111011
EXSH0001,2016-10-14T22:34:31Z,48.3600,-4.7800,1002.2,0,2.2499,0.1443,01111011
EXSH0001,2016-10-14T22:39:31Z,48.3600,-4.7800,1002.2,0,2.3658,0.161,01111011
EXSH0001,2016-10-14T22:44:31Z,48.3600,-4.7800,1002.2,0,2.4657,0.1601,01111011
EXSH0001,2016-10-14T22:49:31Z,48.3600,-4.7800,1002.2,0,2.5695,0.1531,01111011
EXSH0001,2016-10-14T22:54:31Z,48.3600,-4.7800,1002.2,0,2.6807,0.1543,01111011
EXSH0001,2016-10-14T22:59:31Z,48.3600,-4.7800,1002.2,0,2.8021,0.1615,01111011
EXSH0001,2016-10-14T23:04:31Z,48.3600,-4.7800,1002.2,0,2.913,0.1566,01111011
EXSH0001,2016-10-14T23:09:31Z,48.3600,-4.7800,1002.2,0,3.0333,0.1569,01111011
EXSH0001,2016-10-14T23:14:31Z,48.3600,-4.7800,1002.2,0,3.1361,0.1397,01111011
EXSH0001,2016-10-14T23:19:31Z,48.3600,-4.7800,1002.2,0,3.254,0.1318,01111011
EXSH0001,2016-10-14T23:24:31Z,48.3600,-4.7800,1002.2,0,3.3767,0.1303,01111011
EXSH0001,2016-10-14T23:29:31Z,48.3600,-4.7800,1002.2,0,3.4984,0.1262,01111011
EXSH0001,2016-10-14T23:34:31Z,48.3600,-4.7800,1002.2,0,3.6176,0.152,01111011
EXSH0001,2016-10-14T23:39:31Z,48.3600,-4.7800,1002.2,0,3.7449,0.1493,01111011
EXSH0001,2016-10-14T23:44:31Z,48.3600,-4.7800,1002.2,0,3.8597,0.1372,01111011
EXSH0001,2016-10-14T23:49:31Z,48.3600,-4.7800,1002.2,0,3.9845,0.137,01111011
EXSH0001,2016-10-14T23:54:31Z,48.3600,-4.7800,1002.2,0,4.1248,0.1422,01111011
EXSH0001,2016-10-14T23:59:31Z,48.3600,-4.7800,1002.2,0,4.2559,0.1483,01111011
EXSH0001,2016-10-15T00:04:31Z,48.3600,-4.7800,1002.5,0,4.369,0.1334,01111011
EXSH0001,2016-10-15T00:09:31Z,48.3600,-4.7800,1002.5,0,4.4755,0.118,01111011
EXSH0001,2016-10-15T00:14:31Z,48.3600,-4.7800,1002.5,0,4.5987,0.1131,01111011
EXSH0001,2016-10-15T00:19:31Z,48.3600,-4.7800,1002.5,0,4.7303,0.1227,01111011
EXSH0001,2016-10-15T00:24:31Z,48.3600,-4.7800,1002.5,0,4.8449,0.1093,01111011
EXSH0001,2016-10-15T00:29:31Z,48.3600,-4.7800,1002.5,0,4.9586,0.103,01111011
EXSH0001,2016-10-15T00:34:31Z,48.3600,-4.7800,1002.5,0,5.0858,0.141,01111011
EXSH0001,2016-10-15T00:39:31Z,48.3600,-4.7800,1002.5,0,5.2044,0.1396,01111011
EXSH0001,2016-10-15T00:44:31Z,48.3600,-4.7800,1002.5,0,5.3019,0.1171,01111011
EXSH0001,2016-10-15T00:49:31Z,48.3600,-4.7800,1002.5,0,5.4163,0.1196,01111011
EXSH0001,2016-10-15T00:54:31Z,48.3600,-4.7800,1002.5,0,5.5287,0.117,01111011
EXSH0001,2016-10-15T00:59:31Z,48.3600,-4.7800,1002.5,0,5.6385,0.1218,01111011
EXSH0001,2016-10-15T01:04:31Z,48.3600,-4.7800,1002.7,0,5.7448,0.12,01111011
EXSH0001,2016-10-15T01:09:31Z,48.3600,-4.7800,1002.7,0,5.8451,0.1165,01111011
EXSH0001,2016-10-15T01:14:31Z,48.3600,-4.7800,1002.7,0,5.9441,0.1124,01111011
EXSH0001,2016-10-15T01:19:31Z,48.3600,-4.7800,1002.7,0,6.0476,0.119,01111011
EXSH0001,2016-10-15T01:24:31Z,48.3600,-4.7800,1002.7,0,6.1389,0.1103,01111011
EXSH0001,2016-10-15T01:29:31Z,48.3600,-4.7800,1002.7,0,6.2215,0.1029,01111011
EXSH0001,2016-10-15T01:34:31Z,48.3600,-4.7800,1002.7,0,6.3067,0.1197,01111011
EXSH0001,2016-10-15T01:39:31Z,48.3600,-4.7800,1002.7,0,6.3767,0.1042,01111011
EXSH0001,2016-10-15T01:44:31Z,48.3600,-4.7800,1002.7,0,6.4683,0.1208,01111011
EXSH0001,2016-10-15T01:49:31Z,48.3600,-4.7800,1002.7,0,6.5417,0.1192,01111011
EXSH0001,2016-10-15T01:54:31Z,48.3600,-4.7800,1002.7,0,6.6141,0.1166,01111011
EXSH0001,2016-10-15T01:59:31Z,48.3600,-4.7800,1002.7,0,6.6779,0.1154,01111011
EXSH0001,2016-10-15T02:04:31Z,48.3600,-4.7800,1003,0,6.7339,0.1059,01111011
EXSH0001,2016-10-15T02:09:31Z,48.3600,-4.7800,1003,0,6.7823,0.1043,01111011
EXSH0001,2016-10-15T02:14:31Z,48.3600,-4.7800,1003,0,6.8292,0.1007,01111011
EXSH0001,2016-10-15T02:19:31Z,48.3600,-4.7800,1003,0,6.8722,0.1032,01111011
EXSH0001,2016-10-15T02:24:31Z,48.3600,-4.7800,1003,0,6.9034,0.0949,01111011
EXSH0001,2016-10-15T02:29:31Z,48.3600,-4.7800,1003,0,6.9447,0.1057,01111011
EXSH0001,2016-10-15T02:34:31Z,48.3600,-4.7800,1003,0,6.9685,0.1128,01111011
EXSH0001,2016-10-15T02:39:31Z,48.3600,-4.7800,1003,0,6.9908,0.1201,01111011
EXSH0001,2016-10-15T02:44:31Z,48.3600,-4.7800,1003,0,7.0017,0.116,01111011
EXSH0001,2016-10-15T02:49:31Z,48.3600,-4.7800,1003,0,7.0085,0.1185,01111011
EXSH0001,2016-10-15T02:54:31Z,48.3600,-4.7800,1003,0,7.0148,0.1248,01111011
EXSH0001,2016-10-15T02:59:31Z,48.3600,-4.7800,1003,0,7.0047,0.1247,01111011
EXSH0001,2016-10-15T03:04:31Z,48.3600,-4.7800,1002.9,0,7.0115,0.1429,01111011
EXSH0001,2016-10-15T03:09:31Z,48.3600,-4.7800,1002.9,0,6.9762,0.1276,01111011
EXSH0001,2016-10-15T03:14:31Z,48.3600,-4.7800,1002.9,0,6.9637,0.1451,01111011
EXSH0001,2016-10-15T03:19:31Z,48.3600,-4.7800,1002.9,0,6.9212,0.1326,01111011
EXSH0001,2016-10-15T03:24:31Z,48.3600,-4.7800,1002.9,0,6.8833,0.1304,01111011
EXSH0001,2016-10-15T03:29:31Z,48.3600,-4.7800,1002.9,0,6.8341,0.1262,01111011
EXSH0001,2016-10-15T03:34:31Z,48.3600,-4.7800,1002.9,0,6.7935,0.1217,01111011
EXSH0001,2016-10-15T03:39:31Z,48.3600,-4.7800,1002.9,0,6.7583,0.1395,01111011
EXSH0001,2016-10-15T03:44:31Z,48.3600,-4.7800,1002.9,0,6.705,0.1432,01111011
EXSH0001,2016-10-15T03:49:31Z,48.3600,-4.7800,1002.9,0,6.6329,0.1311,01111011
EXSH0001,2016-10-15T03:54:31Z,48.3600,-4.7800,1002.9,0,6.5811,0.1493,01111011
EXSH0001,2016-10-15T03:59:31Z,48.3600,-4.7800,1002.9,0,6.5095,0.1448,01111011
EXSH0001,2016-10-15T04:04:31Z,48.3600,-4.7800,1002.8,0,6.4374,0.1477,01111011
EXSH0001,2016-10-15T04:09:31Z,48.3600,-4.7800,1002.8,0,6.3615,0.1468,01111011
EXSH0001,2016-10-15T04:14:31Z,48.3600,-4.7800,1002.8,0,6.2871,0.1573,01111011
EXSH0001,2016-10-15T04:19:31Z,48.3600,-4.7800,1002.8,0,6.1958,0.1481,01111011
EXSH0001,2016-10-15T04:24:31Z,48.3600,-4.7800,1002.8,0,6.139,0.1713,01111011
EXSH0001,2016-10-15T04:29:31Z,48.3600,-4.7800,1002.8,0,6.0783,0.2006,01111011
EXSH0001,2016-10-15T05:35:31Z,48.3600,-4.7800,,0,4.8079,0.1997,01119011
EXSH0001,2016-10-15T05:40:31Z,48.3600,-4.7800,,0,4.6824,0.1892,01119011
EXSH0001,2016-10-15T05:45:31Z,48.3600,-4.7800,,0,4.5828,0.1946,01119011
EXSH0001,2016-10-15T05:50:31Z,48.3600,-4.7800,,0,4.4688,0.1956,01119011
EXSH0001,2016-10-15T05:55:31Z,48.3600,-4.7800,,0,4.3616,0.2008,01119011
EXSH0001,2016-10-15T06:00:31Z,48.3600,-4.7800,1002.8,0,4.2483,0.1951,01111011
EXSH0001,2016-10-15T06:05:31Z,48.3600,-4.7800,1002.8,0,4.1518,0.211,01111011
EXSH0001,2016-10-15T06:10:31Z,48.3600,-4.7800,1002.8,0,4.0205,0.1897,01111011
EXSH0001,2016-10-15T06:15:31Z,48.3600,-4.7800,1002.8,0,3.9135,0.1953,01111011
EXSH0001,2016-10-15T06:20:31Z,48.3600,-4.7800,1002.8,0,3.8102,0.2094,01111011
EXSH0001,2016-10-15T06:25:31Z,48.3600,-4.7800,1002.8,0,3.7025,0.2143,01111011
EXSH0001,2016-10-15T06:30:31Z,48.3600,-4.7800,1002.8,0,3.5956,0.2224,01111011
EXSH0001,2016-10-15T06:35:31Z,48.3600,-4.7800,1002.8,0,3.4765,0.1869,01111011
EXSH0001,2016-10-15T06:40:31Z,48.3600,-4.7800,1002.8,0,3.3855,0.2071,01111011
EXSH0001,2016-10-15T06:45:31Z,48.3600,-4.7800,1002.8,0,3.2924,0.2228,01111011
EXSH0001,2016-10-15T06:50:31Z,48.3600,-4.7800,1002.8,0,3.1889,0.2305,01111011
EXSH0001,2016-10-15T06:55:31Z,48.3600,-4.7800,1002.8,0,3.0867,0.2371,01111011
EXSH0001,2016-10-15T07:00:31Z,48.3600,-4.7800,1002.8,0,2.9715,0.2331,01111011
EXSH0001,2016-10-15T07:05:31Z,48.3600,-4.7800,1002.8,0,2.8761,0.2427,01111011
EXSH0001,2016-10-15T07:10:31Z,48.3600,-4.7800,1002.8,0,2.7524,0.224,01111011
EXSH0001,2016-10-15T07:15:31Z,48.3600,-4.7800,1002.8,0,2.6673,0.2439,01111011
EXSH0001,2016-10-15T07:20:31Z,48.3600,-4.7800,1002.8,0,2.5476,0.2204,01111011
EXSH0001,2016-10-15T07:25:31Z,48.3600,-4.7800,1002.8,0,2.4661,0.2389,01111011
EXSH0001,2016-10-15T07:30:31Z,48.3600,-4.7800,1002.8,0,2.3563,0.2279,01111011
EXSH0001,2016-10-15T07:35:31Z,48.3600,-4.7800,1002.8,0,2.2791,0.2188,01111011
EXSH0001,2016-10-15T07:40:31Z,48.3600,-4.7800,1002.8,0,2.1839,0.2136,01111011
EXSH0001,2016-10-15T07:45:31Z,48.3600,-4.7800,1002.8,0,2.1064,0.2261,01111011
EXSH0001,2016-10-15T07:50:31Z,48.3600,-4.7800,1002.8,0,2.0291,0.2339,01111011
EXSH0001,2016-10-15T07:55:31Z,48.3600,-4.7800,1002.8,0,1.9438,0.2335,01111011
EXSH0001,2016-10-15T08:00:31Z,48.3600,-4.7800,1003,0,1.8639,0.2286,01111011
EXSH0001,2016-10-15T08:05:31Z,48.3600,-4.7800,1003,0,1.8063,0.2361,01111011
EXSH0001,2016-10-15T08:10:31Z,48.3600,-4.7800,1003,0,1.7355,0.2403,01111011
EXSH0001,2016-10-15T08:15:31Z,48.3600,-4.7800,1003,0,1.6553,0.2251,01111011
EXSH0001,2016-10-15T08:20:31Z,48.3600,-4.7800,1003,0,1.5949,0.2247,01111011
EXSH0001,2016-10-15T08:25:31Z,48.3600,-4.7800,1003,0,1.537,0.2168,01111011
EXSH0001,2016-10-15T08:30:31Z,48.3600,-4.7800,1003,0,1.4888,0.2236,01111011
EXSH0001,2016-10-15T08:35:31Z,48.3600,-4.7800,1003,0,1.4465,0.2148,01111011
EXSH0001,2016-10-15T08:40:31Z,48.3600,-4.7800,1003,0,1.4059,0.2092,01111011
EXSH0001,2016-10-15T08:45:31Z,48.3600,-4.7800,1003,0,1.3863,0.2285,01111011
EXSH0001,2016-10-15T08:50:31Z,48.3600,-4.7800,1003,0,1.357,0.2292,01111011
EXSH0001,2016-10-15T08:55:31Z,48.3600,-4.7800,1003,0,1.3433,0.2394,01111011
EXSH0001,2016-10-15T09:00:31Z,48.3600,-4.7800,1003.2,0,1.3273,0.2484,01111011
EXSH0001,2016-10-15T09:05:31Z,48.3600,-4.7800,1003.2,0,1.2991,0.2352,01111011
EXSH0001,2016-10-15T09:10:31Z,48.3600,-4.7800,1003.2,0,1.2927,0.2338,01111011
EXSH0001,2016-10-15T09:15:31Z,48.3600,-4.7800,1003.2,0,1.2789,0.2289,01111011
EXSH0001,2016-10-15T09:20:31Z,48.3600,-4.7800,1003.2,0,1.2984,0.2473,01111011
EXSH0001,2016-10-15T09:25:31Z,48.3600,-4.7800,1003.2,0,1.31,0.25,01111011
EXSH0001,2016-10-15T09:30:31Z,48.3600,-4.7800,1003.2,0,1.3019,0.2308,01111011
EXSH0001,2016-10-15T09:35:31Z,48.3600,-4.7800,1003.2,0,1.3135,0.2285,01111011
EXSH0001,2016-10-15T09:40:31Z,48.3600,-4.7800,1003.2,0,1.3178,0.2103,01111011
EXSH0001,2016-10-15T09:45:31Z,48.3600,-4.7800,1003.2,0,1.3173,0.1823,01111011
EXSH0001,2016-10-15T09:50:31Z,48.3600,-4.7800,1003.2,0,1.3479,0.1829,01111011
EXSH0001,2016-10-15T09:55:31Z,48.3600,-4.7800,1003.2,0,1.3821,0.1746,01111011
EXSH0001,2016-10-15T10:00:31Z,48.3600,-4.7800,1003.2,0,1.4128,0.1603,01111011
EXSH0001,2016-10-15T10:05:31Z,48.3600,-4.7800,1003.2,0,1.4915,0.1915,01111011
EXSH0001,2016-10-15T10:10:31Z,48.3600,-4.7800,1003.2,0,1.5237,0.1637,01111011
EXSH0001,2016-10-15T10:15:31Z,48.3600,-4.7800,1003.2,0,1.6178,0.1978,01111011
EXSH0001,2016-10-15T10:20:31Z,48.3600,-4.7800,1003.2,0,1.6792,0.1917,01111011
EXSH0001,2016-10-15T10:25:31Z,48.3600,-4.7800,1003.2,0,1.7381,0.1856,01111011
EXSH0001,2016-10-15T10:30:31Z,48.3600,-4.7800,1003.2,0,1.8266,0.1916,01111011
EXSH0001,2016-10-15T10:35:31Z,48.3600,-4.7800,1003.2,0,1.9637,0.2702,01111011
EXSH0001,2016-10-15T10:40:31Z,48.3600,-4.7800,1003.2,0,1.9859,0.2037,01111011
EXSH0001,2016-10-15T10:45:31Z,48.3600,-4.7800,1003.2,0,2.071,0.1901,01111011
EXSH0001,2016-10-15T10:50:31Z,48.3600,-4.7800,1003.2,0,2.1571,0.1812,01111011
EXSH0001,2016-10-15T10:55:31Z,48.3600,-4.7800,1003.2,0,2.3091,0.2282,01111011
EXSH0001,2016-10-15T11:00:31Z,48.3600,-4.7800,1003.6,0,2.3405,0.1546,01111011
EXSH0001,2016-10-15T11:05:31Z,48.3600,-4.7800,1003.6,0,2.4789,0.1793,01111011
EXSH0001,2016-10-15T11:10:31Z,48.3600,-4.7800,1003.6,0,2.5645,0.1449,01111011
EXSH0001,2016-10-15T11:15:31Z,48.3600,-4.7800,1003.6,0,2.6913,0.1517,01111011
EXSH0001,2016-10-15T11:20:31Z,48.3600,-4.7800,1003.6,0,2.7973,0.1377,01111011
EXSH0001,2016-10-15T11:25:31Z,48.3600,-4.7800,1003.6,0,2.9307,0.1424,01111011
EXSH0001,2016-10-15T11:30:31Z,48.3600,-4.7800,1003.6,0,3.0427,0.1231,01111011
EXSH0001,2016-10-15T11:35:31Z,48.3600,-4.7800,1003.6,0,3.1786,0.1631,01111011
EXSH0001,2016-10-15T11:40:31Z,48.3600,-4.7800,1003.6,0,3.3127,0.1623,01111011
EXSH0001,2016-10-15T11:45:31Z,48.3600,-4.7800,1003.6,0,3.4285,0.1431,01111011
EXSH0001,2016-10-15T11:50:31Z,48.3600,-4.7800,1003.6,0,3.5803,0.1498,01111011
EXSH0001,2016-10-15T11:55:31Z,48.3600,-4.7800,1003.6,0,3.7251,0.1596,01111011
EXSH0001,2016-10-15T12:00:31Z,48.3600,-4.7800,1004.2,0,3.8519,0.1514,01111011
EXSH0001,2016-10-15T12:05:31Z,48.3600,-4.7800,1004.2,0,3.9877,0.1422,01111011
EXSH0001,2016-10-15T12:10:31Z,48.3600,-4.7800,1004.2,0,4.1103,0.1298,01111011
EXSH0001,2016-10-15T12:15:31Z,48.3600,-4.7800,1004.2,0,4.2374,0.112,01111011
EXSH0001,2016-10-15T12:20:31Z,48.3600,-4.7800,1004.2,0,4.3603,0.0998,01111011
EXSH0001,2016-10-15T12:25:31Z,48.3600,-4.7800,1004.2,0,4.5095,0.109,01111011
EXSH0001,2016-10-15T12:30:31Z,48.3600,-4.7800,1004.2,0,4.6409,0.1005,01111011
EXSH0001,2016-10-15T12:35:31Z,48.3600,-4.7800,1004.2,0,4.7675,0.1263,01111011
EXSH0001,2016-10-15T12:40:31Z,48.3600,-4.7800,1004.2,0,4.8962,0.12,01111011
EXSH0001,2016-10-15T12:45:31Z,48.3600,-4.7800,1004.2,0,5.0253,0.1153,01111011
EXSH0001,2016-10-15T12:50:31Z,48.3600,-4.7800,1004.2,0,5.1467,0.1104,01111011
EXSH0001,2016-10-15T12:55:31Z,48.3600,-4.7800,1004.2,0,5.2777,0.1077,01111011
EXSH0001,2016-10-15T13:00:31Z,48.3600,-4.7800,1004.7,0,5.3971,0.1009,01111011
EXSH0001,2016-10-15T13:05:31Z,48.3600,-4.7800,1004.7,0,5.5412,0.1212,01111011
EXSH0001,2016-10-15T13:10:31Z,48.3600,-4.7800,1004.7,0,5.6547,0.1085,01111011
EXSH0001,2016-10-15T13:15:31Z,48.3600,-4.7800,1004.7,0,5.7737,0.1037,01111011
EXSH0001,2016-10-15T13:20:31Z,48.3600,-4.7800,1004.7,0,5.8759,0.0922,01111011
EXSH0001,2016-10-15T13:25:31Z,48.3600,-4.7800,1004.7,0,5.9947,0.0947,01111011
EXSH0001,2016-10-15T13:30:31Z,48.3600,-4.7800,1004.7,0,6.1034,0.0896,01111011
EXSH0001,2016-10-15T13:35:31Z,48.3600,-4.7800,1004.7,0,6.2117,0.1199,01111011
EXSH0001,2016-10-15T13:40:31Z,48.3600,-4.7800,1004.7,0,6.3214,0.1246,01111011
EXSH0001,2016-10-15T13:45:31Z,48.3600,-4.7800,1004.7,0,6.4139,0.1121,01111011
EXSH0001,2016-10-15T13:50:31Z,48.3600,-4.7800,1004.7,0,6.5314,0.127,01111011
EXSH0001,2016-10-15T13:55:31Z,48.3600,-4.7800,1004.7,0,6.6219,0.1275,01111011
EXSH0001,2016-10-15T14:00:31Z,48.3600,-4.7800,1005.1,0,6.7117,0.1273,01111011
EXSH0001,2016-10-15T14:05:31Z,48.3600,-4.7800,1005.1,0,6.7835,0.1091,01111011
EXSH0001,2016-10-15T14:10:31Z,48.3600,-4.7800,1005.1,0,6.8636,0.1092,01111011
EXSH0001,2016-10-15T14:15:31Z,48.3600,-4.7800,1005.1,0,6.9425,0.1129,01111011
EXSH0001,2016-10-15T14:20:31Z,48.3600,-4.7800,1005.1,0,7.0131,0.1111,01111011
EXSH0001,2016-10-15T14:25:31Z,48.3600,-4.7800,1005.1,0,7.0746,0.105,01111011
EXSH0001,2016-10-15T14:30:31Z,48.3600,-4.7800,1005.1,0,7.135,0.1078,01111011
EXSH0001,2016-10-15T14:35:31Z,48.3600,-4.7800,1005.1,0,7.1915,0.1301,01111011
EXSH0001,2016-10-15T14:40:31Z,48.3600,-4.7800,1005.1,0,7.2445,0.1381,01111011
EXSH0001,2016-10-15T14:45:31Z,48.3600,-4.7800,1005.1,0,7.2694,0.118,01111011
EXSH0001,2016-10-15T14:50:31Z,48.3600,-4.7800,1005.1,0,7.3163,0.1287,01111011
EXSH0001,2016-10-15T14:55:31Z,48.3600,-4.7800,1005.1,0,7.3438,0.1362,01111011
EXSH0001,2016-10-15T15:00:31Z,48.3600,-4.7800,1005.5,0,7.3701,0.1413,01111011
EXSH0001,2016-10-15T15:05:31Z,48.3600,-4.7800,1005.5,0,7.3911,0.1511,01111011
EXSH0001,2016-10-15T15:10:31Z,48.3600,-4.7800,1005.5,0,7.4184,0.1784,01111011
EXSH0001,2016-10-15T15:15:31Z,48.3600,-4.7800,1005.5,0,7.4257,0.1895,01111011
EXSH0001,2016-10-15T15:20:31Z,48.3600,-4.7800,1005.5,0,7.4127,0.1827,01111011
EXSH0001,2016-10-15T15:25:31Z,48.3600,-4.7800,1005.5,0,7.4037,0.1975,01111011
EXSH0001,2016-10-15T15:30:31Z,48.3600,-4.7800,1005.5,0,7.3856,0.2032,01111011
EXSH0001,2016-10-15T15:35:31Z,48.3600,-4.7800,1005.5,0,7.3506,0.1905,01111011
EXSH0001,2016-10-15T15:40:31Z,48.3600,-4.7800,1005.5,0,7.3214,0.1963,01111011
EXSH0001,2016-10-15T15:45:31Z,48.3600,-4.7800,1005.5,0,7.2842,0.2041,01111011
EXSH0001,2016-10-15T15:50:31Z,48.3600,-4.7800,1005.5,0,7.2449,0.2147,01111011
EXSH0001,2016-10-15T15:55:31Z,48.3600,-4.7800,1005.5,0,7.1776,0.1974,01111011
EXSH0001,2016-10-15T16:00:31Z,48.3600,-4.7800,1005.8,0,7.1335,0.2182,01111011
EXSH0001,2016-10-15T16:05:31Z,48.3600,-4.7800,1005.8,0,7.0513,0.2011,01111011
EXSH0001,2016-10-15T16:10:31Z,48.3600,-4.7800,1005.8,0,6.9832,0.208,01111011
EXSH0001,2016-10-15T16:15:31Z,48.3600,-4.7800,1005.8,0,6.9197,0.2194,01111011
EXSH0001,2016-10-15T16:20:31Z,48.3600,-4.7800,1005.8,0,6.8377,0.2174,01111011
EXSH0001,2016-10-15T16:25:31Z,48.3600,-4.7800,1005.8,0,6.7815,0.2413,01111011
EXSH0001,2016-10-15T16:30:31Z,48.3600,-4.7800,1005.8,0,6.6929,0.2426,01111011
EXSH0001,2016-10-15T16:35:31Z,48.3600,-4.7800,1005.8,0,6.5927,0.2093,01111011
EXSH0001,2016-10-15T16:40:31Z,48.3600,-4.7800,1005.8,0,6.5105,0.2182,01111011
EXSH0001,2016-10-15T16:45:31Z,48.3600,-4.7800,1005.8,0,6.4173,0.2239,01111011
EXSH0001,2016-10-15T16:50:31Z,48.3600,-4.7800,1005.8,0,6.3324,0.239,01111011
EXSH0001,2016-10-15T16:55:31Z,48.3600,-4.7800,1005.8,0,6.2251,0.2278,01111011
EXSH0001,2016-10-15T17:00:31Z,48.3600,-4.7800,1006.2,0,6.1406,0.2483,01111011
EXSH0001,2016-10-15T17:05:31Z,48.3600,-4.7800,1006.2,0,6.0425,0.2552,01111011
EXSH0001,2016-10-15T17:10:31Z,48.3600,-4.7800,1006.2,0,5.9373,0.2561,01111011
EXSH0001,2016-10-15T17:15:31Z,48.3600,-4.7800,1006.2,0,5.8279,0.2606,01111011
EXSH0001,2016-10-15T17:20:31Z,48.3600,-4.7800,1006.2,0,5.7086,0.2474,01111011
EXSH0001,2016-10-15T17:25:31Z,48.3600,-4.7800,1006.2,0,5.598,0.2507,01111011
EXSH0001,2016-10-15T17:30:31Z,48.3600,-4.7800,1006.2,0,5.49,0.2588,01111011
EXSH0001,2016-10-15T17:35:31Z,48.3600,-4.7800,1006.2,0,5.3773,0.2373,01111011
EXSH0001,2016-10-15T17:40:31Z,48.3600,-4.7800,1006.2,0,5.2551,0.2276,01111011
EXSH0001,2016-10-15T17:45:31Z,48.3600,-4.7800,1006.2,0,5.1509,0.2409,01111011
EXSH0001,2016-10-15T17:50:31Z,48.3600,-4.7800,1006.2,0,5.048,0.258,01111011
EXSH0001,2016-10-15T17:55:31Z,48.3600,-4.7800,1006.2,0,4.9125,0.2425,01111011
EXSH0001,2016-10-15T18:00:31Z,48.3600,-4.7800,1006.5,0,4.8011,0.2511,01111011
EXSH0001,2016-10-15T18:05:31Z,48.3600,-4.7800,1006.5,0,4.6801,0.2501,01111011
EXSH0001,2016-10-15T18:10:31Z,48.3600,-4.7800,1006.5,0,4.5604,0.2504,01111011
EXSH0001,2016-10-15T18:15:31Z,48.3600,-4.7800,1006.5,0,4.4271,0.2471,01111011
EXSH0001,2016-10-15T18:20:31Z,48.3600,-4.7800,1006.5,0,4.3237,0.2637,01111011
EXSH0001,2016-10-15T18:25:31Z,48.3600,-4.7800,1006.5,0,4.2072,0.2672,01111011
EXSH0001,2016-10-15T18:30:31Z,48.3600,-4.7800,1006.5,0,4.0829,0.2704,01111011
EXSH0001,2016-10-15T18:35:31Z,48.3600,-4.7800,1006.5,0,3.9629,0.2425,01111011
EXSH0001,2016-10-15T18:40:31Z,48.3600,-4.7800,1006.5,0,3.8519,0.2515,01111011
EXSH0001,2016-10-15T18:45:31Z,48.3600,-4.7800,1006.5,0,3.7193,0.2476,01111011
EXSH0001,2016-10-15T18:50:31Z,48.3600,-4.7800,1006.5,0,3.5935,0.2431,01111011
EXSH0001,2016-10-15T18:55:31Z,48.3600,-4.7800,1006.5,0,3.4761,0.2457,01111011
EXSH0001,2016-10-15T19:00:31Z,48.3600,-4.7800,1006.6,0,3.3604,0.25,01111011
EXSH0001,2016-10-15T19:05:31Z,48.3600,-4.7800,1006.6,0,3.2532,0.2628,01111011
EXSH0001,2016-10-15T19:10:31Z,48.3600,-4.7800,1006.6,0,3.1243,0.2639,01111011
EXSH0001,2016-10-15T19:15:31Z,48.3600,-4.7800,1006.6,0,3.0073,0.2582,01111011
EXSH0001,2016-10-15T19:20:31Z,48.3600,-4.7800,1006.6,0,2.9017,0.2713,01111011
EXSH0001,2016-10-15T19:25:31Z,48.3600,-4.7800,1006.6,0,2.7827,0.2723,01111011
EXSH0001,2016-10-15T19:30:31Z,48.3600,-4.7800,1006.6,0,2.6701,0.276,01111011
EXSH0001,2016-10-15T19:35:31Z,48.3600,-4.7800,1006.6,0,2.5422,0.2326,01111011
EXSH0001,2016-10-15T19:40:31Z,48.3600,-4.7800,1006.6,0,2.4422,0.2426,01111011
EXSH0001,2016-10-15T19:45:31Z,48.3600,-4.7800,1006.6,0,2.3201,0.2255,01111011
EXSH0001,2016-10-15T19:50:31Z,48.3600,-4.7800,1006.6,0,2.2215,0.2318,01111011
EXSH0001,2016-10-15T19:55:31Z,48.3600,-4.7800,1006.6,0,2.1101,0.2255,01111011
EXSH0001,2016-10-15T20:00:31Z,48.3600,-4.7800,1006.6,0,2.018,0.2383,01111011
EXSH0001,2016-10-15T20:05:31Z,48.3600,-4.7800,1006.6,0,1.9314,0.2417,01111011
EXSH0001,2016-10-15T20:10:31Z,48.3600,-4.7800,1006.6,0,1.8517,0.252,01111011
EXSH0001,2016-10-15T20:15:31Z,48.3600,-4.7800,1006.6,0,1.7439,0.2342,01111011
EXSH0001,2016-10-15T20:20:31Z,48.3600,-4.7800,1006.6,0,1.6435,0.2238,01111011
EXSH0001,2016-10-15T20:25:31Z,48.3600,-4.7800,1006.6,0,1.5397,0.1949,01111011
EXSH0001,2016-10-15T20:30:31Z,48.3600,-4.7800,1006.6,0,1.4727,0.2029,01111011
EXSH0001,2016-10-15T20:35:31Z,48.3600,-4.7800,1006.6,0,1.3862,0.1725,01111011
EXSH0001,2016-10-15T20:40:31Z,48.3600,-4.7800,1006.6,0,1.3162,0.1712,01111011
EXSH0001,2016-10-15T20:45:31Z,48.3600,-4.7800,1006.6,0,1.2502,0.1652,01111011
EXSH0001,2016-10-15T20:50:31Z,48.3600,-4.7800,1006.6,0,1.1809,0.1559,01111011
EXSH0001,2016-10-15T20:55:31Z,48.3600,-4.7800,1006.6,0,1.1502,0.1739,01111011
EXSH0001,2016-10-15T21:00:31Z,48.3600,-4.7800,1006.5,0,1.1176,0.1863,01111011
EXSH0001,2016-10-15T21:05:31Z,48.3600,-4.7800,1006.5,0,1.0809,0.1946,01111011
EXSH0001,2016-10-15T21:10:31Z,48.3600,-4.7800,1006.5,0,1.0426,0.1951,01111011
EXSH0001,2016-10-15T21:15:31Z,48.3600,-4.7800,1006.5,0,1.0111,0.1924,01111011
EXSH0001,2016-10-15T21:20:31Z,48.3600,-4.7800,1006.5,0,0.9988,0.2013,01111011
EXSH0001,2016-10-15T21:25:31Z,48.3600,-4.7800,1006.5,0,0.9869,0.2081,01111011
EXSH0001,2016-10-15T21:30:31Z,48.3600,-4.7800,1006.5,0,0.962,0.1983,01111011
EXSH0001,2016-10-15T21:35:31Z,48.3600,-4.7800,1006.5,0,0.9705,0.2105,01111011
EXSH0001,2016-10-15T21:40:31Z,48.3600,-4.7800,1006.5,0,0.972,0.212,01111011
EXSH0001,2016-10-15T21:45:31Z,48.3600,-4.7800,1006.5,0,0.9698,0.2098,01111011
EXSH0001,2016-10-15T21:50:31Z,48.3600,-4.7800,1006.5,0,0.9743,0.2043,01111011
EXSH0001,2016-10-15T21:55:31Z,48.3600,-4.7800,1006.5,0,0.976,0.1912,01111011
EXSH0001,2016-10-15T22:00:31Z,48.3600,-4.7800,1006.3,0,0.957,0.1546,01111011
EXSH0001,2016-10-15T22:05:31Z,48.3600,-4.7800,1006.3,0,0.9807,0.1559,01111011
EXSH0001,2016-10-15T22:10:31Z,48.3600,-4.7800,1006.3,0,0.9927,0.1355,01111011
EXSH0001,2016-10-15T22:15:31Z,48.3600,-4.7800,1006.3,0,1.0526,0.1504,01111011
EXSH0001,2016-10-15T22:20:31Z,48.3600,-4.7800,1006.3,0,1.0949,0.1553,01111011
EXSH0001,2016-10-15T22:25:31Z,48.3600,-4.7800,1006.3,0,1.1426,0.1504,01111011
EXSH0001,2016-10-15T22:30:31Z,48.3600,-4.7800,1006.3,0,1.233,0.1834,01111011
EXSH0001,2016-10-15T22:35:31Z,48.3600,-4.7800,1006.3,0,1.2767,0.1815,01111011
EXSH0001,2016-10-15T22:40:31Z,48.3600,-4.7800,1006.3,0,1.3481,0.1841,01111011
EXSH0001,2016-10-15T22:45:31Z,48.3600,-4.7800,1006.3,0,1.4315,0.1987,01111011
EXSH0001,2016-10-15T22:50:31Z,48.3600,-4.7800,1006.3,0,1.4812,0.1672,01111011
EXSH0001,2016-10-15T22:55:31Z,48.3600,-4.7800,1006.3,0,1.5575,0.1647,01111011
EXSH0001,2016-10-15T23:00:31Z,48.3600,-4.7800,1006.3,0,1.6301,0.1473,01111011
EXSH0001,2016-10-15T23:05:31Z,48.3600,-4.7800,1006.3,0,1.764,0.1812,01111011
EXSH0001,2016-10-15T23:10:31Z,48.3600,-4.7800,1006.3,0,1.845,0.1634,01111011
EXSH0001,2016-10-15T23:15:31Z,48.3600,-4.7800,1006.3,0,1.9516,0.1612,01111011
EXSH0001,2016-10-15T23:20:31Z,48.3600,-4.7800,1006.3,0,2.0667,0.1651,01111011
EXSH0001,2016-10-15T23:25:31Z,48.3600,-4.7800,1006.3,0,2.1521,0.1317,01111011
EXSH0001,2016-10-15T23:30:31Z,48.3600,-4.7800,1006.3,0,2.2921,0.1517,01111011
EXSH0001,2016-10-15T23:35:31Z,48.3600,-4.7800,1006.3,0,2.4273,0.1977,01111011
EXSH0001,2016-10-15T23:40:31Z,48.3600,-4.7800,1006.3,0,2.5388,0.1792,01111011
EXSH0001,2016-10-15T23:45:31Z,48.3600,-4.7800,1006.3,0,2.6799,0.1903,01111011
EXSH0001,2016-10-15T23:50:31Z,48.3600,-4.7800,1006.3,0,2.8066,0.182,01111011
EXSH0001,2016-10-15T23:55:31Z,48.3600,-4.7800,1006.3,0,2.9471,0.1776,01111011
EXSH0001,2016-10-16T00:00:31Z,48.3600,-4.7800,1005.6,0,3.0924,0.1879,01111011
EXSH0001,2016-10-16T00:05:31Z,48.3600,-4.7800,1005.6,0,3.2302,0.1807,01111011
EXSH0001,2016-10-16T00:10:31Z,48.3600,-4.7800,1005.6,0,3.3601,0.1706,01111011
EXSH0001,2016-10-16T00:15:31Z,48.3600,-4.7800,1005.6,0,3.4916,0.1521,01111011
EXSH0001,2016-10-16T00:20:31Z,48.3600,-4.7800,1005.6,0,3.6351,0.1556,01111011
EXSH0001,2016-10-16T00:25:31Z,48.3600,-4.7800,1005.6,0,3.7853,0.1558,01111011
EXSH0001,2016-10-16T00:30:31Z,48.3600,-4.7800,1005.6,0,3.9281,0.1536,01111011
EXSH0001,2016-10-16T00:35:31Z,48.3600,-4.7800,1005.6,0,4.0587,0.1677,01111011
EXSH0001,2016-10-16T00:40:31Z,48.3600,-4.7800,1005.6,0,4.2034,0.1724,01111011
EXSH0001,2016-10-16T00:45:31Z,48.3600,-4.7800,1005.6,0,4.3317,0.1507,01111011
EXSH0001,2016-10-16T00:50:31Z,48.3600,-4.7800,1005.6,0,4.4854,0.1644,01111011
EXSH0001,2016-10-16T00:55:31Z,48.3600,-4.7800,1005.6,0,4.6207,0.1558,01111011
EXSH0001,2016-10-16T01:00:31Z,48.3600,-4.7800,1006.3,0,4.7401,0.1302,01111011
EXSH0001,2016-10-16T01:05:31Z,48.3600,-4.7800,1006.3,0,4.8774,0.1325,01111011
EXSH0001,2016-10-16T01:10:31Z,48.3600,-4.7800,1006.3,0,5.0455,0.1656,01111011
EXSH0001,2016-10-16T01:15:31Z,48.3600,-4.7800,1006.3,0,5.1596,0.1447,01111011
EXSH0001,2016-10-16T01:20:31Z,48.3600,-4.7800,1006.3,0,5.2903,0.1404,01111011
EXSH0001,2016-10-16T01:25:31Z,48.3600,-4.7800,1006.3,0,5.4203,0.1354,01111011
EXSH0001,2016-10-16T01:30:31Z,48.3600,-4.7800,1006.3,0,5.5348,0.1249,01111011
EXSH0001,2016-10-16T01:35:31Z,48.3600,-4.7800,1006.3,0,5.6749,0.1649,01111011
EXSH0001,2016-10-16T01:40:31Z,48.3600,-4.7800,1006.3,0,5.7844,0.1544,01111011
EXSH0001,2016-10-16T01:45:31Z,48.3600,-4.7800,1006.3,0,5.9023,0.1523,01111011
EXSH0001,2016-10-16T01:50:31Z,48.3600,-4.7800,1006.3,0,6.0075,0.1375,01111011
EXSH0001,2016-10-16T01:55:31Z,48.3600,-4.7800,1006.3,0,6.1219,0.1344,01111011
EXSH0001,2016-10-16T02:00:31Z,48.3600,-4.7800,1005.7,0,6.2235,0.1235,01111011
EXSH0001,2016-10-16T02:05:31Z,48.3600,-4.7800,1005.7,0,6.3257,0.1182,01111011
EXSH0001,2016-10-16T02:10:31Z,48.3600,-4.7800,1005.7,0,6.4266,0.1141,01111011
EXSH0001,2016-10-16T02:15:31Z,48.3600,-4.7800,1005.7,0,6.5271,0.1096,01111011
EXSH0001,2016-10-16T02:20:31Z,48.3600,-4.7800,1005.7,0,6.6424,0.1274,01111011
EXSH0001,2016-10-16T02:25:31Z,48.3600,-4.7800,1005.7,0,6.7234,0.1184,01111011
EXSH0001,2016-10-16T02:30:31Z,48.3600,-4.7800,1005.7,0,6.8013,0.1063,01111011
EXSH0001,2016-10-16T02:35:31Z,48.3600,-4.7800,1005.7,0,6.8746,0.1211,01111011
EXSH0001,2016-10-16T02:40:31Z,48.3600,-4.7800,1005.7,0,6.9627,0.1342,01111011
EXSH0001,2016-10-16T02:45:31Z,48.3600,-4.7800,1005.7,0,7.0195,0.116,01111011
EXSH0001,2016-10-16T02:50:31Z,48.3600,-4.7800,1005.7,0,7.0788,0.104,01111011
EXSH0001,2016-10-16T02:55:31Z,48.3600,-4.7800,1005.7,0,7.1549,0.1201,01111011
EXSH0001,2016-10-16T03:00:31Z,48.3600,-4.7800,1005.6,0,7.1864,0.1053,01111011
EXSH0001,2016-10-16T03:05:31Z,48.3600,-4.7800,1005.6,0,7.2361,0.11,01111011
EXSH0001,2016-10-16T03:10:31Z,48.3600,-4.7800,1005.6,0,7.2742,0.1068,01111011
EXSH0001,2016-10-16T03:15:31Z,48.3600,-4.7800,1005.6,0,7.3324,0.135,01111011
EXSH0001,2016-10-16T03:20:31Z,48.3600,-4.7800,1005.6,0,7.364,0.1403,01111011
EXSH0001,2016-10-16T03:25:31Z,48.3600,-4.7800,1005.6,0,7.3875,0.1488,01111011
EXSH0001,2016-10-16T03:30:31Z,48.3600,-4.7800,1005.6,0,7.3799,0.1299,01111011
EXSH0001,2016-10-16T03:35:31Z,48.3600,-4.7800,1005.6,0,7.3846,0.1346,01111011
EXSH0001,2016-10-16T03:40:31Z,48.3600,-4.7800,1005.6,0,7.3849,0.1449,01111011
EXSH0001,2016-10-16T03:45:31Z,48.3600,-4.7800,1005.6,0,7.3677,0.1327,01111011
EXSH0001,2016-10-16T03:50:31Z,48.3600,-4.7800,1005.6,0,7.3602,0.1503,01111011
EXSH0001,2016-10-16T03:55:31Z,48.3600,-4.7800,1005.6,0,7.3433,0.1534,01111011
EXSH0001,2016-10-16T04:00:31Z,48.3600,-4.7800,1005.8,0,7.3088,0.1589,01111011
EXSH0001,2016-10-16T04:05:31Z,48.3600,-4.7800,1005.8,0,7.2689,0.1541,01111011
EXSH0001,2016-10-16T04:10:31Z,48.3600,-4.7800,1005.8,0,7.2257,0.1659,01111011
EXSH0001,2016-10-16T04:15:31Z,48.3600,-4.7800,1005.8,0,7.1691,0.1593,01111011
EXSH0001,2016-10-16T04:20:31Z,48.3600,-4.7800,1005.8,0,7.0981,0.1483,01111011
EXSH0001,2016-10-16T04:25:31Z,48.3600,-4.7800,1005.8,0,7.0549,0.1651,01111011
EXSH0001,2016-10-16T04:30:31Z,48.3600,-4.7800,1005.8,0,6.9867,0.1669,01111011
EXSH0001,2016-10-16T05:36:31Z,48.3600,-4.7800,,0,5.8005,0.1637,01119011
EXSH0001,2016-10-16T05:41:31Z,48.3600,-4.7800,,0,5.7052,0.183,01119011
EXSH0001,2016-10-16T05:46:31Z,48.3600,-4.7800,,0,5.5799,0.1727,01119011
EXSH0001,2016-10-16T05:51:31Z,48.3600,-4.7800,,0,5.469,0.1722,01119011
EXSH0001,2016-10-16T05:56:31Z,48.3600,-4.7800,,0,5.3533,0.1761,01119011
EXSH0001,2016-10-16T06:01:31Z,48.3600,-4.7800,1007.1,0,5.2458,0.179,01111011
EXSH0001,2016-10-16T06:06:31Z,48.3600,-4.7800,1007.1,0,5.1406,0.1938,01111011
EXSH0001,2016-10-16T06:11:31Z,48.3600,-4.7800,1007.1,0,5.0249,0.1981,01111011
EXSH0001,2016-10-16T06:16:31Z,48.3600,-4.7800,1007.1,0,4.896,0.1892,01111011
EXSH0001,2016-10-16T06:21:31Z,48.3600,-4.7800,1007.1,0,4.7882,0.2014,01111011
EXSH0001,2016-10-16T06:26:31Z,48.3600,-4.7800,1007.1,0,4.6728,0.206,01111011
EXSH0001,2016-10-16T06:31:31Z,48.3600,-4.7800,1007.1,0,4.5509,0.1753,01111011
EXSH0001,2016-10-16T06:36:31Z,48.3600,-4.7800,1007.1,0,4.409,0.1534,01111011
EXSH0001,2016-10-16T06:41:31Z,48.3600,-4.7800,1007.1,0,4.2899,0.1643,01111011
EXSH0001,2016-10-16T06:46:31Z,48.3600,-4.7800,1007.1,0,4.1631,0.1575,01111011
EXSH0001,2016-10-16T06:51:31Z,48.3600,-4.7800,1007.1,0,4.0446,0.169,01111011
EXSH0001,2016-10-16T06:56:31Z,48.3600,-4.7800,1007.1,0,3.9384,0.1828,01111011
EXSH0001,2016-10-16T07:01:31Z,48.3600,-4.7800,1008,0,3.824,0.1902,01111011
EXSH0001,2016-10-16T07:06:31Z,48.3600,-4.7800,1008,0,3.7143,0.2087,01111011
EXSH0001,2016-10-16T07:11:31Z,48.3600,-4.7800,1008,0,3.5715,0.1877,01111011
EXSH0001,2016-10-16T07:16:31Z,48.3600,-4.7800,1008,0,3.4557,0.2001,01111011
EXSH0001,2016-10-16T07:21:31Z,48.3600,-4.7800,1008,0,3.3399,0.2043,01111011
EXSH0001,2016-10-16T07:26:31Z,48.3600,-4.7800,1008,0,3.2046,0.1958,01111011
EXSH0001,2016-10-16T07:31:31Z,48.3600,-4.7800,1008,0,3.081,0.1646,01111011
EXSH0001,2016-10-16T07:36:31Z,48.3600,-4.7800,1008,0,2.9899,0.1935,01111011
EXSH0001,2016-10-16T07:41:31Z,48.3600,-4.7800,1008,0,2.8803,0.2039,01111011
EXSH0001,2016-10-16T07:46:31Z,48.3600,-4.7800,1008,0,2.7627,0.2063,01111011
EXSH0001,2016-10-16T07:51:31Z,48.3600,-4.7800,1008,0,2.6457,0.2014,01111011
EXSH0001,2016-10-16T07:56:31Z,48.3600,-4.7800,1008,0,2.5181,0.1917,01111011
EXSH0001,2016-10-16T08:01:31Z,48.3600,-4.7800,1008.9,0,2.3881,0.1737,01111011
EXSH0001,2016-10-16T08:06:31Z,48.3600,-4.7800,1008.9,0,2.2875,0.1882,01111011
EXSH0001,2016-10-16T08:11:31Z,48.3600,-4.7800,1008.9,0,2.1874,0.193,01111011
EXSH0001,2016-10-16T08:16:31Z,48.3600,-4.7800,1008.9,0,2.0863,0.197,01111011
EXSH0001,2016-10-16T08:21:31Z,48.3600,-4.7800,1008.9,0,1.994,0.2096,01111011
EXSH0001,2016-10-16T08:26:31Z,48.3600,-4.7800,1008.9,0,1.8848,0.2025,01111011
EXSH0001,2016-10-16T08:31:31Z,48.3600,-4.7800,1008.9,0,1.7957,0.1803,01111011
EXSH0001,2016-10-16T08:36:31Z,48.3600,-4.7800,1008.9,0,1.6922,0.1668,01111011
EXSH0001,2016-10-16T08:41:31Z,48.3600,-4.7800,1008.9,0,1.5981,0.1627,01111011
EXSH0001,2016-10-16T08:46:31Z,48.3600,-4.7800,1008.9,0,1.5149,0.1695,01111011
EXSH0001,2016-10-16T08:51:31Z,48.3600,-4.7800,1008.9,0,1.4317,0.1622,01111011
EXSH0001,2016-10-16T08:56:31Z,48.3600,-4.7800,1008.9,0,1.3587,0.1642,01111011
EXSH0001,2016-10-16T09:01:31Z,48.3600,-4.7800,1009.5,0,1.2805,0.1569,01111011
EXSH0001,2016-10-16T09:06:31Z,48.3600,-4.7800,1009.5,0,1.2187,0.1642,01111011
EXSH0001,2016-10-16T09:11:31Z,48.3600,-4.7800,1009.5,0,1.1578,0.1601,01111011
EXSH0001,2016-10-16T09:16:31Z,48.3600,-4.7800,1009.5,0,1.0949,0.1513,01111011
EXSH0001,2016-10-16T09:21:31Z,48.3600,-4.7800,1009.5,0,1.0449,0.1472,01111011
EXSH0001,2016-10-16T09:26:31Z,48.3600,-4.7800,1009.5,0,0.9964,0.1437,01111011
EXSH0001,2016-10-16T09:31:31Z,48.3600,-4.7800,1009.5,0,0.9669,0.1479,01111011
EXSH0001,2016-10-16T09:36:31Z,48.3600,-4.7800,1009.5,0,0.9345,0.1455,01111011
EXSH0001,2016-10-16T09:41:31Z,48.3600,-4.7800,1009.5,0,0.903,0.1435,01111011
EXSH0001,2016-10-16T09:46:31Z,48.3600,-4.7800,1009.5,0,0.8823,0.1433,01111011
EXSH0001,2016-10-16T09:51:31Z,48.3600,-4.7800,1009.5,0,0.8742,0.1542,01111011
EXSH0001,2016-10-16T09:56:31Z,48.3600,-4.7800,1009.5,0,0.868,0.1535,01111011
EXSH0001,2016-10-16T10:01:31Z,48.3600,-4.7800,1010,0,0.8805,0.1705,01111011
EXSH0001,2016-10-16T10:06:31Z,48.3600,-4.7800,1010,0,0.8983,0.1828,01111011
EXSH0001,2016-10-16T10:11:31Z,48.3600,-4.7800,1010,0,0.8918,0.1713,01111011
EXSH0001,2016-10-16T10:16:31Z,48.3600,-4.7800,1010,0,0.8754,0.1399,01111011
EXSH0001,2016-10-16T10:21:31Z,48.3600,-4.7800,1010,0,0.8932,0.1327,01111011
EXSH0001,2016-10-16T10:26:31Z,48.3600,-4.7800,1010,0,0.9093,0.1283,01111011
EXSH0001,2016-10-16T10:31:31Z,48.3600,-4.7800,1010,0,0.9343,0.1309,01111011
EXSH0001,2016-10-16T10:36:31Z,48.3600,-4.7800,1010,0,0.9545,0.1094,01111011
EXSH0001,2016-10-16T10:41:31Z,48.3600,-4.7800,1010,0,1.0071,0.117,01111011
EXSH0001,2016-10-16T10:46:31Z,48.3600,-4.7800,1010,0,1.0382,0.1014,01111011
EXSH0001,2016-10-16T10:51:31Z,48.3600,-4.7800,1010,0,1.087,0.0902,01111011
EXSH0001,2016-10-16T10:56:31Z,48.3600,-4.7800,1010,0,1.1637,0.1052,01111011
EXSH0001,2016-10-16T11:01:31Z,48.3600,-4.7800,1010.5,0,1.2468,0.12,01111011
EXSH0001,2016-10-16T11:06:31Z,48.3600,-4.7800,1010.5,0,1.3212,0.121,01111011
EXSH0001,2016-10-16T11:11:31Z,48.3600,-4.7800,1010.5,0,1.3938,0.1103,01111011
EXSH0001,2016-10-16T11:16:31Z,48.3600,-4.7800,1010.5,0,1.4776,0.1057,01111011
EXSH0001,2016-10-16T11:21:31Z,48.3600,-4.7800,1010.5,0,1.5783,0.1081,01111011
EXSH0001,2016-10-16T11:26:31Z,48.3600,-4.7800,1010.5,0,1.6624,0.0905,01111011
EXSH0001,2016-10-16T11:31:31Z,48.3600,-4.7800,1010.5,0,1.7933,0.142,01111011
EXSH0001,2016-10-16T11:36:31Z,48.3600,-4.7800,1010.5,0,1.9097,0.1453,01111011
EXSH0001,2016-10-16T11:41:31Z,48.3600,-4.7800,1010.5,0,1.9871,0.1127,01111011
EXSH0001,2016-10-16T11:46:31Z,48.3600,-4.7800,1010.5,0,2.1193,0.1249,01111011
EXSH0001,2016-10-16T11:51:31Z,48.3600,-4.7800,1010.5,0,2.2423,0.1149,01111011
EXSH0001,2016-10-16T11:56:31Z,48.3600,-4.7800,1010.5,0,2.3461,0.0917,01111011
EXSH0001,2016-10-16T12:01:31Z,48.3600,-4.7800,1010.9,0,2.4705,0.08,01111011
EXSH0001,2016-10-16T12:06:31Z,48.3600,-4.7800,1010.9,0,2.6065,0.0741,01111011
EXSH0001,2016-10-16T12:11:31Z,48.3600,-4.7800,1010.9,0,2.7509,0.0735,01111011
EXSH0001,2016-10-16T12:16:31Z,48.3600,-4.7800,1010.9,0,2.8996,0.0791,01111011
EXSH0001,2016-10-16T12:21:31Z,48.3600,-4.7800,1010.9,0,3.0372,0.0667,01111011
EXSH0001,2016-10-16T12:26:31Z,48.3600,-4.7800,1010.9,0,3.1971,0.0766,01111011
EXSH0001,2016-10-16T12:31:31Z,48.3600,-4.7800,1010.9,0,3.345,0.1125,01111011
EXSH0001,2016-10-16T12:36:31Z,48.3600,-4.7800,1010.9,0,3.4883,0.1058,01111011
EXSH0001,2016-10-16T12:41:31Z,48.3600,-4.7800,1010.9,0,3.6166,0.0749,01111011
EXSH0001,2016-10-16T12:46:31Z,48.3600,-4.7800,1010.9,0,3.7554,0.0629,01111011
EXSH0001,2016-10-16T12:51:31Z,48.3600,-4.7800,1010.9,0,3.8868,0.0351,01111011
EXSH0001,2016-10-16T12:56:31Z,48.3600,-4.7800,1010.9,0,4.0374,0.0349,01111011
EXSH0001,2016-10-16T13:01:31Z,48.3600,-4.7800,1011.1,0,4.1955,0.043,01111011
EXSH0001,2016-10-16T13:06:31Z,48.3600,-4.7800,1011.1,0,4.331,0.0243,01111011
EXSH0001,2016-10-16T13:11:31Z,48.3600,-4.7800,1011.1,0,4.4817,0.0192,01111011
EXSH0001,2016-10-16T13:16:31Z,48.3600,-4.7800,1011.1,0,4.646,0.0335,01111011
EXSH0001,2016-10-16T13:21:31Z,48.3600,-4.7800,1011.1,0,4.7938,0.0406,01111011
EXSH0001,2016-10-16T13:26:31Z,48.3600,-4.7800,1011.1,0,4.9221,0.0196,01111011
EXSH0001,2016-10-16T13:31:31Z,48.3600,-4.7800,1011.1,0,5.0768,0.0682,01111011
EXSH0001,2016-10-16T13:36:31Z,48.3600,-4.7800,1011.1,0,5.2054,0.0518,01111011
EXSH0001,2016-10-16T13:41:31Z,48.3600,-4.7800,1011.1,0,5.3437,0.0497,01111011
EXSH0001,2016-10-16T13:46:31Z,48.3600,-4.7800,1011.1,0,5.4648,0.0312,01111011
EXSH0001,2016-10-16T13:51:31Z,48.3600,-4.7800,1011.1,0,5.6021,0.0335,01111011
EXSH0001,2016-10-16T13:56:31Z,48.3600,-4.7800,1011.1,0,5.7223,0.0191,01111011
EXSH0001,2016-10-16T14:01:31Z,48.3600,-4.7800,1011.3,0,5.8455,0.0169,01111011
EXSH0001,2016-10-16T14:06:31Z,48.3600,-4.7800,1011.3,0,5.9768,0.0232,01111011
EXSH0001,2016-10-16T14:11:31Z,48.3600,-4.7800,1011.3,0,6.0948,0.0116,01111011
EXSH0001,2016-10-16T14:16:31Z,48.3600,-4.7800,1011.3,0,6.2111,0.0079,01111011
EXSH0001,2016-10-16T14:21:31Z,48.3600,-4.7800,1011.3,0,6.3461,0.0283,01111011
EXSH0001,2016-10-16T14:26:31Z,48.3600,-4.7800,1011.3,0,6.4613,0.0285,01111011
EXSH0001,2016-10-16T14:31:31Z,48.3600,-4.7800,1011.3,0,6.5705,0.0561,01111011
EXSH0001,2016-10-16T14:36:31Z,48.3600,-4.7800,1011.3,0,6.6929,0.0653,01111011
EXSH0001,2016-10-16T14:41:31Z,48.3600,-4.7800,1011.3,0,6.7798,0.0572,01111011
EXSH0001,2016-10-16T14:46:31Z,48.3600,-4.7800,1011.3,0,6.8694,0.0486,01111011
EXSH0001,2016-10-16T14:51:31Z,48.3600,-4.7800,1011.3,0,6.9811,0.0703,01111011
EXSH0001,2016-10-16T14:56:31Z,48.3600,-4.7800,1011.3,0,7.0584,0.0576,01111011
EXSH0001,2016-10-16T15:01:31Z,48.3600,-4.7800,1011.9,0,7.1477,0.0669,01111011
EXSH0001,2016-10-16T15:06:31Z,48.3600,-4.7800,1011.9,0,7.2142,0.057,01111011
EXSH0001,2016-10-16T15:11:31Z,48.3600,-4.7800,1011.9,0,7.2815,0.0543,01111011
EXSH0001,2016-10-16T15:16:31Z,48.3600,-4.7800,1011.9,0,7.3555,0.0683,01111011
EXSH0001,2016-10-16T15:21:31Z,48.3600,-4.7800,1011.9,0,7.4041,0.0587,01111011
EXSH0001,2016-10-16T15:26:31Z,48.3600,-4.7800,1011.9,0,7.4612,0.0708,01111011
EXSH0001,2016-10-16T15:31:31Z,48.3600,-4.7800,1011.9,0,7.5105,0.0867,01111011
EXSH0001,2016-10-16T15:36:31Z,48.3600,-4.7800,1011.9,0,7.5383,0.0824,01111011
EXSH0001,2016-10-16T15:41:31Z,48.3600,-4.7800,1011.9,0,7.5697,0.0917,01111011
EXSH0001,2016-10-16T15:46:31Z,48.3600,-4.7800,1011.9,0,7.5816,0.0886,01111011
EXSH0001,2016-10-16T15:51:31Z,48.3600,-4.7800,1011.9,0,7.5932,0.0853,01111011
EXSH0001,2016-10-16T15:56:31Z,48.3600,-4.7800,1011.9,0,7.6129,0.1029,01111011
EXSH0001,2016-10-16T16:01:31Z,48.3600,-4.7800,1012.3,0,7.6337,0.1316,01111011
EXSH0001,2016-10-16T16:06:31Z,48.3600,-4.7800,1012.3,0,7.6221,0.135,01111011
EXSH0001,2016-10-16T16:11:31Z,48.3600,-4.7800,1012.3,0,7.6069,0.1428,01111011
EXSH0001,2016-10-16T16:16:31Z,48.3600,-4.7800,1012.3,0,7.5552,0.1211,01111011
EXSH0001,2016-10-16T16:21:31Z,48.3600,-4.7800,1012.3,0,7.5401,0.144,01111011
EXSH0001,2016-10-16T16:26:31Z,48.3600,-4.7800,1012.3,0,7.5099,0.1588,01111011
EXSH0001,2016-10-16T16:31:31Z,48.3600,-4.7800,1012.3,0,7.4579,0.1443,01111011
EXSH0001,2016-10-16T16:36:31Z,48.3600,-4.7800,1012.3,0,7.4022,0.1395,01111011
EXSH0001,2016-10-16T16:41:31Z,48.3600,-4.7800,1012.3,0,7.3159,0.1164,01111011
EXSH0001,2016-10-16T16:46:31Z,48.3600,-4.7800,1012.3,0,7.2625,0.1289,01111011
EXSH0001,2016-10-16T16:51:31Z,48.3600,-4.7800,1012.3,0,7.1903,0.1308,01111011
EXSH0001,2016-10-16T16:56:31Z,48.3600,-4.7800,1012.3,0,7.1067,0.1313,01111011
EXSH0001,2016-10-16T17:01:31Z,48.3600,-4.7800,1012.8,0,7.023,0.1276,01111011
EXSH0001,2016-10-16T17:06:31Z,48.3600,-4.7800,1012.8,0,6.9548,0.1494,01111011
EXSH0001,2016-10-16T17:11:31Z,48.3600,-4.7800,1012.8,0,6.8789,0.1635,01111011
EXSH0001,2016-10-16T17:16:31Z,48.3600,-4.7800,1012.8,0,6.7865,0.1702,01111011
EXSH0001,2016-10-16T17:21:31Z,48.3600,-4.7800,1012.8,0,6.6951,0.1738,01111011
EXSH0001,2016-10-16T17:26:31Z,48.3600,-4.7800,1012.8,0,6.6063,0.19,01111011
EXSH0001,2016-10-16T17:31:31Z,48.3600,-4.7800,1012.8,0,6.5099,0.1734,01111011
EXSH0001,2016-10-16T17:36:31Z,48.3600,-4.7800,1012.8,0,6.4039,0.1724,01111011
EXSH0001,2016-10-16T17:41:31Z,48.3600,-4.7800,1012.8,0,6.3028,0.1863,01111011
EXSH0001,2016-10-16T17:46:31Z,48.3600,-4.7800,1012.8,0,6.1941,0.1881,01111011
EXSH0001,2016-10-16T17:51:31Z,48.3600,-4.7800,1012.8,0,6.0743,0.1783,01111011
EXSH0001,2016-10-16T17:56:31Z,48.3600,-4.7800,1012.8,0,5.9501,0.1741,01111011
EXSH0001,2016-10-16T18:01:31Z,48.3600,-4.7800,1013.5,0,5.8332,0.1772,01111011
EXSH0001,2016-10-16T18:06:31Z,48.3600,-4.7800,1013.5,0,5.7145,0.1785,01111011
EXSH0001,2016-10-16T18:11:31Z,48.3600,-4.7800,1013.5,0,5.5999,0.1839,01111011
EXSH0001,2016-10-16T18:16:31Z,48.3600,-4.7800,1013.5,0,5.4807,0.1847,01111011
EXSH0001,2016-10-16T18:21:31Z,48.3600,-4.7800,1013.5,0,5.3415,0.166,01111011
EXSH0001,2016-10-16T18:26:31Z,48.3600,-4.7800,1013.5,0,5.2312,0.1852,01111011
EXSH0001,2016-10-16T18:31:31Z,48.3600,-4.7800,1013.5,0,5.0967,0.147,01111011
EXSH0001,2016-10-16T18:36:31Z,48.3600,-4.7800,1013.5,0,4.9676,0.1429,01111011
EXSH0001,2016-10-16T18:41:31Z,48.3600,-4.7800,1013.5,0,4.8443,0.1479,01111011
EXSH0001,2016-10-16T18:46:31Z,48.3600,-4.7800,1013.5,0,4.7294,0.163,01111011
EXSH0001,2016-10-16T18:51:31Z,48.3600,-4.7800,1013.5,0,4.6367,0.197,01111011
EXSH0001,2016-10-16T18:56:31Z,48.3600,-4.7800,1013.5,0,4.5177,0.213,01111011
EXSH0001,2016-10-16T19:01:31Z,48.3600,-4.7800,1014.2,0,4.3881,0.2117,01111011
EXSH0001,2016-10-16T19:06:31Z,48.3600,-4.7800,1014.2,0,4.2629,0.2182,01111011
EXSH0001,2016-10-16T19:11:31Z,48.3600,-4.7800,1014.2,0,4.1335,0.2238,01111011
EXSH0001,2016-10-16T19:16:31Z,48.3600,-4.7800,1014.2,0,3.9957,0.211,01111011
EXSH0001,2016-10-16T19:21:31Z,48.3600,-4.7800,1014.2,0,3.8782,0.2285,01111011
EXSH0001,2016-10-16T19:26:31Z,48.3600,-4.7800,1014.2,0,3.7586,0.2439,01111011
EXSH0001,2016-10-16T19:31:31Z,48.3600,-4.7800,1014.2,0,3.6267,0.2111,01111011
EXSH0001,2016-10-16T19:36:31Z,48.3600,-4.7800,1014.2,0,3.4889,0.2013,01111011
EXSH0001,2016-10-16T19:41:31Z,48.3600,-4.7800,1014.2,0,3.3622,0.2066,01111011
EXSH0001,2016-10-16T19:46:31Z,48.3600,-4.7800,1014.2,0,3.2448,0.2173,01111011
EXSH0001,2016-10-16T19:51:31Z,48.3600,-4.7800,1014.2,0,3.1119,0.2163,01111011
EXSH0001,2016-10-16T19:56:31Z,48.3600,-4.7800,1014.2,0,2.996,0.2285,01111011
EXSH0001,2016-10-16T20:01:31Z,48.3600,-4.7800,1014.5,0,2.8793,0.2368,01111011
EXSH0001,2016-10-16T20:06:31Z,48.3600,-4.7800,1014.5,0,2.7467,0.2311,01111011
EXSH0001,2016-10-16T20:11:31Z,48.3600,-4.7800,1014.5,0,2.6229,0.2273,01111011
EXSH0001,2016-10-16T20:16:31Z,48.3600,-4.7800,1014.5,0,2.4883,0.2208,01111011
EXSH0001,2016-10-16T20:21:31Z,48.3600,-4.7800,1014.5,0,2.3638,0.2151,01111011
EXSH0001,2016-10-16T20:26:31Z,48.3600,-4.7800,1014.5,0,2.24,0.2044,01111011
EXSH0001,2016-10-16T20:31:31Z,48.3600,-4.7800,1014.5,0,2.1208,0.1748,01111011
EXSH0001,2016-10-16T20:36:31Z,48.3600,-4.7800,1014.5,0,2.0135,0.1775,01111011
EXSH0001,2016-10-16T20:41:31Z,48.3600,-4.7800,1014.5,0,1.9034,0.1782,01111011
EXSH0001,2016-10-16T20:46:31Z,48.3600,-4.7800,1014.5,0,1.8111,0.1908,01111011
EXSH0001,2016-10-16T20:51:31Z,48.3600,-4.7800,1014.5,0,1.6956,0.1803,01111011
EXSH0001,2016-10-16T20:56:31Z,48.3600,-4.7800,1014.5,0,1.5885,0.174,01111011
EXSH0001,2016-10-16T21:01:31Z,48.3600,-4.7800,1015.1,0,1.477,0.1525,01111011
EXSH0001,2016-10-16T21:06:31Z,48.3600,-4.7800,1015.1,0,1.3838,0.1493,01111011
EXSH0001,2016-10-16T21:11:31Z,48.3600,-4.7800,1015.1,0,1.2995,0.155,01111011
EXSH0001,2016-10-16T21:16:31Z,48.3600,-4.7800,1015.1,0,1.2139,0.1451,01111011
EXSH0001,2016-10-16T21:21:31Z,48.3600,-4.7800,1015.1,0,1.13,0.1362,01111011
EXSH0001,2016-10-16T21:26:31Z,48.3600,-4.7800,1015.1,0,1.053,0.13,01111011
EXSH0001,2016-10-16T21:31:31Z,48.3600,-4.7800,1015.1,0,0.9861,0.1131,01111011
EXSH0001,2016-10-16T21:36:31Z,48.3600,-4.7800,1015.1,0,0.9301,0.1213,01111011
EXSH0001,2016-10-16T21:41:31Z,48.3600,-4.7800,1015.1,0,0.8769,0.1185,01111011
EXSH0001,2016-10-16T21:46:31Z,48.3600,-4.7800,1015.1,0,0.8199,0.1111,01111011
EXSH0001,2016-10-16T21:51:31Z,48.3600,-4.7800,1015.1,0,0.7694,0.1056,01111011
EXSH0001,2016-10-16T21:56:31Z,48.3600,-4.7800,1015.1,0,0.7167,0.0875,01111011
EXSH0001,2016-10-16T22:01:31Z,48.3600,-4.7800,1015.4,0,0.6891,0.0899,01111011
EXSH0001,2016-10-16T22:06:31Z,48.3600,-4.7800,1015.4,0,0.6534,0.0838,01111011
EXSH0001,2016-10-16T22:11:31Z,48.3600,-4.7800,1015.4,0,0.634,0.0794,01111011
EXSH0001,2016-10-16T22:16:31Z,48.3600,-4.7800,1015.4,0,0.6348,0.0952,01111011
EXSH0001,2016-10-16T22:21:31Z,48.3600,-4.7800,1015.4,0,0.6324,0.1024,01111011
EXSH0001,2016-10-16T22:26:31Z,48.3600,-4.7800,1015.4,0,0.632,0.102,01111011
EXSH0001,2016-10-16T22:31:31Z,48.3600,-4.7800,1015.4,0,0.6534,0.1216,01111011
EXSH0001,2016-10-16T22:36:31Z,48.3600,-4.7800,1015.4,0,0.6544,0.1076,01111011
EXSH0001,2016-10-16T22:41:31Z,48.3600,-4.7800,1015.4,0,0.6583,0.0965,01111011
EXSH0001,2016-10-16T22:46:31Z,48.3600,-4.7800,1015.4,0,0.665,0.0814,01111011
EXSH0001,2016-10-16T22:51:31Z,48.3600,-4.7800,1015.4,0,0.6652,0.0516,01111011
EXSH0001,2016-10-16T22:56:31Z,48.3600,-4.7800,1015.4,0,0.7019,0.0515,01111011
EXSH0001,2016-10-16T23:01:31Z,48.3600,-4.7800,1015.7,0,0.7409,0.0455,01111011
EXSH0001,2016-10-16T23:06:31Z,48.3600,-4.7800,1015.7,0,0.7891,0.0487,01111011
EXSH0001,2016-10-16T23:11:31Z,48.3600,-4.7800,1015.7,0,0.8505,0.0533,01111011
EXSH0001,2016-10-16T23:16:31Z,48.3600,-4.7800,1015.7,0,0.9212,0.064,01111011
EXSH0001,2016-10-16T23:21:31Z,48.3600,-4.7800,1015.7,0,0.9937,0.0647,01111011
EXSH0001,2016-10-16T23:26:31Z,48.3600,-4.7800,1015.7,0,1.0659,0.0619,01111011
EXSH0001,2016-10-16T23:31:31Z,48.3600,-4.7800,1015.7,0,1.146,0.0862,01111011
EXSH0001,2016-10-16T23:36:31Z,48.3600,-4.7800,1015.7,0,1.2449,0.0972,01111011
EXSH0001,2016-10-16T23:41:31Z,48.3600,-4.7800,1015.7,0,1.3417,0.104,01111011
EXSH0001,2016-10-16T23:46:31Z,48.3600,-4.7800,1015.7,0,1.4336,0.093,01111011
EXSH0001,2016-10-16T23:51:31Z,48.3600,-4.7800,1015.7,0,1.5353,0.0897,01111011
EXSH0001,2016-10-16T23:56:31Z,48.3600,-4.7800,1015.7,0,1.6348,0.0742,01111011
EXSH0001,2016-10-17T00:01:31Z,48.3600,-4.7800,1016,0,1.7609,0.0873,01111011
EXSH0001,2016-10-17T00:06:31Z,48.3600,-4.7800,1016,0,1.882,0.0855,01111011
EXSH0001,2016-10-17T00:11:31Z,48.3600,-4.7800,1016,0,1.9981,0.0745,01111011
EXSH0001,2016-10-17T00:16:31Z,48.3600,-4.7800,1016,0,2.1349,0.0784,01111011
EXSH0001,2016-10-17T00:21:31Z,48.3600,-4.7800,1016,0,2.2585,0.059,01111011
EXSH0001,2016-10-17T00:26:31Z,48.3600,-4.7800,1016,0,2.3758,0.0363,01111011
EXSH0001,2016-10-17T00:31:31Z,48.3600,-4.7800,1016,0,2.5193,0.0683,01111011
EXSH0001,2016-10-17T00:36:31Z,48.3600,-4.7800,1016,0,2.6727,0.0717,01111011
EXSH0001,2016-10-17T00:41:31Z,48.3600,-4.7800,1016,0,2.8238,0.0728,01111011
EXSH0001,2016-10-17T00:46:31Z,48.3600,-4.7800,1016,0,2.9672,0.0662,01111011
EXSH0001,2016-10-17T00:51:31Z,48.3600,-4.7800,1016,0,3.1073,0.0522,01111011
EXSH0001,2016-10-17T00:56:31Z,48.3600,-4.7800,1016,0,3.2709,0.0599,01111011
EXSH0001,2016-10-17T01:01:31Z,48.3600,-4.7800,1016.5,0,3.4159,0.0449,01111011
EXSH0001,2016-10-17T01:06:31Z,48.3600,-4.7800,1016.5,0,3.562,0.0319,01111011
EXSH0001,2016-10-17T01:11:31Z,48.3600,-4.7800,1016.5,0,3.7331,0.048,01111011
EXSH0001,2016-10-17T01:16:31Z,48.3600,-4.7800,1016.5,0,3.8653,0.0243,01111011
EXSH0001,2016-10-17T01:21:31Z,48.3600,-4.7800,1016.5,0,4.0123,0.0113,01111011
EXSH0001,2016-10-17T01:26:31Z,48.3600,-4.7800,1016.5,0,4.1563,0.0053,01111011
EXSH0001,2016-10-17T01:31:31Z,48.3600,-4.7800,1016.5,0,4.3081,0.0331,01111011
EXSH0001,2016-10-17T01:36:31Z,48.3600,-4.7800,1016.5,0,4.4526,0.0276,01111011
EXSH0001,2016-10-17T01:41:31Z,48.3600,-4.7800,1016.5,0,4.6047,0.0297,01111011
EXSH0001,2016-10-17T01:46:31Z,48.3600,-4.7800,1016.5,0,4.7523,0.0273,01111011
EXSH0001,2016-10-17T01:51:31Z,48.3600,-4.7800,1016.5,0,4.8895,0.015,01111011
EXSH0001,2016-10-17T01:56:31Z,48.3600,-4.7800,1016.5,0,5.0361,0.0211,01111011
EXSH0001,2016-10-17T02:01:31Z,48.3600,-4.7800,1016.8,0,5.1731,0.0181,01111011
EXSH0001,2016-10-17T02:06:31Z,48.3600,-4.7800,1016.8,0,5.2958,-0.0037,01111011
EXSH0001,2016-10-17T02:11:31Z,48.3600,-4.7800,1016.8,0,5.4307,-0.0038,01111011
EXSH0001,2016-10-17T02:16:31Z,48.3600,-4.7800,1016.8,0,5.565,-0.0045,01111011
EXSH0001,2016-10-17T02:21:31Z,48.3600,-4.7800,1016.8,0,5.7053,0.0008,01111011
EXSH0001,2016-10-17T02:26:31Z,48.3600,-4.7800,1016.8,0,5.8233,-0.0107,01111011
EXSH0001,2016-10-17T02:31:31Z,48.3600,-4.7800,1016.8,0,5.9507,0.0271,01111011
EXSH0001,2016-10-17T02:36:31Z,48.3600,-4.7800,1016.8,0,6.0629,0.0093,01111011
EXSH0001,2016-10-17T02:41:31Z,48.3600,-4.7800,1016.8,0,6.1741,0.0005,01111011
EXSH0001,2016-10-17T02:46:31Z,48.3600,-4.7800,1016.8,0,6.2913,-0.0006,01111011
EXSH0001,2016-10-17T02:51:31Z,48.3600,-4.7800,1016.8,0,6.3955,-0.0081,01111011
EXSH0001,2016-10-17T02:56:31Z,48.3600,-4.7800,1016.8,0,6.5092,-0.0027,01111011
EXSH0001,2016-10-17T03:01:31Z,48.3600,-4.7800,1017.1,0,6.6044,-0.0125,01111011
EXSH0001,2016-10-17T03:06:31Z,48.3600,-4.7800,1017.1,0,6.7024,-0.0178,01111011
EXSH0001,2016-10-17T03:11:31Z,48.3600,-4.7800,1017.1,0,6.7996,-0.0106,01111011
EXSH0001,2016-10-17T03:16:31Z,48.3600,-4.7800,1017.1,0,6.8921,-0.0081,01111011
EXSH0001,2016-10-17T03:21:31Z,48.3600,-4.7800,1017.1,0,6.9819,-0.0083,01111011
EXSH0001,2016-10-17T03:26:31Z,48.3600,-4.7800,1017.1,0,7.0503,-0.0182,01111011
EXSH0001,2016-10-17T03:31:31Z,48.3600,-4.7800,1017.1,0,7.1157,-0.0065,01111011
EXSH0001,2016-10-17T03:36:31Z,48.3600,-4.7800,1017.1,0,7.1829,-0.0074,01111011
EXSH0001,2016-10-17T03:41:31Z,48.3600,-4.7800,1017.1,0,7.2227,-0.0264,01111011
EXSH0001,2016-10-17T03:46:31Z,48.3600,-4.7800,1017.1,0,7.2713,-0.0309,01111011
EXSH0001,2016-10-17T03:51:31Z,48.3600,-4.7800,1017.1,0,7.3132,-0.0329,01111011
EXSH0001,2016-10-17T03:56:31Z,48.3600,-4.7800,1017.1,0,7.357,-0.0271,01111011
EXSH0001,2016-10-17T04:01:31Z,48.3600,-4.7800,1017.3,0,7.3962,-0.0168,01111011
EXSH0001,2016-10-17T04:06:31Z,48.3600,-4.7800,1017.3,0,7.4081,-0.028,01111011
EXSH0001,2016-10-17T04:11:31Z,48.3600,-4.7800,1017.3,0,7.4371,-0.0059,01111011
EXSH0001,2016-10-17T04:16:31Z,48.3600,-4.7800,1017.3,0,7.4435,-0.0065,01111011
EXSH0001,2016-10-17T04:21:31Z,48.3600,-4.7800,1017.3,0,7.4629,0.016,01111011
EXSH0001,2016-10-17T04:26:31Z,48.3600,-4.7800,1017.3,0,7.451,0.011,01111011
EXSH0001,2016-10-17T04:31:31Z,48.3600,-4.7800,1017.3,0,7.434,0.0125,01111011
EXSH0001,2016-10-17T05:37:31Z,48.3600,-4.7800,,0,6.6484,0.0388,01119011
EXSH0001,2016-10-17T05:42:31Z,48.3600,-4.7800,,0,6.5641,0.0529,01119011
EXSH0001,2016-10-17T05:47:31Z,48.3600,-4.7800,,0,6.4549,0.0387,01119011
EXSH0001,2016-10-17T05:52:31Z,48.3600,-4.7800,,0,6.3723,0.0611,01119011
EXSH0001,2016-10-17T05:57:31Z,48.3600,-4.7800,,0,6.2564,0.0502,01119011
EXSH0001,2016-10-17T06:02:31Z,48.3600,-4.7800,1018.4,0,6.1455,0.0443,01111011
EXSH0001,2016-10-17T06:07:31Z,48.3600,-4.7800,1018.4,0,6.0554,0.0692,01111011
EXSH0001,2016-10-17T06:12:31Z,48.3600,-4.7800,1018.4,0,5.9419,0.0607,01111011
EXSH0001,2016-10-17T06:17:31Z,48.3600,-4.7800,1018.4,0,5.8329,0.0701,01111011
EXSH0001,2016-10-17T06:22:31Z,48.3600,-4.7800,1018.4,0,5.7306,0.0878,01111011
EXSH0001,2016-10-17T06:27:31Z,48.3600,-4.7800,1018.4,0,5.61,0.0772,01111011
EXSH0001,2016-10-17T06:32:31Z,48.3600,-4.7800,1018.4,0,5.4906,0.049,01111011
EXSH0001,2016-10-17T06:37:31Z,48.3600,-4.7800,1018.4,0,5.365,0.0434,01111011
EXSH0001,2016-10-17T06:42:31Z,48.3600,-4.7800,1018.4,0,5.2417,0.0501,01111011
EXSH0001,2016-10-17T06:47:31Z,48.3600,-4.7800,1018.4,0,5.1193,0.0477,01111011
EXSH0001,2016-10-17T06:52:31Z,48.3600,-4.7800,1018.4,0,5.0021,0.0553,01111011
EXSH0001,2016-10-17T06:57:31Z,48.3600,-4.7800,1018.4,0,4.8759,0.0543,01111011
EXSH0001,2016-10-17T07:02:31Z,48.3600,-4.7800,1019.1,0,4.7656,0.0688,01111011
EXSH0001,2016-10-17T07:07:31Z,48.3600,-4.7800,1019.1,0,4.6421,0.0705,01111011
EXSH0001,2016-10-17T07:12:31Z,48.3600,-4.7800,1019.1,0,4.5068,0.0652,01111011
EXSH0001,2016-10-17T07:17:31Z,48.3600,-4.7800,1019.1,0,4.3707,0.0589,01111011
EXSH0001,2016-10-17T07:22:31Z,48.3600,-4.7800,1019.1,0,4.2546,0.073,01111011
EXSH0001,2016-10-17T07:27:31Z,48.3600,-4.7800,1019.1,0,4.1197,0.0679,01111011
EXSH0001,2016-10-17T07:32:31Z,48.3600,-4.7800,1019.1,0,3.991,0.0295,01111011
EXSH0001,2016-10-17T07:37:31Z,48.3600,-4.7800,1019.1,0,3.8719,0.0455,01111011
EXSH0001,2016-10-17T07:42:31Z,48.3600,-4.7800,1019.1,0,3.7493,0.0478,01111011
EXSH0001,2016-10-17T07:47:31Z,48.3600,-4.7800,1019.1,0,3.6158,0.0494,01111011
EXSH0001,2016-10-17T07:52:31Z,48.3600,-4.7800,1019.1,0,3.4975,0.0651,01111011
EXSH0001,2016-10-17T07:57:31Z,48.3600,-4.7800,1019.1,0,3.3802,0.0737,01111011
EXSH0001,2016-10-17T08:02:31Z,48.3600,-4.7800,1019.9,0,3.2517,0.0702,01111011
EXSH0001,2016-10-17T08:07:31Z,48.3600,-4.7800,1019.9,0,3.1195,0.073,01111011
EXSH0001,2016-10-17T08:12:31Z,48.3600,-4.7800,1019.9,0,2.9893,0.0678,01111011
EXSH0001,2016-10-17T08:17:31Z,48.3600,-4.7800,1019.9,0,2.8789,0.0865,01111011
EXSH0001,2016-10-17T08:22:31Z,48.3600,-4.7800,1019.9,0,2.7575,0.0951,01111011
EXSH0001,2016-10-17T08:27:31Z,48.3600,-4.7800,1019.9,0,2.6369,0.0945,01111011
EXSH0001,2016-10-17T08:32:31Z,48.3600,-4.7800,1019.9,0,2.5044,0.0512,01111011
EXSH0001,2016-10-17T08:37:31Z,48.3600,-4.7800,1019.9,0,2.3789,0.0557,01111011
EXSH0001,2016-10-17T08:42:31Z,48.3600,-4.7800,1019.9,0,2.2616,0.0584,01111011
EXSH0001,2016-10-17T08:47:31Z,48.3600,-4.7800,1019.9,0,2.1379,0.0447,01111011
EXSH0001,2016-10-17T08:52:31Z,48.3600,-4.7800,1019.9,0,2.0407,0.0675,01111011
EXSH0001,2016-10-17T08:57:31Z,48.3600,-4.7800,1019.9,0,1.91,0.0468,01111011
EXSH0001,2016-10-17T09:02:31Z,48.3600,-4.7800,1020.4,0,1.8253,0.075,01111011
EXSH0001,2016-10-17T09:07:31Z,48.3600,-4.7800,1020.4,0,1.6977,0.0524,01111011
EXSH0001,2016-10-17T09:12:31Z,48.3600,-4.7800,1020.4,0,1.5863,0.046,01111011
EXSH0001,2016-10-17T09:17:31Z,48.3600,-4.7800,1020.4,0,1.4819,0.0366,01111011
EXSH0001,2016-10-17T09:22:31Z,48.3600,-4.7800,1020.4,0,1.3912,0.0438,01111011
EXSH0001,2016-10-17T09:27:31Z,48.3600,-4.7800,1020.4,0,1.2933,0.0359,01111011
EXSH0001,2016-10-17T09:32:31Z,48.3600,-4.7800,1020.4,0,1.2051,0.0161,01111011
EXSH0001,2016-10-17T09:37:31Z,48.3600,-4.7800,1020.4,0,1.1177,0.0102,01111011
EXSH0001,2016-10-17T09:42:31Z,48.3600,-4.7800,1020.4,0,1.0339,0.0014,01111011
EXSH0001,2016-10-17T09:47:31Z,48.3600,-4.7800,1020.4,0,0.9754,0.0179,01111011
EXSH0001,2016-10-17T09:52:31Z,48.3600,-4.7800,1020.4,0,0.9098,0.0173,01111011
EXSH0001,2016-10-17T09:57:31Z,48.3600,-4.7800,1020.4,0,0.8507,0.0247,01111011
EXSH0001,2016-10-17T10:02:31Z,48.3600,-4.7800,1021.3,0,0.7789,0.0029,01111011
EXSH0001,2016-10-17T10:07:31Z,48.3600,-4.7800,1021.3,0,0.7123,-0.0122,01111011
EXSH0001,2016-10-17T10:12:31Z,48.3600,-4.7800,1021.3,0,0.6719,-0.0076,01111011
EXSH0001,2016-10-17T10:17:31Z,48.3600,-4.7800,1021.3,0,0.6261,-0.0169,01111011
EXSH0001,2016-10-17T10:22:31Z,48.3600,-4.7800,1021.3,0,0.6057,-0.0008,01111011
EXSH0001,2016-10-17T10:27:31Z,48.3600,-4.7800,1021.3,0,0.5795,-0.0035,01111011
EXSH0001,2016-10-17T10:32:31Z,48.3600,-4.7800,1021.3,0,0.5581,-0.0122,01111011
EXSH0001,2016-10-17T10:37:31Z,48.3600,-4.7800,1021.3,0,0.5573,0.0073,01111011
EXSH0001,2016-10-17T10:42:31Z,48.3600,-4.7800,1021.3,0,0.553,0.0127,01111011
EXSH0001,2016-10-17T10:47:31Z,48.3600,-4.7800,1021.3,0,0.5484,0.0084,01111011
EXSH0001,2016-10-17T10:52:31Z,48.3600,-4.7800,1021.3,0,0.5534,0.0134,01111011
EXSH0001,2016-10-17T10:57:31Z,48.3600,-4.7800,1021.3,0,0.5513,-0.0034,01111011
EXSH0001,2016-10-17T11:02:31Z,48.3600,-4.7800,1021.8,0,0.5437,-0.026,01111011
EXSH0001,2016-10-17T11:07:31Z,48.3600,-4.7800,1021.8,0,0.5685,-0.0209,01111011
EXSH0001,2016-10-17T11:12:31Z,48.3600,-4.7800,1021.8,0,0.5584,-0.061,01111011
EXSH0001,2016-10-17T11:17:31Z,48.3600,-4.7800,1021.8,0,0.5934,-0.0607,01111011
EXSH0001,2016-10-17T11:22:31Z,48.3600,-4.7800,1021.8,0,0.6088,-0.0903,01111011
EXSH0001,2016-10-17T11:27:31Z,48.3600,-4.7800,1021.8,0,0.6567,-0.0874,01111011
EXSH0001,2016-10-17T11:32:31Z,48.3600,-4.7800,1021.8,0,0.7003,-0.0839,01111011
EXSH0001,2016-10-17T11:37:31Z,48.3600,-4.7800,1021.8,0,0.7854,-0.0599,01111011
EXSH0001,2016-10-17T11:42:31Z,48.3600,-4.7800,1021.8,0,0.8643,-0.0499,01111011
EXSH0001,2016-10-17T11:47:31Z,48.3600,-4.7800,1021.8,0,0.9437,-0.0426,01111011
EXSH0001,2016-10-17T11:52:31Z,48.3600,-4.7800,1021.8,0,1.0222,-0.0481,01111011
EXSH0001,2016-10-17T11:57:31Z,48.3600,-4.7800,1021.8,0,1.1179,-0.0384,01111011
EXSH0001,2016-10-17T12:02:31Z,48.3600,-4.7800,1021.9,0,1.2002,-0.0521,01111011
EXSH0001,2016-10-17T12:07:31Z,48.3600,-4.7800,1021.9,0,1.2889,-0.0595,01111011
EXSH0001,2016-10-17T12:12:31Z,48.3600,-4.7800,1021.9,0,1.3914,-0.0709,01111011
EXSH0001,2016-10-17T12:17:31Z,48.3600,-4.7800,1021.9,0,1.4824,-0.095,01111011
EXSH0001,2016-10-17T12:22:31Z,48.3600,-4.7800,1021.9,0,1.6012,-0.0932,01111011
EXSH0001,2016-10-17T12:27:31Z,48.3600,-4.7800,1021.9,0,1.7273,-0.0921,01111011
EXSH0001,2016-10-17T12:32:31Z,48.3600,-4.7800,1021.9,0,1.857,-0.061,01111011
EXSH0001,2016-10-17T12:37:31Z,48.3600,-4.7800,1021.9,0,1.9733,-0.0792,01111011
EXSH0001,2016-10-17T12:42:31Z,48.3600,-4.7800,1021.9,0,2.1124,-0.0778,01111011
EXSH0001,2016-10-17T12:47:31Z,48.3600,-4.7800,1021.9,0,2.2606,-0.0719,01111011
EXSH0001,2016-10-17T12:52:31Z,48.3600,-4.7800,1021.9,0,2.3987,-0.0838,01111011
EXSH0001,2016-10-17T12:57:31Z,48.3600,-4.7800,1021.9,0,2.5491,-0.0834,01111011
EXSH0001,2016-10-17T13:02:31Z,48.3600,-4.7800,1022.3,0,2.6968,-0.0879,01111011
EXSH0001,2016-10-17T13:07:31Z,48.3600,-4.7800,1022.3,0,2.8521,-0.0904,01111011
EXSH0001,2016-10-17T13:12:31Z,48.3600,-4.7800,1022.3,0,3.0054,-0.0971,01111011
EXSH0001,2016-10-17T13:17:31Z,48.3600,-4.7800,1022.3,0,3.1651,-0.0947,01111011
EXSH0001,2016-10-17T13:22:31Z,48.3600,-4.7800,1022.3,0,3.3151,-0.1096,01111011
EXSH0001,2016-10-17T13:27:31Z,48.3600,-4.7800,1022.3,0,3.4807,-0.1018,01111011
EXSH0001,2016-10-17T13:32:31Z,48.3600,-4.7800,1022.3,0,3.629,-0.0734,01111011
EXSH0001,2016-10-17T13:37:31Z,48.3600,-4.7800,1022.3,0,3.787,-0.077,01111011
EXSH0001,2016-10-17T13:42:31Z,48.3600,-4.7800,1022.3,0,3.9243,-0.0981,01111011
EXSH0001,2016-10-17T13:47:31Z,48.3600,-4.7800,1022.3,0,4.0771,-0.1069,01111011
EXSH0001,2016-10-17T13:52:31Z,48.3600,-4.7800,1022.3,0,4.225,-0.1174,01111011
EXSH0001,2016-10-17T13:57:31Z,48.3600,-4.7800,1022.3,0,4.3842,-0.1098,01111011
EXSH0001,2016-10-17T14:02:31Z,48.3600,-4.7800,1022.7,0,4.5341,-0.1183,01111011
EXSH0001,2016-10-17T14:07:31Z,48.3600,-4.7800,1022.7,0,4.6877,-0.1163,01111011
EXSH0001,2016-10-17T14:12:31Z,48.3600,-4.7800,1022.7,0,4.8314,-0.1226,01111011
EXSH0001,2016-10-17T14:17:31Z,48.3600,-4.7800,1022.7,0,4.9872,-0.1168,01111011
EXSH0001,2016-10-17T14:22:31Z,48.3600,-4.7800,1022.7,0,5.12,-0.1256,01111011
EXSH0001,2016-10-17T14:27:31Z,48.3600,-4.7800,1022.7,0,5.2639,-0.1267,01111011
EXSH0001,2016-10-17T14:32:31Z,48.3600,-4.7800,1022.7,0,5.3933,-0.1047,01111011
EXSH0001,2016-10-17T14:37:31Z,48.3600,-4.7800,1022.7,0,5.5323,-0.1059,01111011
EXSH0001,2016-10-17T14:42:31Z,48.3600,-4.7800,1022.7,0,5.6722,-0.101,01111011
EXSH0001,2016-10-17T14:47:31Z,48.3600,-4.7800,1022.7,0,5.801,-0.1072,01111011
EXSH0001,2016-10-17T14:52:31Z,48.3600,-4.7800,1022.7,0,5.9203,-0.1129,01111011
EXSH0001,2016-10-17T14:57:31Z,48.3600,-4.7800,1022.7,0,6.0433,-0.1151,01111011
EXSH0001,2016-10-17T15:02:31Z,48.3600,-4.7800,1022.9,0,6.1665,-0.1119,01111011
EXSH0001,2016-10-17T15:07:31Z,48.3600,-4.7800,1022.9,0,6.2854,-0.113,01111011
EXSH0001,2016-10-17T15:12:31Z,48.3600,-4.7800,1022.9,0,6.3955,-0.1229,01111011
EXSH0001,2016-10-17T15:17:31Z,48.3600,-4.7800,1022.9,0,6.5015,-0.1271,01111011
EXSH0001,2016-10-17T15:22:31Z,48.3600,-4.7800,1022.9,0,6.6146,-0.119,01111011
EXSH0001,2016-10-17T15:27:31Z,48.3600,-4.7800,1022.9,0,6.7152,-0.1234,01111011
EXSH0001,2016-10-17T15:32:31Z,48.3600,-4.7800,1022.9,0,6.8227,-0.093,01111011
EXSH0001,2016-10-17T15:37:31Z,48.3600,-4.7800,1022.9,0,6.928,-0.0777,01111011
EXSH0001,2016-10-17T15:42:31Z,48.3600,-4.7800,1022.9,0,7.0034,-0.0914,01111011
EXSH0001,2016-10-17T15:47:31Z,48.3600,-4.7800,1022.9,0,7.079,-0.0967,01111011
EXSH0001,2016-10-17T15:52:31Z,48.3600,-4.7800,1022.9,0,7.1636,-0.0902,01111011
EXSH0001,2016-10-17T15:57:31Z,48.3600,-4.7800,1022.9,0,7.2255,-0.0942,01111011
EXSH0001,2016-10-17T16:02:31Z,48.3600,-4.7800,1023.1,0,7.2833,-0.0996,01111011
EXSH0001,2016-10-17T16:07:31Z,48.3600,-4.7800,1023.1,0,7.3441,-0.0897,01111011
EXSH0001,2016-10-17T16:12:31Z,48.3600,-4.7800,1023.1,0,7.3889,-0.093,01111011
EXSH0001,2016-10-17T16:17:31Z,48.3600,-4.7800,1023.1,0,7.4319,-0.0859,01111011
EXSH0001,2016-10-17T16:22:31Z,48.3600,-4.7800,1023.1,0,7.4691,-0.0819,01111011
EXSH0001,2016-10-17T16:27:31Z,48.3600,-4.7800,1023.1,0,7.5152,-0.0567,01111011
EXSH0001,2016-10-17T16:32:31Z,48.3600,-4.7800,1023.1,0,7.5273,-0.0527,01111011
EXSH0001,2016-10-17T16:37:31Z,48.3600,-4.7800,1023.1,0,7.5437,-0.0463,01111011
EXSH0001,2016-10-17T16:42:31Z,48.3600,-4.7800,1023.1,0,7.5436,-0.0464,01111011
EXSH0001,2016-10-17T16:47:31Z,48.3600,-4.7800,1023.1,0,7.5334,-0.0445,01111011
EXSH0001,2016-10-17T16:52:31Z,48.3600,-4.7800,1023.1,0,7.5202,-0.0427,01111011
EXSH0001,2016-10-17T16:57:31Z,48.3600,-4.7800,1023.1,0,7.5073,-0.0285,01111011
EXSH0001,2016-10-17T17:02:31Z,48.3600,-4.7800,1023.6,0,7.4881,-0.0177,01111011
EXSH0001,2016-10-17T17:07:31Z,48.3600,-4.7800,1023.6,0,7.4522,-0.0115,01111011
EXSH0001,2016-10-17T17:12:31Z,48.3600,-4.7800,1023.6,0,7.4019,-0.0097,01111011
EXSH0001,2016-10-17T17:17:31Z,48.3600,-4.7800,1023.6,0,7.3367,-0.0249,01111011
EXSH0001,2016-10-17T17:22:31Z,48.3600,-4.7800,1023.6,0,7.2821,-0.0195,01111011
EXSH0001,2016-10-17T17:27:31Z,48.3600,-4.7800,1023.6,0,7.2012,-0.0304,01111011
EXSH0001,2016-10-17T17:32:31Z,48.3600,-4.7800,1023.6,0,7.1381,-0.0444,01111011
EXSH0001,2016-10-17T17:37:31Z,48.3600,-4.7800,1023.6,0,7.0594,-0.0396,01111011
EXSH0001,2016-10-17T17:42:31Z,48.3600,-4.7800,1023.6,0,7.0019,-0.0171,01111011
EXSH0001,2016-10-17T17:47:31Z,48.3600,-4.7800,1023.6,0,6.9263,-0.0027,01111011
EXSH0001,2016-10-17T17:52:31Z,48.3600,-4.7800,1023.6,0,6.8571,0.0181,01111011
EXSH0001,2016-10-17T17:57:31Z,48.3600,-4.7800,1023.6,0,6.7704,0.0214,01111011
EXSH0001,2016-10-17T18:02:31Z,48.3600,-4.7800,1024.2,0,6.6681,0.0191,01111011
EXSH0001,2016-10-17T18:07:31Z,48.3600,-4.7800,1024.2,0,6.5824,0.0319,01111011
EXSH0001,2016-10-17T18:12:31Z,48.3600,-4.7800,1024.2,0,6.4757,0.0302,01111011
EXSH0001,2016-10-17T18:17:31Z,48.3600,-4.7800,1024.2,0,6.3753,0.0433,01111011
EXSH0001,2016-10-17T18:22:31Z,48.3600,-4.7800,1024.2,0,6.2699,0.0444,01111011
EXSH0001,2016-10-17T18:27:31Z,48.3600,-4.7800,1024.2,0,6.1577,0.0457,01111011
EXSH0001,2016-10-17T18:32:31Z,48.3600,-4.7800,1024.2,0,6.0475,0.0251,01111011
EXSH0001,2016-10-17T18:37:31Z,48.3600,-4.7800,1024.2,0,5.9313,0.0189,01111011
EXSH0001,2016-10-17T18:42:31Z,48.3600,-4.7800,1024.2,0,5.8146,0.0222,01111011
EXSH0001,2016-10-17T18:47:31Z,48.3600,-4.7800,1024.2,0,5.7031,0.0307,01111011
EXSH0001,2016-10-17T18:52:31Z,48.3600,-4.7800,1024.2,0,5.5888,0.0364,01111011
EXSH0001,2016-10-17T18:57:31Z,48.3600,-4.7800,1024.2,0,5.4659,0.0435,01111011
EXSH0001,2016-10-17T19:02:31Z,48.3600,-4.7800,1024.6,0,5.3277,0.0253,01111011
EXSH0001,2016-10-17T19:07:31Z,48.3600,-4.7800,1024.6,0,5.2147,0.0423,01111011
EXSH0001,2016-10-17T19:12:31Z,48.3600,-4.7800,1024.6,0,5.087,0.0443,01111011
EXSH0001,2016-10-17T19:17:31Z,48.3600,-4.7800,1024.6,0,4.9435,0.0258,01111011
EXSH0001,2016-10-17T19:22:31Z,48.3600,-4.7800,1024.6,0,4.839,0.0466,01111011
EXSH0001,2016-10-17T19:27:31Z,48.3600,-4.7800,1024.6,0,4.7108,0.0531,01111011
EXSH0001,2016-10-17T19:32:31Z,48.3600,-4.7800,1024.6,0,4.5697,0.0141,01111011
EXSH0001,2016-10-17T19:37:31Z,48.3600,-4.7800,1024.6,0,4.4418,0.0112,01111011
EXSH0001,2016-10-17T19:42:31Z,48.3600,-4.7800,1024.6,0,4.3247,0.0292,01111011
EXSH0001,2016-10-17T19:47:31Z,48.3600,-4.7800,1024.6,0,4.1951,0.0346,01111011
EXSH0001,2016-10-17T19:52:31Z,48.3600,-4.7800,1024.6,0,4.0567,0.0311,01111011
EXSH0001,2016-10-17T19:57:31Z,48.3600,-4.7800,1024.6,0,3.9207,0.0201,01111011
EXSH0001,2016-10-17T20:02:31Z,48.3600,-4.7800,1024.9,0,3.7999,0.0343,01111011
EXSH0001,2016-10-17T20:07:31Z,48.3600,-4.7800,1024.9,0,3.6719,0.0414,01111011
EXSH0001,2016-10-17T20:12:31Z,48.3600,-4.7800,1024.9,0,3.5302,0.0347,01111011
EXSH0001,2016-10-17T20:17:31Z,48.3600,-4.7800,1024.9,0,3.3994,0.0378,01111011
EXSH0001,2016-10-17T20:22:31Z,48.3600,-4.7800,1024.9,0,3.2868,0.0513,01111011
EXSH0001,2016-10-17T20:27:31Z,48.3600,-4.7800,1024.9,0,3.1387,0.0382,01111011
EXSH0001,2016-10-17T20:32:31Z,48.3600,-4.7800,1024.9,0,3.0152,0.0154,01111011
EXSH0001,2016-10-17T20:37:31Z,48.3600,-4.7800,1024.9,0,2.8845,0.0125,01111011
EXSH0001,2016-10-17T20:42:31Z,48.3600,-4.7800,1024.9,0,2.7621,0.0201,01111011
EXSH0001,2016-10-17T20:47:31Z,48.3600,-4.7800,1024.9,0,2.6189,0.0042,01111011
EXSH0001,2016-10-17T20:52:31Z,48.3600,-4.7800,1024.9,0,2.4932,0.0034,01111011
EXSH0001,2016-10-17T20:57:31Z,48.3600,-4.7800,1024.9,0,2.3764,0.0144,01111011
EXSH0001,2016-10-17T21:02:31Z,48.3600,-4.7800,1025.3,0,2.2613,0.0193,01111011
EXSH0001,2016-10-17T21:07:31Z,48.3600,-4.7800,1025.3,0,2.128,0.006,01111011
EXSH0001,2016-10-17T21:12:31Z,48.3600,-4.7800,1025.3,0,2.0281,0.0261,01111011
EXSH0001,2016-10-17T21:17:31Z,48.3600,-4.7800,1025.3,0,1.8871,0.0051,01111011
EXSH0001,2016-10-17T21:22:31Z,48.3600,-4.7800,1025.3,0,1.7817,0.0074,01111011
EXSH0001,2016-10-17T21:27:31Z,48.3600,-4.7800,1025.3,0,1.6536,-0.0084,01111011
EXSH0001,2016-10-17T21:32:31Z,48.3600,-4.7800,1025.3,0,1.5481,-0.0331,01111011
EXSH0001,2016-10-17T21:37:31Z,48.3600,-4.7800,1025.3,0,1.4543,-0.0253,01111011
EXSH0001,2016-10-17T21:42:31Z,48.3600,-4.7800,1025.3,0,1.3582,-0.023,01111011
EXSH0001,2016-10-17T21:47:31Z,48.3600,-4.7800,1025.3,0,1.2704,-0.0192,01111011
EXSH0001,2016-10-17T21:52:31Z,48.3600,-4.7800,1025.3,0,1.1596,-0.04,01111011
EXSH0001,2016-10-17T21:57:31Z,48.3600,-4.7800,1025.3,0,1.0789,-0.0307,01111011
EXSH0001,2016-10-17T22:02:31Z,48.3600,-4.7800,1025.5,0,0.9981,-0.0299,01111011
EXSH0001,2016-10-17T22:07:31Z,48.3600,-4.7800,1025.5,0,0.9078,-0.0452,01111011
EXSH0001,2016-10-17T22:12:31Z,48.3600,-4.7800,1025.5,0,0.8193,-0.0671,01111011
EXSH0001,2016-10-17T22:17:31Z,48.3600,-4.7800,1025.5,0,0.7613,-0.0551,01111011
EXSH0001,2016-10-17T22:22:31Z,48.3600,-4.7800,1025.5,0,0.69,-0.0664,01111011
EXSH0001,2016-10-17T22:27:31Z,48.3600,-4.7800,1025.5,0,0.6416,-0.0682,01111011
EXSH0001,2016-10-17T22:32:31Z,48.3600,-4.7800,1025.5,0,0.6219,-0.0537,01111011
EXSH0001,2016-10-17T22:37:31Z,48.3600,-4.7800,1025.5,0,0.5719,-0.0587,01111011
EXSH0001,2016-10-17T22:42:31Z,48.3600,-4.7800,1025.5,0,0.5582,-0.0322,01111011
EXSH0001,2016-10-17T22:47:31Z,48.3600,-4.7800,1025.5,0,0.5168,-0.0436,01111011
EXSH0001,2016-10-17T22:52:31Z,48.3600,-4.7800,1025.5,0,0.5144,-0.0208,01111011
EXSH0001,2016-10-17T22:57:31Z,48.3600,-4.7800,1025.5,0,0.4716,-0.0486,01111011
EXSH0001,2016-10-17T23:02:31Z,48.3600,-4.7800,1025.4,0,0.4655,-0.0397,01111011
EXSH0001,2016-10-17T23:07:31Z,48.3600,-4.7800,1025.4,0,0.4669,-0.0331,01111011
EXSH0001,2016-10-17T23:12:31Z,48.3600,-4.7800,1025.4,0,0.4892,-0.0108,01111011
EXSH0001,2016-10-17T23:17:31Z,48.3600,-4.7800,1025.4,0,0.4791,-0.0307,01111011
EXSH0001,2016-10-17T23:22:31Z,48.3600,-4.7800,1025.4,0,0.4785,-0.0463,01111011
EXSH0001,2016-10-17T23:27:31Z,48.3600,-4.7800,1025.4,0,0.5091,-0.0307,01111011
EXSH0001,2016-10-17T23:32:31Z,48.3600,-4.7800,1025.4,0,0.5152,-0.0467,01111011
EXSH0001,2016-10-17T23:37:31Z,48.3600,-4.7800,1025.4,0,0.5444,-0.0475,01111011
EXSH0001,2016-10-17T23:42:31Z,48.3600,-4.7800,1025.4,0,0.5624,-0.0695,01111011
EXSH0001,2016-10-17T23:47:31Z,48.3600,-4.7800,1025.4,0,0.6092,-0.0646,01111011
EXSH0001,2016-10-17T23:52:31Z,48.3600,-4.7800,1025.4,0,0.6457,-0.0781,01111011
EXSH0001,2016-10-17T23:57:31Z,48.3600,-4.7800,1025.4,0,0.6986,-0.0852,01111011
EXSH0001,2016-10-18T00:02:31Z,48.3600,-4.7800,1025.4,0,0.7826,-0.0622,01111011
EXSH0001,2016-10-18T00:07:31Z,48.3600,-4.7800,1025.4,0,0.8803,-0.0394,01111011
EXSH0001,2016-10-18T00:12:31Z,48.3600,-4.7800,1025.4,0,0.9439,-0.0518,01111011
EXSH0001,2016-10-18T00:17:31Z,48.3600,-4.7800,1025.4,0,1.0337,-0.052,01111011
EXSH0001,2016-10-18T00:22:31Z,48.3600,-4.7800,1025.4,0,1.0967,-0.079,01111011
EXSH0001,2016-10-18T00:27:31Z,48.3600,-4.7800,1025.4,0,1.2091,-0.0625,01111011
EXSH0001,2016-10-18T00:32:31Z,48.3600,-4.7800,1025.4,0,1.3265,-0.0303,01111011
EXSH0001,2016-10-18T00:37:31Z,48.3600,-4.7800,1025.4,0,1.4445,-0.0223,01111011
EXSH0001,2016-10-18T00:42:31Z,48.3600,-4.7800,1025.4,0,1.5371,-0.0426,01111011
EXSH0001,2016-10-18T00:47:31Z,48.3600,-4.7800,1025.4,0,1.6455,-0.0613,01111011
EXSH0001,2016-10-18T00:52:31Z,48.3600,-4.7800,1025.4,0,1.7943,-0.0396,01111011
EXSH0001,2016-10-18T00:57:31Z,48.3600,-4.7800,1025.4,0,1.9051,-0.0638,01111011
EXSH0001,2016-10-18T01:02:31Z,48.3600,-4.7800,1025.4,0,2.0455,-0.0584,01111011
EXSH0001,2016-10-18T01:07:31Z,48.3600,-4.7800,1025.4,0,2.1683,-0.0727,01111011
EXSH0001,2016-10-18T01:12:31Z,48.3600,-4.7800,1025.4,0,2.3119,-0.0791,01111011
EXSH0001,2016-10-18T01:17:31Z,48.3600,-4.7800,1025.4,0,2.4566,-0.0844,01111011
EXSH0001,2016-10-18T01:22:31Z,48.3600,-4.7800,1025.4,0,2.6123,-0.0787,01111011
EXSH0001,2016-10-18T01:27:31Z,48.3600,-4.7800,1025.4,0,2.7798,-0.0712,01111011
EXSH0001,2016-10-18T01:32:31Z,48.3600,-4.7800,1025.4,0,2.9419,-0.0266,01111011
EXSH0001,2016-10-18T01:37:31Z,48.3600,-4.7800,1025.4,0,3.0557,-0.0693,01111011
EXSH0001,2016-10-18T01:42:31Z,48.3600,-4.7800,1025.4,0,3.2183,-0.0702,01111011
EXSH0001,2016-10-18T01:47:31Z,48.3600,-4.7800,1025.4,0,3.3746,-0.0704,01111011
EXSH0001,2016-10-18T01:52:31Z,48.3600,-4.7800,1025.4,0,3.5107,-0.0978,01111011
EXSH0001,2016-10-18T01:57:31Z,48.3600,-4.7800,1025.4,0,3.6997,-0.0653,01111011
EXSH0001,2016-10-18T02:02:31Z,48.3600,-4.7800,1025.3,0,3.8332,-0.0918,01111011
EXSH0001,2016-10-18T02:07:31Z,48.3600,-4.7800,1025.3,0,3.9757,-0.1078,01111011
EXSH0001,2016-10-18T02:12:31Z,48.3600,-4.7800,1025.3,0,4.1336,-0.1049,01111011
EXSH0001,2016-10-18T02:17:31Z,48.3600,-4.7800,1025.3,0,4.2986,-0.0964,01111011
EXSH0001,2016-10-18T02:22:31Z,48.3600,-4.7800,1025.3,0,4.4389,-0.1061,01111011
EXSH0001,2016-10-18T02:27:31Z,48.3600,-4.7800,1025.3,0,4.5859,-0.1091,01111011
EXSH0001,2016-10-18T02:32:31Z,48.3600,-4.7800,1025.3,0,4.7237,-0.0833,01111011
EXSH0001,2016-10-18T02:37:31Z,48.3600,-4.7800,1025.3,0,4.8629,-0.0941,01111011
EXSH0001,2016-10-18T02:42:31Z,48.3600,-4.7800,1025.3,0,5.0187,-0.0786,01111011
EXSH0001,2016-10-18T02:47:31Z,48.3600,-4.7800,1025.3,0,5.1573,-0.085,01111011
EXSH0001,2016-10-18T02:52:31Z,48.3600,-4.7800,1025.3,0,5.2785,-0.0988,01111011
EXSH0001,2016-10-18T02:57:31Z,48.3600,-4.7800,1025.3,0,5.4201,-0.1022,01111011
EXSH0001,2016-10-18T03:02:31Z,48.3600,-4.7800,1025.1,0,5.5375,-0.1198,01111011
EXSH0001,2016-10-18T03:07:31Z,48.3600,-4.7800,1025.1,0,5.6594,-0.1229,01111011
EXSH0001,2016-10-18T03:12:31Z,48.3600,-4.7800,1025.1,0,5.7754,-0.1322,01111011
EXSH0001,2016-10-18T03:17:31Z,48.3600,-4.7800,1025.1,0,5.9201,-0.1175,01111011
EXSH0001,2016-10-18T03:22:31Z,48.3600,-4.7800,1025.1,0,6.0465,-0.1111,01111011
EXSH0001,2016-10-18T03:27:31Z,48.3600,-4.7800,1025.1,0,6.1623,-0.1153,01111011
EXSH0001,2016-10-18T03:32:31Z,48.3600,-4.7800,1025.1,0,6.2636,-0.0987,01111011
EXSH0001,2016-10-18T03:37:31Z,48.3600,-4.7800,1025.1,0,6.3601,-0.1173,01111011
EXSH0001,2016-10-18T03:42:31Z,48.3600,-4.7800,1025.1,0,6.4629,-0.1194,01111011
EXSH0001,2016-10-18T03:47:31Z,48.3600,-4.7800,1025.1,0,6.5537,-0.1337,01111011
EXSH0001,2016-10-18T03:52:31Z,48.3600,-4.7800,1025.1,0,6.6535,-0.1328,01111011
EXSH0001,2016-10-18T03:57:31Z,48.3600,-4.7800,1025.1,0,6.7666,-0.1097,01111011
EXSH0001,2016-10-18T04:02:31Z,48.3600,-4.7800,1024.9,0,6.8615,-0.1048,01111011
EXSH0001,2016-10-18T04:07:31Z,48.3600,-4.7800,1024.9,0,6.9225,-0.1227,01111011
EXSH0001,2016-10-18T04:12:31Z,48.3600,-4.7800,1024.9,0,6.9897,-0.1306,01111011
EXSH0001,2016-10-18T04:17:31Z,48.3600,-4.7800,1024.9,0,7.0474,-0.1468,01111011
EXSH0001,2016-10-18T04:22:31Z,48.3600,-4.7800,1024.9,0,7.1131,-0.1411,01111011
EXSH0001,2016-10-18T04:27:31Z,48.3600,-4.7800,1024.9,0,7.1627,-0.1415,01111011
EXSH0001,2016-10-18T04:32:31Z,48.3600,-4.7800,1024.9,0,7.2057,-0.141,01111011
EXSH0001,2016-10-18T05:38:27Z,48.3600,-4.7800,,0,7.1644,-0.1008,01119011
EXSH0001,2016-10-18T05:43:27Z,48.3600,-4.7800,,0,7.0932,-0.112,01119011
EXSH0001,2016-10-18T05:48:27Z,48.3600,-4.7800,,0,7.0256,-0.1196,01119011
EXSH0001,2016-10-18T05:53:27Z,48.3600,-4.7800,,0,6.9813,-0.0927,01119011
EXSH0001,2016-10-18T05:58:27Z,48.3600,-4.7800,,0,6.9105,-0.0885,01119011
EXSH0001,2016-10-18T06:03:27Z,48.3600,-4.7800,1024.7,0,6.8395,-0.0833,01111011
EXSH0001,2016-10-18T06:08:27Z,48.3600,-4.7800,1024.7,0,6.7783,-0.0607,01111011
EXSH0001,2016-10-18T06:13:27Z,48.3600,-4.7800,1024.7,0,6.6916,-0.0612,01111011
EXSH0001,2016-10-18T06:18:27Z,48.3600,-4.7800,1024.7,0,6.6092,-0.0536,01111011
EXSH0001,2016-10-18T06:23:27Z,48.3600,-4.7800,1024.7,0,6.5285,-0.0343,01111011
EXSH0001,2016-10-18T06:28:27Z,48.3600,-4.7800,1024.7,0,6.4253,-0.0413,01111011
EXSH0001,2016-10-18T06:33:27Z,48.3600,-4.7800,1024.7,0,6.3336,-0.0532,01111011
EXSH0001,2016-10-18T06:38:27Z,48.3600,-4.7800,1024.7,0,6.2529,-0.0289,01111011
EXSH0001,2016-10-18T06:43:27Z,48.3600,-4.7800,1024.7,0,6.1562,-0.0206,01111011
EXSH0001,2016-10-18T06:48:27Z,48.3600,-4.7800,1024.7,0,6.0365,-0.0353,01111011
EXSH0001,2016-10-18T06:53:27Z,48.3600,-4.7800,1024.7,0,5.9419,-0.0173,01111011
EXSH0001,2016-10-18T06:58:27Z,48.3600,-4.7800,1024.7,0,5.8326,-0.0166,01111011
EXSH0001,2016-10-18T07:03:27Z,48.3600,-4.7800,1024.9,0,5.7277,-0.0015,01111011
EXSH0001,2016-10-18T07:08:27Z,48.3600,-4.7800,1024.9,0,5.618,0.0062,01111011
EXSH0001,2016-10-18T07:13:27Z,48.3600,-4.7800,1024.9,0,5.5053,0.0061,01111011
EXSH0001,2016-10-18T07:18:27Z,48.3600,-4.7800,1024.9,0,5.3616,-0.0176,01111011
EXSH0001,2016-10-18T07:23:27Z,48.3600,-4.7800,1024.9,0,5.2608,0.0016,01111011
EXSH0001,2016-10-18T07:28:27Z,48.3600,-4.7800,1024.9,0,5.1327,0.0035,01111011
EXSH0001,2016-10-18T07:33:27Z,48.3600,-4.7800,1024.9,0,5.0091,-0.0309,01111011
EXSH0001,2016-10-18T07:38:27Z,48.3600,-4.7800,1024.9,0,4.8847,-0.0353,01111011
EXSH0001,2016-10-18T07:43:27Z,48.3600,-4.7800,1024.9,0,4.7731,-0.0169,01111011
EXSH0001,2016-10-18T07:48:27Z,48.3600,-4.7800,1024.9,0,4.6472,-0.0228,01111011
EXSH0001,2016-10-18T07:53:27Z,48.3600,-4.7800,1024.9,0,4.5112,-0.0288,01111011
EXSH0001,2016-10-18T07:58:27Z,48.3600,-4.7800,1024.9,0,4.381,-0.0303,01111011
EXSH0001,2016-10-18T08:03:27Z,48.3600,-4.7800,1025.8,0,4.2538,-0.0325,01111011
EXSH0001,2016-10-18T08:08:27Z,48.3600,-4.7800,1025.8,0,4.1235,-0.0365,01111011
EXSH0001,2016-10-18T08:13:27Z,48.3600,-4.7800,1025.8,0,4.0082,-0.018,01111011
EXSH0001,2016-10-18T08:18:27Z,48.3600,-4.7800,1025.8,0,3.8957,-0.0043,01111011
EXSH0001,2016-10-18T08:23:27Z,48.3600,-4.7800,1025.8,0,3.7753,0.0053,01111011
EXSH0001,2016-10-18T08:28:27Z,48.3600,-4.7800,1025.8,0,3.6493,0.0081,01111011
EXSH0001,2016-10-18T08:33:27Z,48.3600,-4.7800,1025.8,0,3.511,-0.0299,01111011
EXSH0001,2016-10-18T08:38:27Z,48.3600,-4.7800,1025.8,0,3.3977,-0.0182,01111011
EXSH0001,2016-10-18T08:43:27Z,48.3600,-4.7800,1025.8,0,3.2686,-0.0222,01111011
EXSH0001,2016-10-18T08:48:27Z,48.3600,-4.7800,1025.8,0,3.1361,-0.0247,01111011
EXSH0001,2016-10-18T08:53:27Z,48.3600,-4.7800,1025.8,0,3.0214,-0.0095,01111011
EXSH0001,2016-10-18T08:58:27Z,48.3600,-4.7800,1025.8,0,2.9115,0.0056,01111011
EXSH0001,2016-10-18T09:03:27Z,48.3600,-4.7800,1025.9,0,2.7891,0.0083,01111011
EXSH0001,2016-10-18T09:08:27Z,48.3600,-4.7800,1025.9,0,2.6737,0.0178,01111011
EXSH0001,2016-10-18T09:13:27Z,48.3600,-4.7800,1025.9,0,2.5281,-0.0027,01111011
EXSH0001,2016-10-18T09:18:27Z,48.3600,-4.7800,1025.9,0,2.4117,0.0009,01111011
EXSH0001,2016-10-18T09:23:27Z,48.3600,-4.7800,1025.9,0,2.288,-0.0028,01111011
EXSH0001,2016-10-18T09:28:27Z,48.3600,-4.7800,1025.9,0,2.1917,0.0209,01111011
EXSH0001,2016-10-18T09:33:27Z,48.3600,-4.7800,1025.9,0,2.0679,-0.018,01111011
EXSH0001,2016-10-18T09:38:27Z,48.3600,-4.7800,1025.9,0,1.9673,-0.0036,01111011
EXSH0001,2016-10-18T09:43:27Z,48.3600,-4.7800,1025.9,0,1.8449,-0.0147,01111011
EXSH0001,2016-10-18T09:48:27Z,48.3600,-4.7800,1025.9,0,1.7257,-0.0252,01111011
EXSH0001,2016-10-18T09:53:27Z,48.3600,-4.7800,1025.9,0,1.5943,-0.0516,01111011
EXSH0001,2016-10-18T09:58:27Z,48.3600,-4.7800,1025.9,0,1.5107,-0.0402,01111011
EXSH0001,2016-10-18T10:03:27Z,48.3600,-4.7800,1026.2,0,1.4175,-0.0347,01111011
EXSH0001,2016-10-18T10:08:27Z,48.3600,-4.7800,1026.2,0,1.3167,-0.0355,01111011
EXSH0001,2016-10-18T10:13:27Z,48.3600,-4.7800,1026.2,0,1.2338,-0.0347,01111011
EXSH0001,2016-10-18T10:18:27Z,48.3600,-4.7800,1026.2,0,1.1361,-0.0461,01111011
EXSH0001,2016-10-18T10:23:27Z,48.3600,-4.7800,1026.2,0,1.0595,-0.039,01111011
EXSH0001,2016-10-18T10:28:27Z,48.3600,-4.7800,1026.2,0,0.9741,-0.0507,01111011
EXSH0001,2016-10-18T10:33:27Z,48.3600,-4.7800,1026.2,0,0.9149,-0.0626,01111011
EXSH0001,2016-10-18T10:38:27Z,48.3600,-4.7800,1026.2,0,0.8374,-0.0726,01111011
EXSH0001,2016-10-18T10:43:27Z,48.3600,-4.7800,1026.2,0,0.786,-0.064,01111011
EXSH0001,2016-10-18T10:48:27Z,48.3600,-4.7800,1026.2,0,0.7097,-0.0803,01111011
EXSH0001,2016-10-18T10:53:27Z,48.3600,-4.7800,1026.2,0,0.6775,-0.065,01111011
EXSH0001,2016-10-18T10:58:27Z,48.3600,-4.7800,1026.2,0,0.6242,-0.0733,01111011
EXSH0001,2016-10-18T11:03:27Z,48.3600,-4.7800,1026.5,0,0.6012,-0.0638,01111011
EXSH0001,2016-10-18T11:08:27Z,48.3600,-4.7800,1026.5,0,0.5573,-0.0777,01111011
EXSH0001,2016-10-18T11:13:27Z,48.3600,-4.7800,1026.5,0,0.5459,-0.0591,01111011
EXSH0001,2016-10-18T11:18:27Z,48.3600,-4.7800,1026.5,0,0.5249,-0.0576,01111011
EXSH0001,2016-10-18T11:23:27Z,48.3600,-4.7800,1026.5,0,0.5203,-0.0497,01111011
EXSH0001,2016-10-18T11:28:27Z,48.3600,-4.7800,1026.5,0,0.5074,-0.0551,01111011
EXSH0001,2016-10-18T11:33:27Z,48.3600,-4.7800,1026.5,0,0.4981,-0.0619,01111011
EXSH0001,2016-10-18T11:38:27Z,48.3600,-4.7800,1026.5,0,0.5201,-0.0499,01111011
EXSH0001,2016-10-18T11:43:27Z,48.3600,-4.7800,1026.5,0,0.5079,-0.0709,01111011
EXSH0001,2016-10-18T11:48:27Z,48.3600,-4.7800,1026.5,0,0.5073,-0.0866,01111011
EXSH0001,2016-10-18T11:53:27Z,48.3600,-4.7800,1026.5,0,0.5083,-0.1094,01111011
EXSH0001,2016-10-18T11:58:27Z,48.3600,-4.7800,1026.5,0,0.5301,-0.1176,01111011
EXSH0001,2016-10-18T12:03:27Z,48.3600,-4.7800,1026.5,0,0.5585,-0.1192,01111011
EXSH0001,2016-10-18T12:08:27Z,48.3600,-4.7800,1026.5,0,0.5795,-0.142,01111011
EXSH0001,2016-10-18T12:13:27Z,48.3600,-4.7800,1026.5,0,0.6279,-0.1387,01111011
EXSH0001,2016-10-18T12:18:27Z,48.3600,-4.7800,1026.5,0,0.6767,-0.1487,01111011
EXSH0001,2016-10-18T12:23:27Z,48.3600,-4.7800,1026.5,0,0.7539,-0.1315,01111011
EXSH0001,2016-10-18T12:28:27Z,48.3600,-4.7800,1026.5,0,0.83,-0.1292,01111011
EXSH0001,2016-10-18T12:33:27Z,48.3600,-4.7800,1026.5,0,0.9139,-0.1013,01111011
EXSH0001,2016-10-18T12:38:27Z,48.3600,-4.7800,1026.5,0,0.981,-0.1093,01111011
EXSH0001,2016-10-18T12:43:27Z,48.3600,-4.7800,1026.5,0,1.0777,-0.1026,01111011
EXSH0001,2016-10-18T12:48:27Z,48.3600,-4.7800,1026.5,0,1.1623,-0.118,01111011
EXSH0001,2016-10-18T12:53:27Z,48.3600,-4.7800,1026.5,0,1.2649,-0.1105,01111011
EXSH0001,2016-10-18T12:58:27Z,48.3600,-4.7800,1026.5,0,1.3653,-0.1251,01111011
EXSH0001,2016-10-18T13:03:27Z,48.3600,-4.7800,1026.3,0,1.4643,-0.1361,01111011
EXSH0001,2016-10-18T13:08:27Z,48.3600,-4.7800,1026.3,0,1.5732,-0.1472,01111011
EXSH0001,2016-10-18T13:13:27Z,48.3600,-4.7800,1026.3,0,1.7016,-0.1439,01111011
EXSH0001,2016-10-18T13:18:27Z,48.3600,-4.7800,1026.3,0,1.8349,-0.1455,01111011
EXSH0001,2016-10-18T13:23:27Z,48.3600,-4.7800,1026.3,0,1.9471,-0.1634,01111011
EXSH0001,2016-10-18T13:28:27Z,48.3600,-4.7800,1026.3,0,2.0821,-0.1684,01111011
EXSH0001,2016-10-18T13:33:27Z,48.3600,-4.7800,1026.3,0,2.2338,-0.127,01111011
EXSH0001,2016-10-18T13:38:27Z,48.3600,-4.7800,1026.3,0,2.3567,-0.1453,01111011
EXSH0001,2016-10-18T13:43:27Z,48.3600,-4.7800,1026.3,0,2.52,-0.132,01111011
EXSH0001,2016-10-18T13:48:27Z,48.3600,-4.7800,1026.3,0,2.6625,-0.1457,01111011
EXSH0001,2016-10-18T13:53:27Z,48.3600,-4.7800,1026.3,0,2.8205,-0.1415,01111011
EXSH0001,2016-10-18T13:58:27Z,48.3600,-4.7800,1026.3,0,2.9871,-0.1311,01111011
EXSH0001,2016-10-18T14:03:27Z,48.3600,-4.7800,1026,0,3.13,-0.1432,01111011
EXSH0001,2016-10-18T14:08:27Z,48.3600,-4.7800,1026,0,3.2912,-0.147,01111011
EXSH0001,2016-10-18T14:13:27Z,48.3600,-4.7800,1026,0,3.4437,-0.1495,01111011
EXSH0001,2016-10-18T14:18:27Z,48.3600,-4.7800,1026,0,3.5899,-0.1621,01111011
EXSH0001,2016-10-18T14:23:27Z,48.3600,-4.7800,1026,0,3.742,-0.17,01111011
EXSH0001,2016-10-18T14:28:27Z,48.3600,-4.7800,1026,0,3.8879,-0.1803,01111011
EXSH0001,2016-10-18T14:33:27Z,48.3600,-4.7800,1026,0,4.0291,-0.1569,01111011
EXSH0001,2016-10-18T14:38:27Z,48.3600,-4.7800,1026,0,4.1842,-0.1518,01111011
EXSH0001,2016-10-18T14:43:27Z,48.3600,-4.7800,1026,0,4.3281,-0.1655,01111011
EXSH0001,2016-10-18T14:48:27Z,48.3600,-4.7800,1026,0,4.4869,-0.1591,01111011
EXSH0001,2016-10-18T14:53:27Z,48.3600,-4.7800,1026,0,4.6421,-0.1463,01111011
EXSH0001,2016-10-18T14:58:27Z,48.3600,-4.7800,1026,0,4.7986,-0.1374,01111011
EXSH0001,2016-10-18T15:03:27Z,48.3600,-4.7800,1025.9,0,4.9283,-0.1501,01111011
EXSH0001,2016-10-18T15:08:27Z,48.3600,-4.7800,1025.9,0,5.0752,-0.1482,01111011
EXSH0001,2016-10-18T15:13:27Z,48.3600,-4.7800,1025.9,0,5.2071,-0.1513,01111011
EXSH0001,2016-10-18T15:18:27Z,48.3600,-4.7800,1025.9,0,5.3333,-0.1601,01111011
EXSH0001,2016-10-18T15:23:27Z,48.3600,-4.7800,1025.9,0,5.4601,-0.1683,01111011
EXSH0001,2016-10-18T15:28:27Z,48.3600,-4.7800,1025.9,0,5.5876,-0.1732,01111011
EXSH0001,2016-10-18T15:33:27Z,48.3600,-4.7800,1025.9,0,5.7226,-0.1311,01111011
EXSH0001,2016-10-18T15:38:27Z,48.3600,-4.7800,1025.9,0,5.8335,-0.1465,01111011
EXSH0001,2016-10-18T15:43:27Z,48.3600,-4.7800,1025.9,0,5.9617,-0.1383,01111011
EXSH0001,2016-10-18T15:48:27Z,48.3600,-4.7800,1025.9,0,6.0809,-0.1391,01111011
EXSH0001,2016-10-18T15:53:27Z,48.3600,-4.7800,1025.9,0,6.1848,-0.1514,01111011
EXSH0001,2016-10-18T15:58:27Z,48.3600,-4.7800,1025.9,0,6.3018,-0.1482,01111011
EXSH0001,2016-10-18T16:03:27Z,48.3600,-4.7800,1025.9,0,6.4043,-0.1519,01111011
EXSH0001,2016-10-18T16:08:27Z,48.3600,-4.7800,1025.9,0,6.5141,-0.1471,01111011
EXSH0001,2016-10-18T16:13:27Z,48.3600,-4.7800,1025.9,0,6.6095,-0.1468,01111011
EXSH0001,2016-10-18T16:18:27Z,48.3600,-4.7800,1025.9,0,6.6967,-0.1558,01111011
EXSH0001,2016-10-18T16:23:27Z,48.3600,-4.7800,1025.9,0,6.7865,-0.156,01111011
EXSH0001,2016-10-18T16:28:27Z,48.3600,-4.7800,1025.9,0,6.8699,-0.1538,01111011
EXSH0001,2016-10-18T16:33:27Z,48.3600,-4.7800,1025.9,0,6.9455,-0.134,01111011
EXSH0001,2016-10-18T16:38:27Z,48.3600,-4.7800,1025.9,0,7.0219,-0.1277,01111011
EXSH0001,2016-10-18T16:43:27Z,48.3600,-4.7800,1025.9,0,7.0805,-0.139,01111011
EXSH0001,2016-10-18T16:48:27Z,48.3600,-4.7800,1025.9,0,7.1392,-0.1355,01111011
EXSH0001,2016-10-18T16:53:27Z,48.3600,-4.7800,1025.9,0,7.2045,-0.1251,01111011
EXSH0001,2016-10-18T16:58:27Z,48.3600,-4.7800,1025.9,0,7.2436,-0.1211,01111011
EXSH0001,2016-10-18T17:03:27Z,48.3600,-4.7800,1026.1,0,7.2743,-0.1255,01111011
EXSH0001,2016-10-18T17:08:27Z,48.3600,-4.7800,1026.1,0,7.3175,-0.1123,01111011
EXSH0001,2016-10-18T17:13:27Z,48.3600,-4.7800,1026.1,0,7.3229,-0.127,01111011
EXSH0001,2016-10-18T17:18:27Z,48.3600,-4.7800,1026.1,0,7.3473,-0.1127,01111011
EXSH0001,2016-10-18T17:23:27Z,48.3600,-4.7800,1026.1,0,7.3494,-0.1106,01111011
EXSH0001,2016-10-18T17:28:27Z,48.3600,-4.7800,1026.1,0,7.3681,-0.0919,01111011
EXSH0001,2016-10-18T17:33:27Z,48.3600,-4.7800,1026.1,0,7.3511,-0.1026,01111011
EXSH0001,2016-10-18T17:38:27Z,48.3600,-4.7800,1026.1,0,7.3399,-0.0975,01111011
EXSH0001,2016-10-18T17:43:27Z,48.3600,-4.7800,1026.1,0,7.3161,-0.0913,01111011
EXSH0001,2016-10-18T17:48:27Z,48.3600,-4.7800,1026.1,0,7.2839,-0.0922,01111011
EXSH0001,2016-10-18T17:53:27Z,48.3600,-4.7800,1026.1,0,7.2546,-0.0765,01111011
EXSH0001,2016-10-18T17:58:27Z,48.3600,-4.7800,1026.1,0,7.2067,-0.0794,01111011
EXSH0001,2016-10-18T18:03:27Z,48.3600,-4.7800,1026.5,0,7.1675,-0.0673,01111011
EXSH0001,2016-10-18T18:08:27Z,48.3600,-4.7800,1026.5,0,7.102,-0.0728,01111011
EXSH0001,2016-10-18T18:13:27Z,48.3600,-4.7800,1026.5,0,7.0318,-0.0767,01111011
EXSH0001,2016-10-18T18:18:27Z,48.3600,-4.7800,1026.5,0,6.965,-0.0685,01111011
EXSH0001,2016-10-18T18:23:27Z,48.3600,-4.7800,1026.5,0,6.8961,-0.0624,01111011
EXSH0001,2016-10-18T18:28:27Z,48.3600,-4.7800,1026.5,0,6.8151,-0.0671,01111011
EXSH0001,2016-10-18T18:33:27Z,48.3600,-4.7800,1026.5,0,6.7502,-0.0673,01111011
EXSH0001,2016-10-18T18:38:27Z,48.3600,-4.7800,1026.5,0,6.6761,-0.0589,01111011
EXSH0001,2016-10-18T18:43:27Z,48.3600,-4.7800,1026.5,0,6.5849,-0.0501,01111011
EXSH0001,2016-10-18T18:48:27Z,48.3600,-4.7800,1026.5,0,6.5022,-0.0428,01111011
EXSH0001,2016-10-18T18:53:27Z,48.3600,-4.7800,1026.5,0,6.4059,-0.0391,01111011
EXSH0001,2016-10-18T18:58:27Z,48.3600,-4.7800,1026.5,0,6.312,-0.0355,01111011
EXSH0001,2016-10-18T19:03:27Z,48.3600,-4.7800,1026.7,0,6.2181,-0.0244,01111011
EXSH0001,2016-10-18T19:08:27Z,48.3600,-4.7800,1026.7,0,6.1143,-0.0232,01111011
EXSH0001,2016-10-18T19:13:27Z,48.3600,-4.7800,1026.7,0,5.9999,-0.0226,01111011
EXSH0001,2016-10-18T19:18:27Z,48.3600,-4.7800,1026.7,0,5.8932,-0.0243,01111011
EXSH0001,2016-10-18T19:23:27Z,48.3600,-4.7800,1026.7,0,5.7901,-0.0124,01111011
EXSH0001,2016-10-18T19:28:27Z,48.3600,-4.7800,1026.7,0,5.6743,-0.0157,01111011
EXSH0001,2016-10-18T19:33:27Z,48.3600,-4.7800,1026.7,0,5.5598,-0.0394,01111011
EXSH0001,2016-10-18T19:38:27Z,48.3600,-4.7800,1026.7,0,5.4429,-0.0363,01111011
EXSH0001,2016-10-18T19:43:27Z,48.3600,-4.7800,1026.7,0,5.3262,-0.0419,01111011
EXSH0001,2016-10-18T19:48:27Z,48.3600,-4.7800,1026.7,0,5.2111,-0.0381,01111011
EXSH0001,2016-10-18T19:53:27Z,48.3600,-4.7800,1026.7,0,5.1075,-0.0129,01111011
EXSH0001,2016-10-18T19:58:27Z,48.3600,-4.7800,1026.7,0,4.9795,-0.0197,01111011
EXSH0001,2016-10-18T20:03:27Z,48.3600,-4.7800,1026.9,0,4.8661,-0.0131,01111011
EXSH0001,2016-10-18T20:08:27Z,48.3600,-4.7800,1026.9,0,4.735,-0.0203,01111011
EXSH0001,2016-10-18T20:13:27Z,48.3600,-4.7800,1026.9,0,4.6163,-0.0129,01111011
EXSH0001,2016-10-18T20:18:27Z,48.3600,-4.7800,1026.9,0,4.4775,-0.0278,01111011
EXSH0001,2016-10-18T20:23:27Z,48.3600,-4.7800,1026.9,0,4.3673,-0.0119,01111011
EXSH0001,2016-10-18T20:28:27Z,48.3600,-4.7800,1026.9,0,4.2426,-0.0066,01111011
EXSH0001,2016-10-18T20:33:27Z,48.3600,-4.7800,1026.9,0,4.123,-0.0366,01111011
EXSH0001,2016-10-18T20:38:27Z,48.3600,-4.7800,1026.9,0,4.0051,-0.0245,01111011
EXSH0001,2016-10-18T20:43:27Z,48.3600,-4.7800,1026.9,0,3.8786,-0.026,01111011
EXSH0001,2016-10-18T20:48:27Z,48.3600,-4.7800,1026.9,0,3.7729,-0.0067,01111011
EXSH0001,2016-10-18T20:53:27Z,48.3600,-4.7800,1026.9,0,3.6343,-0.0153,01111011
EXSH0001,2016-10-18T20:58:27Z,48.3600,-4.7800,1026.9,0,3.4998,-0.0198,01111011
EXSH0001,2016-10-18T21:03:27Z,48.3600,-4.7800,1027.1,0,3.4029,0.0084,01111011
EXSH0001,2016-10-18T21:08:27Z,48.3600,-4.7800,1027.1,0,3.2785,0.0089,01111011
EXSH0001,2016-10-18T21:13:27Z,48.3600,-4.7800,1027.1,0,3.1561,0.0115,01111011
EXSH0001,2016-10-18T21:18:27Z,48.3600,-4.7800,1027.1,0,3.028,0.0084,01111011
EXSH0001,2016-10-18T21:23:27Z,48.3600,-4.7800,1027.1,0,2.9165,0.0169,01111011
EXSH0001,2016-10-18T21:28:27Z,48.3600,-4.7800,1027.1,0,2.7919,0.0223,01111011
EXSH0001,2016-10-18T21:33:27Z,48.3600,-4.7800,1027.1,0,2.6696,-0.0108,01111011
EXSH0001,2016-10-18T21:38:27Z,48.3600,-4.7800,1027.1,0,2.5527,-0.0077,01111011
EXSH0001,2016-10-18T21:43:27Z,48.3600,-4.7800,1027.1,0,2.431,-0.0094,01111011
EXSH0001,2016-10-18T21:48:27Z,48.3600,-4.7800,1027.1,0,2.3154,-0.0112,01111011
EXSH0001,2016-10-18T21:53:27Z,48.3600,-4.7800,1027.1,0,2.1966,-0.0138,01111011
EXSH0001,2016-10-18T21:58:27Z,48.3600,-4.7800,1027.1,0,2.0837,-0.0129,01111011
EXSH0001,2016-10-18T22:03:27Z,48.3600,-4.7800,1027,0,1.9757,-0.0147,01111011
EXSH0001,2016-10-18T22:08:27Z,48.3600,-4.7800,1027,0,1.8677,-0.0089,01111011
EXSH0001,2016-10-18T22:13:27Z,48.3600,-4.7800,1027,0,1.7705,-0.0023,01111011
EXSH0001,2016-10-18T22:18:27Z,48.3600,-4.7800,1027,0,1.6534,-0.0232,01111011
EXSH0001,2016-10-18T22:23:27Z,48.3600,-4.7800,1027,0,1.5552,-0.0264,01111011
EXSH0001,2016-10-18T22:28:27Z,48.3600,-4.7800,1027,0,1.4581,-0.0247,01111011
EXSH0001,2016-10-18T22:33:27Z,48.3600,-4.7800,1027,0,1.3594,-0.055,01111011
EXSH0001,2016-10-18T22:38:27Z,48.3600,-4.7800,1027,0,1.2737,-0.0607,01111011
EXSH0001,2016-10-18T22:43:27Z,48.3600,-4.7800,1027,0,1.1846,-0.0674,01111011
EXSH0001,2016-10-18T22:48:27Z,48.3600,-4.7800,1027,0,1.1121,-0.0649,01111011
EXSH0001,2016-10-18T22:53:27Z,48.3600,-4.7800,1027,0,1.0416,-0.0604,01111011
EXSH0001,2016-10-18T22:58:27Z,48.3600,-4.7800,1027,0,0.9837,-0.0533,01111011
EXSH0001,2016-10-18T23:03:27Z,48.3600,-4.7800,1026.8,0,0.925,-0.0446,01111011
EXSH0001,2016-10-18T23:08:27Z,48.3600,-4.7800,1026.8,0,0.87,-0.0496,01111011
EXSH0001,2016-10-18T23:13:27Z,48.3600,-4.7800,1026.8,0,0.8212,-0.046,01111011
EXSH0001,2016-10-18T23:18:27Z,48.3600,-4.7800,1026.8,0,0.7684,-0.0538,01111011
EXSH0001,2016-10-18T23:23:27Z,48.3600,-4.7800,1026.8,0,0.7361,-0.0487,01111011
EXSH0001,2016-10-18T23:28:27Z,48.3600,-4.7800,1026.8,0,0.7042,-0.0506,01111011
EXSH0001,2016-10-18T23:33:27Z,48.3600,-4.7800,1026.8,0,0.6745,-0.058,01111011
EXSH0001,2016-10-18T23:38:27Z,48.3600,-4.7800,1026.8,0,0.659,-0.0522,01111011
EXSH0001,2016-10-18T23:43:27Z,48.3600,-4.7800,1026.8,0,0.6417,-0.0483,01111011
EXSH0001,2016-10-18T23:48:27Z,48.3600,-4.7800,1026.8,0,0.6605,-0.0208,01111011
EXSH0001,2016-10-18T23:53:27Z,48.3600,-4.7800,1026.8,0,0.642,-0.038,01111011
EXSH0001,2016-10-18T23:58:27Z,48.3600,-4.7800,1026.8,0,0.6429,-0.0371,01111011
EXSH0001,2016-10-19T00:03:27Z,48.3600,-4.7800,1026.6,0,0.6368,-0.047,01111011
EXSH0001,2016-10-19T00:08:27Z,48.3600,-4.7800,1026.6,0,0.6663,-0.0324,01111011
EXSH0001,2016-10-19T00:13:27Z,48.3600,-4.7800,1026.6,0,0.6517,-0.0658,01111011
EXSH0001,2016-10-19T00:18:27Z,48.3600,-4.7800,1026.6,0,0.665,-0.0825,01111011
EXSH0001,2016-10-19T00:23:27Z,48.3600,-4.7800,1026.6,0,0.6849,-0.0926,01111011
EXSH0001,2016-10-19T00:28:27Z,48.3600,-4.7800,1026.6,0,0.7307,-0.0855,01111011
EXSH0001,2016-10-19T00:33:27Z,48.3600,-4.7800,1026.6,0,0.7577,-0.102,01111011
EXSH0001,2016-10-19T00:38:27Z,48.3600,-4.7800,1026.6,0,0.8277,-0.077,01111011
EXSH0001,2016-10-19T00:43:27Z,48.3600,-4.7800,1026.6,0,0.8915,-0.0681,01111011
EXSH0001,2016-10-19T00:48:27Z,48.3600,-4.7800,1026.6,0,0.9479,-0.0766,01111011
EXSH0001,2016-10-19T00:53:27Z,48.3600,-4.7800,1026.6,0,1.009,-0.0905,01111011
EXSH0001,2016-10-19T00:58:27Z,48.3600,-4.7800,1026.6,0,1.0971,-0.0774,01111011
EXSH0001,2016-10-19T01:03:27Z,48.3600,-4.7800,1026.4,0,1.1847,-0.0747,01111011
EXSH0001,2016-10-19T01:08:27Z,48.3600,-4.7800,1026.4,0,1.2685,-0.0809,01111011
EXSH0001,2016-10-19T01:13:27Z,48.3600,-4.7800,1026.4,0,1.3723,-0.0671,01111011
EXSH0001,2016-10-19T01:18:27Z,48.3600,-4.7800,1026.4,0,1.4579,-0.0864,01111011
EXSH0001,2016-10-19T01:23:27Z,48.3600,-4.7800,1026.4,0,1.5651,-0.0941,01111011
EXSH0001,2016-10-19T01:28:27Z,48.3600,-4.7800,1026.4,0,1.6923,-0.0769,01111011
EXSH0001,2016-10-19T01:33:27Z,48.3600,-4.7800,1026.4,0,1.8184,-0.042,01111011
EXSH0001,2016-10-19T01:38:27Z,48.3600,-4.7800,1026.4,0,1.9114,-0.0703,01111011
EXSH0001,2016-10-19T01:43:27Z,48.3600,-4.7800,1026.4,0,2.0331,-0.0836,01111011
EXSH0001,2016-10-19T01:48:27Z,48.3600,-4.7800,1026.4,0,2.1637,-0.088,01111011
EXSH0001,2016-10-19T01:53:27Z,48.3600,-4.7800,1026.4,0,2.3003,-0.0864,01111011
EXSH0001,2016-10-19T01:58:27Z,48.3600,-4.7800,1026.4,0,2.4241,-0.0989,01111011
EXSH0001,2016-10-19T02:03:27Z,48.3600,-4.7800,1026.1,0,2.5733,-0.0997,01111011
EXSH0001,2016-10-19T02:08:27Z,48.3600,-4.7800,1026.1,0,2.7203,-0.1027,01111011
EXSH0001,2016-10-19T02:13:27Z,48.3600,-4.7800,1026.1,0,2.8753,-0.0977,01111011
EXSH0001,2016-10-19T02:18:27Z,48.3600,-4.7800,1026.1,0,3.0235,-0.0995,01111011
EXSH0001,2016-10-19T02:23:27Z,48.3600,-4.7800,1026.1,0,3.1776,-0.0954,01111011
EXSH0001,2016-10-19T02:28:27Z,48.3600,-4.7800,1026.1,0,3.3187,-0.1043,01111011
EXSH0001,2016-10-19T02:33:27Z,48.3600,-4.7800,1026.1,0,3.4731,-0.0619,01111011
EXSH0001,2016-10-19T02:38:27Z,48.3600,-4.7800,1026.1,0,3.6045,-0.088,01111011
EXSH0001,2016-10-19T02:43:27Z,48.3600,-4.7800,1026.1,0,3.7605,-0.0845,01111011
EXSH0001,2016-10-19T02:48:27Z,48.3600,-4.7800,1026.1,0,3.8963,-0.0987,01111011
EXSH0001,2016-10-19T02:53:27Z,48.3600,-4.7800,1026.1,0,4.0292,-0.1158,01111011
EXSH0001,2016-10-19T02:58:27Z,48.3600,-4.7800,1026.1,0,4.1923,-0.1027,01111011
EXSH0001,2016-10-19T03:03:27Z,48.3600,-4.7800,1025.7,0,4.3265,-0.116,01111011
EXSH0001,2016-10-19T03:08:27Z,48.3600,-4.7800,1025.7,0,4.4667,-0.1183,01111011
EXSH0001,2016-10-19T03:13:27Z,48.3600,-4.7800,1025.7,0,4.6283,-0.1042,01111011
EXSH0001,2016-10-19T03:18:27Z,48.3600,-4.7800,1025.7,0,4.766,-0.1015,01111011
EXSH0001,2016-10-19T03:23:27Z,48.3600,-4.7800,1025.7,0,4.8812,-0.1313,01111011
EXSH0001,2016-10-19T03:28:27Z,48.3600,-4.7800,1025.7,0,5.0255,-0.122,01111011
EXSH0001,2016-10-19T03:33:27Z,48.3600,-4.7800,1025.7,0,5.1487,-0.101,01111011
EXSH0001,2016-10-19T03:38:27Z,48.3600,-4.7800,1025.7,0,5.273,-0.1017,01111011
EXSH0001,2016-10-19T03:43:27Z,48.3600,-4.7800,1025.7,0,5.3789,-0.1307,01111011
EXSH0001,2016-10-19T03:48:27Z,48.3600,-4.7800,1025.7,0,5.5192,-0.1116,01111011
EXSH0001,2016-10-19T03:53:27Z,48.3600,-4.7800,1025.7,0,5.6409,-0.1099,01111011
EXSH0001,2016-10-19T03:58:27Z,48.3600,-4.7800,1025.7,0,5.7523,-0.1246,01111011
EXSH0001,2016-10-19T04:03:27Z,48.3600,-4.7800,1025.7,0,5.8605,-0.1303,01111011
EXSH0001,2016-10-19T04:08:27Z,48.3600,-4.7800,1025.7,0,5.9801,-0.1268,01111011
EXSH0001,2016-10-19T04:13:27Z,48.3600,-4.7800,1025.7,0,6.0897,-0.1311,01111011
EXSH0001,2016-10-19T04:18:27Z,48.3600,-4.7800,1025.7,0,6.1907,-0.1363,01111011
EXSH0001,2016-10-19T04:23:27Z,48.3600,-4.7800,1025.7,0,6.2866,-0.1365,01111011
EXSH0001,2016-10-19T04:28:27Z,48.3600,-4.7800,1025.7,0,6.3836,-0.1395,01111011
EXSH0001,2016-10-19T05:34:31Z,48.3600,-4.7800,,0,7.182,-0.1024,01119011
EXSH0001,2016-10-19T05:39:31Z,48.3600,-4.7800,,0,7.1935,-0.1059,01119011
EXSH0001,2016-10-19T05:44:31Z,48.3600,-4.7800,,0,7.2019,-0.0981,01119011
EXSH0001,2016-10-19T05:49:31Z,48.3600,-4.7800,,0,7.2055,-0.0945,01119011
EXSH0001,2016-10-19T05:54:31Z,48.3600,-4.7800,,0,7.2055,-0.0801,01119011
EXSH0001,2016-10-19T05:59:31Z,48.3600,-4.7800,,0,7.186,-0.0846,01119011
EXSH0001,2016-10-19T06:04:31Z,48.3600,-4.7800,1025.8,0,7.1669,-0.0787,01111011
EXSH0001,2016-10-19T06:09:31Z,48.3600,-4.7800,1025.8,0,7.1337,-0.0781,01111011
EXSH0001,2016-10-19T06:14:31Z,48.3600,-4.7800,1025.8,0,7.0993,-0.0775,01111011
EXSH0001,2016-10-19T06:19:31Z,48.3600,-4.7800,1025.8,0,7.0472,-0.0846,01111011
EXSH0001,2016-10-19T06:24:31Z,48.3600,-4.7800,1025.8,0,6.9893,-0.0875,01111011
EXSH0001,2016-10-19T06:29:31Z,48.3600,-4.7800,1025.8,0,6.9329,-0.0895,01111011
EXSH0001,2016-10-19T06:34:31Z,48.3600,-4.7800,1025.8,0,6.8547,-0.1213,01111011
EXSH0001,2016-10-19T06:39:31Z,48.3600,-4.7800,1025.8,0,6.8092,-0.0976,01111011
EXSH0001,2016-10-19T06:44:31Z,48.3600,-4.7800,1025.8,0,6.749,-0.087,01111011
EXSH0001,2016-10-19T06:49:31Z,48.3600,-4.7800,1025.8,0,6.684,-0.077,01111011
EXSH0001,2016-10-19T06:54:31Z,48.3600,-4.7800,1025.8,0,6.6051,-0.0709,01111011
EXSH0001,2016-10-19T06:59:31Z,48.3600,-4.7800,1025.8,0,6.5341,-0.0611,01111011
EXSH0001,2016-10-19T07:04:31Z,48.3600,-4.7800,1026,0,6.4521,-0.0531,01111011
EXSH0001,2016-10-19T07:09:31Z,48.3600,-4.7800,1026,0,6.3783,-0.0369,01111011
EXSH0001,2016-10-19T07:14:31Z,48.3600,-4.7800,1026,0,6.2881,-0.0371,01111011
EXSH0001,2016-10-19T07:19:31Z,48.3600,-4.7800,1026,0,6.1983,-0.0311,01111011
EXSH0001,2016-10-19T07:24:31Z,48.3600,-4.7800,1026,0,6.1037,-0.0215,01111011
EXSH0001,2016-10-19T07:29:31Z,48.3600,-4.7800,1026,0,6.0168,-0.0126,01111011
EXSH0001,2016-10-19T07:34:31Z,48.3600,-4.7800,1026,0,5.9199,-0.0314,01111011
EXSH0001,2016-10-19T07:39:31Z,48.3600,-4.7800,1026,0,5.8194,-0.027,01111011
EXSH0001,2016-10-19T07:44:31Z,48.3600,-4.7800,1026,0,5.7084,-0.0329,01111011
EXSH0001,2016-10-19T07:49:31Z,48.3600,-4.7800,1026,0,5.6065,-0.0199,01111011
EXSH0001,2016-10-19T07:54:31Z,48.3600,-4.7800,1026,0,5.4974,-0.024,01111011
EXSH0001,2016-10-19T07:59:31Z,48.3600,-4.7800,1026,0,5.3772,-0.0291,01111011
EXSH0001,2016-10-19T08:04:31Z,48.3600,-4.7800,1026.1,0,5.2767,-0.0177,01111011
EXSH0001,2016-10-19T08:09:31Z,48.3600,-4.7800,1026.1,0,5.1705,-0.0059,01111011
EXSH0001,2016-10-19T08:14:31Z,48.3600,-4.7800,1026.1,0,5.0547,-0.0097,01111011
EXSH0001,2016-10-19T08:19:31Z,48.3600,-4.7800,1026.1,0,4.9385,-0.0079,01111011
EXSH0001,2016-10-19T08:24:31Z,48.3600,-4.7800,1026.1,0,4.8395,0.0051,01111011
EXSH0001,2016-10-19T08:29:31Z,48.3600,-4.7800,1026.1,0,4.7257,0.0113,01111011
EXSH0001,2016-10-19T08:34:31Z,48.3600,-4.7800,1026.1,0,4.609,-0.0162,01111011
EXSH0001,2016-10-19T08:39:31Z,48.3600,-4.7800,1026.1,0,4.4851,-0.0201,01111011
EXSH0001,2016-10-19T08:44:31Z,48.3600,-4.7800,1026.1,0,4.3782,-0.007,01111011
EXSH0001,2016-10-19T08:49:31Z,48.3600,-4.7800,1026.1,0,4.2583,-0.0069,01111011
EXSH0001,2016-10-19T08:54:31Z,48.3600,-4.7800,1026.1,0,4.1447,-0.0005,01111011
EXSH0001,2016-10-19T08:59:31Z,48.3600,-4.7800,1026.1,0,4.0231,-0.0021,01111011
EXSH0001,2016-10-19T09:04:31Z,48.3600,-4.7800,1026,0,3.9129,0.0077,01111011
EXSH0001,2016-10-19T09:09:31Z,48.3600,-4.7800,1026,0,3.7982,0.013,01111011
EXSH0001,2016-10-19T09:14:31Z,48.3600,-4.7800,1026,0,3.6857,0.0205,01111011
EXSH0001,2016-10-19T09:19:31Z,48.3600,-4.7800,1026,0,3.5708,0.0256,01111011
EXSH0001,2016-10-19T09:24:31Z,48.3600,-4.7800,1026,0,3.4421,0.0169,01111011
EXSH0001,2016-10-19T09:29:31Z,48.3600,-4.7800,1026,0,3.3378,0.0326,01111011
EXSH0001,2016-10-19T09:34:31Z,48.3600,-4.7800,1026,0,3.2174,0.0034,01111011
EXSH0001,2016-10-19T09:39:31Z,48.3600,-4.7800,1026,0,3.0929,-0.0111,01111011
EXSH0001,2016-10-19T09:44:31Z,48.3600,-4.7800,1026,0,2.9829,-0.0011,01111011
EXSH0001,2016-10-19T09:49:31Z,48.3600,-4.7800,1026,0,2.8856,0.0216,01111011
EXSH0001,2016-10-19T09:54:31Z,48.3600,-4.7800,1026,0,2.7741,0.0301,01111011
EXSH0001,2016-10-19T09:59:31Z,48.3600,-4.7800,1026,0,2.6481,0.0141,01111011
EXSH0001,2016-10-19T10:04:31Z,48.3600,-4.7800,1025.8,0,2.5394,0.0159,01111011
EXSH0001,2016-10-19T10:09:31Z,48.3600,-4.7800,1025.8,0,2.4233,0.0148,01111011
EXSH0001,2016-10-19T10:14:31Z,48.3600,-4.7800,1025.8,0,2.3198,0.0258,01111011
EXSH0001,2016-10-19T10:19:31Z,48.3600,-4.7800,1025.8,0,2.2001,0.0116,01111011
EXSH0001,2016-10-19T10:24:31Z,48.3600,-4.7800,1025.8,0,2.1093,0.0258,01111011
EXSH0001,2016-10-19T10:29:31Z,48.3600,-4.7800,1025.8,0,1.9995,0.021,01111011
EXSH0001,2016-10-19T10:34:31Z,48.3600,-4.7800,1025.8,0,1.9021,-0.0037,01111011
EXSH0001,2016-10-19T10:39:31Z,48.3600,-4.7800,1025.8,0,1.8222,0.0164,01111011
EXSH0001,2016-10-19T10:44:31Z,48.3600,-4.7800,1025.8,0,1.7061,-0.0097,01111011
EXSH0001,2016-10-19T10:49:31Z,48.3600,-4.7800,1025.8,0,1.6167,-0.0091,01111011
EXSH0001,2016-10-19T10:54:31Z,48.3600,-4.7800,1025.8,0,1.5188,-0.017,01111011
EXSH0001,2016-10-19T10:59:31Z,48.3600,-4.7800,1025.8,0,1.4306,-0.0252,01111011
EXSH0001,2016-10-19T11:04:31Z,48.3600,-4.7800,1025.7,0,1.3555,-0.016,01111011
EXSH0001,2016-10-19T11:09:31Z,48.3600,-4.7800,1025.7,0,1.2749,-0.0216,01111011
EXSH0001,2016-10-19T11:14:31Z,48.3600,-4.7800,1025.7,0,1.2001,-0.0271,01111011
EXSH0001,2016-10-19T11:19:31Z,48.3600,-4.7800,1025.7,0,1.1321,-0.0344,01111011
EXSH0001,2016-10-19T11:24:31Z,48.3600,-4.7800,1025.7,0,1.0713,-0.0316,01111011
EXSH0001,2016-10-19T11:29:31Z,48.3600,-4.7800,1025.7,0,1.0127,-0.0345,01111011
EXSH0001,2016-10-19T11:34:31Z,48.3600,-4.7800,1025.7,0,0.9643,-0.0396,01111011
EXSH0001,2016-10-19T11:39:31Z,48.3600,-4.7800,1025.7,0,0.9263,-0.0325,01111011
EXSH0001,2016-10-19T11:44:31Z,48.3600,-4.7800,1025.7,0,0.9068,-0.0171,01111011
EXSH0001,2016-10-19T11:49:31Z,48.3600,-4.7800,1025.7,0,0.8691,-0.0168,01111011
EXSH0001,2016-10-19T11:54:31Z,48.3600,-4.7800,1025.7,0,0.8403,-0.0156,01111011
EXSH0001,2016-10-19T11:59:31Z,48.3600,-4.7800,1025.7,0,0.8205,-0.0124,01111011
EXSH0001,2016-10-19T12:04:31Z,48.3600,-4.7800,1025.2,0,0.7805,-0.0295,01111011
EXSH0001,2016-10-19T12:09:31Z,48.3600,-4.7800,1025.2,0,0.7788,-0.0241,01111011
EXSH0001,2016-10-19T12:14:31Z,48.3600,-4.7800,1025.2,0,0.7729,-0.0171,01111011
EXSH0001,2016-10-19T12:19:31Z,48.3600,-4.7800,1025.2,0,0.7828,-0.0072,01111011
EXSH0001,2016-10-19T12:24:31Z,48.3600,-4.7800,1025.2,0,0.7694,-0.0227,01111011
EXSH0001,2016-10-19T12:29:31Z,48.3600,-4.7800,1025.2,0,0.7595,-0.0476,01111011
EXSH0001,2016-10-19T12:34:31Z,48.3600,-4.7800,1025.2,0,0.7803,-0.0379,01111011
EXSH0001,2016-10-19T12:39:31Z,48.3600,-4.7800,1025.2,0,0.7758,-0.0607,01111011
EXSH0001,2016-10-19T12:44:31Z,48.3600,-4.7800,1025.2,0,0.815,-0.0515,01111011
EXSH0001,2016-10-19T12:49:31Z,48.3600,-4.7800,1025.2,0,0.8417,-0.0548,01111011
EXSH0001,2016-10-19T12:54:31Z,48.3600,-4.7800,1025.2,0,0.8686,-0.0661,01111011
EXSH0001,2016-10-19T12:59:31Z,48.3600,-4.7800,1025.2,0,0.9109,-0.0689,01111011
EXSH0001,2016-10-19T13:04:31Z,48.3600,-4.7800,1024.8,0,0.9569,-0.0761,01111011
EXSH0001,2016-10-19T13:09:31Z,48.3600,-4.7800,1024.8,0,1.0188,-0.0742,01111011
EXSH0001,2016-10-19T13:14:31Z,48.3600,-4.7800,1024.8,0,1.0775,-0.0755,01111011
EXSH0001,2016-10-19T13:19:31Z,48.3600,-4.7800,1024.8,0,1.155,-0.0713,01111011
EXSH0001,2016-10-19T13:24:31Z,48.3600,-4.7800,1024.8,0,1.2163,-0.0849,01111011
EXSH0001,2016-10-19T13:29:31Z,48.3600,-4.7800,1024.8,0,1.3167,-0.0696,01111011
EXSH0001,2016-10-19T13:34:31Z,48.3600,-4.7800,1024.8,0,1.3818,-0.069,01111011
EXSH0001,2016-10-19T13:39:31Z,48.3600,-4.7800,1024.8,0,1.4578,-0.0886,01111011
EXSH0001,2016-10-19T13:44:31Z,48.3600,-4.7800,1024.8,0,1.565,-0.0814,01111011
EXSH0001,2016-10-19T13:49:31Z,48.3600,-4.7800,1024.8,0,1.6511,-0.1041,01111011
EXSH0001,2016-10-19T13:54:31Z,48.3600,-4.7800,1024.8,0,1.7656,-0.0996,01111011
EXSH0001,2016-10-19T13:59:31Z,48.3600,-4.7800,1024.8,0,1.8724,-0.1034,01111011
EXSH0001,2016-10-19T14:04:31Z,48.3600,-4.7800,1024.6,0,2.0014,-0.1038,01111011
EXSH0001,2016-10-19T14:09:31Z,48.3600,-4.7800,1024.6,0,2.0945,-0.1307,01111011
EXSH0001,2016-10-19T14:14:31Z,48.3600,-4.7800,1024.6,0,2.225,-0.1346,01111011
EXSH0001,2016-10-19T14:19:31Z,48.3600,-4.7800,1024.6,0,2.3503,-0.1443,01111011
EXSH0001,2016-10-19T14:24:31Z,48.3600,-4.7800,1024.6,0,2.4991,-0.1305,01111011
EXSH0001,2016-10-19T14:29:31Z,48.3600,-4.7800,1024.6,0,2.617,-0.1476,01111011
EXSH0001,2016-10-19T14:34:31Z,48.3600,-4.7800,1024.6,0,2.7659,-0.1113,01111011
EXSH0001,2016-10-19T14:39:31Z,48.3600,-4.7800,1024.6,0,2.9163,-0.1017,01111011
EXSH0001,2016-10-19T14:44:31Z,48.3600,-4.7800,1024.6,0,3.0309,-0.1363,01111011
EXSH0001,2016-10-19T14:49:31Z,48.3600,-4.7800,1024.6,0,3.1798,-0.1282,01111011
EXSH0001,2016-10-19T14:54:31Z,48.3600,-4.7800,1024.6,0,3.3194,-0.1386,01111011
EXSH0001,2016-10-19T14:59:31Z,48.3600,-4.7800,1024.6,0,3.4648,-0.1374,01111011
EXSH0001,2016-10-19T15:04:31Z,48.3600,-4.7800,1024.2,0,3.5963,-0.1517,01111011
EXSH0001,2016-10-19T15:09:31Z,48.3600,-4.7800,1024.2,0,3.7382,-0.154,01111011
EXSH0001,2016-10-19T15:14:31Z,48.3600,-4.7800,1024.2,0,3.8832,-0.1548,01111011
EXSH0001,2016-10-19T15:19:31Z,48.3600,-4.7800,1024.2,0,4.0209,-0.1613,01111011
EXSH0001,2016-10-19T15:24:31Z,48.3600,-4.7800,1024.2,0,4.1819,-0.1453,01111011
EXSH0001,2016-10-19T15:29:31Z,48.3600,-4.7800,1024.2,0,4.3091,-0.1531,01111011
EXSH0001,2016-10-19T15:34:31Z,48.3600,-4.7800,1024.2,0,4.4329,-0.1296,01111011
EXSH0001,2016-10-19T15:39:31Z,48.3600,-4.7800,1024.2,0,4.5633,-0.1342,01111011
EXSH0001,2016-10-19T15:44:31Z,48.3600,-4.7800,1024.2,0,4.7075,-0.125,01111011
EXSH0001,2016-10-19T15:49:31Z,48.3600,-4.7800,1024.2,0,4.8301,-0.1375,01111011
EXSH0001,2016-10-19T15:54:31Z,48.3600,-4.7800,1024.2,0,4.9537,-0.1419,01111011
EXSH0001,2016-10-19T15:59:31Z,48.3600,-4.7800,1024.2,0,5.0908,-0.1348,01111011
EXSH0001,2016-10-19T16:04:31Z,48.3600,-4.7800,1024.1,0,5.2063,-0.1463,01111011
EXSH0001,2016-10-19T16:09:31Z,48.3600,-4.7800,1024.1,0,5.3287,-0.1469,01111011
EXSH0001,2016-10-19T16:14:31Z,48.3600,-4.7800,1024.1,0,5.4442,-0.1514,01111011
EXSH0001,2016-10-19T16:19:31Z,48.3600,-4.7800,1024.1,0,5.5682,-0.1455,01111011
EXSH0001,2016-10-19T16:24:31Z,48.3600,-4.7800,1024.1,0,5.6709,-0.1547,01111011
EXSH0001,2016-10-19T16:29:31Z,48.3600,-4.7800,1024.1,0,5.7781,-0.1555,01111011
EXSH0001,2016-10-19T16:34:31Z,48.3600,-4.7800,1024.1,0,5.8991,-0.1157,01111011
EXSH0001,2016-10-19T16:39:31Z,48.3600,-4.7800,1024.1,0,5.9996,-0.1271,01111011
EXSH0001,2016-10-19T16:44:31Z,48.3600,-4.7800,1024.1,0,6.0975,-0.1242,01111011
EXSH0001,2016-10-19T16:49:31Z,48.3600,-4.7800,1024.1,0,6.2005,-0.1262,01111011
EXSH0001,2016-10-19T16:54:31Z,48.3600,-4.7800,1024.1,0,6.2928,-0.1258,01111011
EXSH0001,2016-10-19T16:59:31Z,48.3600,-4.7800,1024.1,0,6.3891,-0.1195,01111011
EXSH0001,2016-10-19T17:04:31Z,48.3600,-4.7800,1024.1,0,6.4652,-0.1303,01111011
EXSH0001,2016-10-19T17:09:31Z,48.3600,-4.7800,1024.1,0,6.5489,-0.1216,01111011
EXSH0001,2016-10-19T17:14:31Z,48.3600,-4.7800,1024.1,0,6.6237,-0.1218,01111011
EXSH0001,2016-10-19T17:19:31Z,48.3600,-4.7800,1024.1,0,6.6831,-0.1293,01111011
EXSH0001,2016-10-19T17:24:31Z,48.3600,-4.7800,1024.1,0,6.759,-0.1234,01111011
EXSH0001,2016-10-19T17:29:31Z,48.3600,-4.7800,1024.1,0,6.8097,-0.1246,01111011
EXSH0001,2016-10-19T17:34:31Z,48.3600,-4.7800,1024.1,0,6.8497,-0.1283,01111011
EXSH0001,2016-10-19T17:39:31Z,48.3600,-4.7800,1024.1,0,6.9116,-0.1119,01111011
EXSH0001,2016-10-19T17:44:31Z,48.3600,-4.7800,1024.1,0,6.9509,-0.1081,01111011
EXSH0001,2016-10-19T17:49:31Z,48.3600,-4.7800,1024.1,0,6.992,-0.097,01111011
EXSH0001,2016-10-19T17:54:31Z,48.3600,-4.7800,1024.1,0,7.004,-0.115,01111011
EXSH0001,2016-10-19T17:59:31Z,48.3600,-4.7800,1024.1,0,7.0281,-0.1064,01111011
EXSH0001,2016-10-19T18:04:31Z,48.3600,-4.7800,1024.1,0,7.0455,-0.0945,01111011
EXSH0001,2016-10-19T18:09:31Z,48.3600,-4.7800,1024.1,0,7.0559,-0.0941,01111011
EXSH0001,2016-10-19T18:14:31Z,48.3600,-4.7800,1024.1,0,7.0543,-0.0862,01111011
EXSH0001,2016-10-19T18:19:31Z,48.3600,-4.7800,1024.1,0,7.0543,-0.0767,01111011
EXSH0001,2016-10-19T18:24:31Z,48.3600,-4.7800,1024.1,0,7.0367,-0.0738,01111011
EXSH0001,2016-10-19T18:29:31Z,48.3600,-4.7800,1024.1,0,7.0271,-0.0639,01111011
EXSH0001,2016-10-19T18:34:31Z,48.3600,-4.7800,1024.1,0,7.0128,-0.0501,01111011
EXSH0001,2016-10-19T18:39:31Z,48.3600,-4.7800,1024.1,0,6.9549,-0.073,01111011
EXSH0001,2016-10-19T18:44:31Z,48.3600,-4.7800,1024.1,0,6.9126,-0.0703,01111011
EXSH0001,2016-10-19T18:49:31Z,48.3600,-4.7800,1024.1,0,6.8645,-0.0727,01111011
EXSH0001,2016-10-19T18:54:31Z,48.3600,-4.7800,1024.1,0,6.8043,-0.0786,01111011
EXSH0001,2016-10-19T18:59:31Z,48.3600,-4.7800,1024.1,0,6.7655,-0.0617,01111011
EXSH0001,2016-10-19T19:04:31Z,48.3600,-4.7800,1024.1,0,6.6955,-0.066,01111011
EXSH0001,2016-10-19T19:09:31Z,48.3600,-4.7800,1024.1,0,6.6501,-0.0464,01111011
EXSH0001,2016-10-19T19:14:31Z,48.3600,-4.7800,1024.1,0,6.5843,-0.0372,01111011
EXSH0001,2016-10-19T19:19:31Z,48.3600,-4.7800,1024.1,0,6.5071,-0.0387,01111011
EXSH0001,2016-10-19T19:24:31Z,48.3600,-4.7800,1024.1,0,6.4243,-0.0372,01111011
EXSH0001,2016-10-19T19:29:31Z,48.3600,-4.7800,1024.1,0,6.3462,-0.0303,01111011
EXSH0001,2016-10-19T19:34:31Z,48.3600,-4.7800,1024.1,0,6.2611,-0.0566,01111011
EXSH0001,2016-10-19T19:39:31Z,48.3600,-4.7800,1024.1,0,6.1845,-0.0432,01111011
EXSH0001,2016-10-19T19:44:31Z,48.3600,-4.7800,1024.1,0,6.1043,-0.0313,01111011
EXSH0001,2016-10-19T19:49:31Z,48.3600,-4.7800,1024.1,0,6.0318,-0.0059,01111011
EXSH0001,2016-10-19T19:54:31Z,48.3600,-4.7800,1024.1,0,5.9325,-0.0131,01111011
EXSH0001,2016-10-19T19:59:31Z,48.3600,-4.7800,1024.1,0,5.8361,-0.0116,01111011
EXSH0001,2016-10-19T20:04:31Z,48.3600,-4.7800,1023.9,0,5.7431,-0.0026,01111011
EXSH0001,2016-10-19T20:09:31Z,48.3600,-4.7800,1023.9,0,5.6525,0.0118,01111011
EXSH0001,2016-10-19T20:14:31Z,48.3600,-4.7800,1023.9,0,5.5387,-0.0069,01111011
EXSH0001,2016-10-19T20:19:31Z,48.3600,-4.7800,1023.9,0,5.4375,-0.0031,01111011
EXSH0001,2016-10-19T20:24:31Z,48.3600,-4.7800,1023.9,0,5.3273,0.0016,01111011
EXSH0001,2016-10-19T20:29:31Z,48.3600,-4.7800,1023.9,0,5.2345,0.0138,01111011
EXSH0001,2016-10-19T20:34:31Z,48.3600,-4.7800,1023.9,0,5.1309,-0.0114,01111011
EXSH0001,2016-10-19T20:39:31Z,48.3600,-4.7800,1023.9,0,5.0265,-0.0075,01111011
EXSH0001,2016-10-19T20:44:31Z,48.3600,-4.7800,1023.9,0,4.9075,-0.0148,01111011
EXSH0001,2016-10-19T20:49:31Z,48.3600,-4.7800,1023.9,0,4.8133,-0.0007,01111011
EXSH0001,2016-10-19T20:54:31Z,48.3600,-4.7800,1023.9,0,4.6933,-0.009,01111011
EXSH0001,2016-10-19T20:59:31Z,48.3600,-4.7800,1023.9,0,4.5899,0.0027,01111011
EXSH0001,2016-10-19T21:04:31Z,48.3600,-4.7800,1023.8,0,4.4585,-0.0155,01111011
EXSH0001,2016-10-19T21:09:31Z,48.3600,-4.7800,1023.8,0,4.3605,-0.0035,01111011
EXSH0001,2016-10-19T21:14:31Z,48.3600,-4.7800,1023.8,0,4.2446,-0.0076,01111011
EXSH0001,2016-10-19T21:19:31Z,48.3600,-4.7800,1023.8,0,4.1359,0.0019,01111011
EXSH0001,2016-10-19T21:24:31Z,48.3600,-4.7800,1023.8,0,4.0309,0.0087,01111011
EXSH0001,2016-10-19T21:29:31Z,48.3600,-4.7800,1023.8,0,3.9177,0.0104,01111011
EXSH0001,2016-10-19T21:34:31Z,48.3600,-4.7800,1023.8,0,3.8149,-0.0099,01111011
EXSH0001,2016-10-19T21:39:31Z,48.3600,-4.7800,1023.8,0,3.7207,0.0065,01111011
EXSH0001,2016-10-19T21:44:31Z,48.3600,-4.7800,1023.8,0,3.5917,-0.0031,01111011
EXSH0001,2016-10-19T21:49:31Z,48.3600,-4.7800,1023.8,0,3.5027,0.0185,01111011
EXSH0001,2016-10-19T21:54:31Z,48.3600,-4.7800,1023.8,0,3.3835,0.0143,01111011
EXSH0001,2016-10-19T21:59:31Z,48.3600,-4.7800,1023.8,0,3.2801,0.0253,01111011
EXSH0001,2016-10-19T22:04:31Z,48.3600,-4.7800,1023.8,0,3.1601,0.0153,01111011
EXSH0001,2016-10-19T22:09:31Z,48.3600,-4.7800,1023.8,0,3.0426,0.0084,01111011
EXSH0001,2016-10-19T22:14:31Z,48.3600,-4.7800,1023.8,0,2.9499,0.0251,01111011
EXSH0001,2016-10-19T22:19:31Z,48.3600,-4.7800,1023.8,0,2.8523,0.0381,01111011
EXSH0001,2016-10-19T22:24:31Z,48.3600,-4.7800,1023.8,0,2.7414,0.0322,01111011
EXSH0001,2016-10-19T22:29:31Z,48.3600,-4.7800,1023.8,0,2.6354,0.0312,01111011
EXSH0001,2016-10-19T22:34:31Z,48.3600,-4.7800,1023.8,0,2.5179,-0.0065,01111011
EXSH0001,2016-10-19T22:39:31Z,48.3600,-4.7800,1023.8,0,2.4196,0.0002,01111011
EXSH0001,2016-10-19T22:44:31Z,48.3600,-4.7800,1023.8,0,2.3239,0.0095,01111011
EXSH0001,2016-10-19T22:49:31Z,48.3600,-4.7800,1023.8,0,2.2399,0.0247,01111011
EXSH0001,2016-10-19T22:54:31Z,48.3600,-4.7800,1023.8,0,2.1337,0.0185,01111011
EXSH0001,2016-10-19T22:59:31Z,48.3600,-4.7800,1023.8,0,2.0487,0.0235,01111011
EXSH0001,2016-10-19T23:04:31Z,48.3600,-4.7800,1023.5,0,1.9509,0.0157,01111011
EXSH0001,2016-10-19T23:09:31Z,48.3600,-4.7800,1023.5,0,1.8666,0.0214,01111011
EXSH0001,2016-10-19T23:14:31Z,48.3600,-4.7800,1023.5,0,1.7919,0.0267,01111011
EXSH0001,2016-10-19T23:19:31Z,48.3600,-4.7800,1023.5,0,1.7043,0.0233,01111011
EXSH0001,2016-10-19T23:24:31Z,48.3600,-4.7800,1023.5,0,1.616,0.01,01111011
EXSH0001,2016-10-19T23:29:31Z,48.3600,-4.7800,1023.5,0,1.5423,0.0055,01111011
EXSH0001,2016-10-19T23:34:31Z,48.3600,-4.7800,1023.5,0,1.4819,-0.0033,01111011
EXSH0001,2016-10-19T23:39:31Z,48.3600,-4.7800,1023.5,0,1.4166,-0.0056,01111011
EXSH0001,2016-10-19T23:44:31Z,48.3600,-4.7800,1023.5,0,1.3565,-0.0057,01111011
EXSH0001,2016-10-19T23:49:31Z,48.3600,-4.7800,1023.5,0,1.3114,0.0072,01111011
EXSH0001,2016-10-19T23:54:31Z,48.3600,-4.7800,1023.5,0,1.2565,0.0043,01111011
EXSH0001,2016-10-19T23:59:31Z,48.3600,-4.7800,1023.5,0,1.2119,0.0058,01111011
EXSH0001,2016-10-20T00:04:31Z,48.3600,-4.7800,1023.3,0,1.1693,0.0002,01111011
EXSH0001,2016-10-20T00:09:31Z,48.3600,-4.7800,1023.3,0,1.1337,-0.0024,01111011
EXSH0001,2016-10-20T00:14:31Z,48.3600,-4.7800,1023.3,0,1.1047,-0.0014,01111011
EXSH0001,2016-10-20T00:19:31Z,48.3600,-4.7800,1023.3,0,1.0768,-0.0013,01111011
EXSH0001,2016-10-20T00:24:31Z,48.3600,-4.7800,1023.3,0,1.0571,-0.006,01111011
EXSH0001,2016-10-20T00:29:31Z,48.3600,-4.7800,1023.3,0,1.0563,0.0082,01111011
EXSH0001,2016-10-20T00:34:31Z,48.3600,-4.7800,1023.3,0,1.0545,0.0045,01111011
EXSH0001,2016-10-20T00:39:31Z,48.3600,-4.7800,1023.3,0,1.0497,-0.0003,01111011
EXSH0001,2016-10-20T00:44:31Z,48.3600,-4.7800,1023.3,0,1.0507,0.0007,01111011
EXSH0001,2016-10-20T00:49:31Z,48.3600,-4.7800,1023.3,0,1.062,0.0039,01111011
EXSH0001,2016-10-20T00:54:31Z,48.3600,-4.7800,1023.3,0,1.0547,-0.0084,01111011
EXSH0001,2016-10-20T00:59:31Z,48.3600,-4.7800,1023.3,0,1.0569,-0.0293,01111011
EXSH0001,2016-10-20T01:04:31Z,48.3600,-4.7800,1022.9,0,1.0773,-0.0289,01111011
EXSH0001,2016-10-20T01:09:31Z,48.3600,-4.7800,1022.9,0,1.09,-0.0462,01111011
EXSH0001,2016-10-20T01:14:31Z,48.3600,-4.7800,1022.9,0,1.1315,-0.0447,01111011
EXSH0001,2016-10-20T01:19:31Z,48.3600,-4.7800,1022.9,0,1.1717,-0.0426,01111011
EXSH0001,2016-10-20T01:24:31Z,48.3600,-4.7800,1022.9,0,1.2187,-0.0437,01111011
EXSH0001,2016-10-20T01:29:31Z,48.3600,-4.7800,1022.9,0,1.2712,-0.0431,01111011
EXSH0001,2016-10-20T01:34:31Z,48.3600,-4.7800,1022.9,0,1.3203,-0.0377,01111011
EXSH0001,2016-10-20T01:39:31Z,48.3600,-4.7800,1022.9,0,1.3959,-0.0321,01111011
EXSH0001,2016-10-20T01:44:31Z,48.3600,-4.7800,1022.9,0,1.4487,-0.0488,01111011
EXSH0001,2016-10-20T01:49:31Z,48.3600,-4.7800,1022.9,0,1.5223,-0.0502,01111011
EXSH0001,2016-10-20T01:54:31Z,48.3600,-4.7800,1022.9,0,1.5981,-0.0589,01111011
EXSH0001,2016-10-20T01:59:31Z,48.3600,-4.7800,1022.9,0,1.7083,-0.0287,01111011
EXSH0001,2016-10-20T02:04:31Z,48.3600,-4.7800,1022.7,0,1.8105,-0.026,01111011
EXSH0001,2016-10-20T02:09:31Z,48.3600,-4.7800,1022.7,0,1.8817,-0.0498,01111011
EXSH0001,2016-10-20T02:14:31Z,48.3600,-4.7800,1022.7,0,1.9905,-0.046,01111011
EXSH0001,2016-10-20T02:19:31Z,48.3600,-4.7800,1022.7,0,2.0811,-0.0649,01111011
EXSH0001,2016-10-20T02:24:31Z,48.3600,-4.7800,1022.7,0,2.1953,-0.0612,01111011
EXSH0001,2016-10-20T02:29:31Z,48.3600,-4.7800,1022.7,0,2.298,-0.078,01111011
EXSH0001,2016-10-20T02:34:31Z,48.3600,-4.7800,1022.7,0,2.4168,-0.0488,01111011
EXSH0001,2016-10-20T02:39:31Z,48.3600,-4.7800,1022.7,0,2.5195,-0.0668,01111011
EXSH0001,2016-10-20T02:44:31Z,48.3600,-4.7800,1022.7,0,2.6567,-0.0589,01111011
EXSH0001,2016-10-20T02:49:31Z,48.3600,-4.7800,1022.7,0,2.7843,-0.062,01111011
EXSH0001,2016-10-20T02:54:31Z,48.3600,-4.7800,1022.7,0,2.8972,-0.0841,01111011
EXSH0001,2016-10-20T02:59:31Z,48.3600,-4.7800,1022.7,0,3.0287,-0.0876,01111011
EXSH0001,2016-10-20T03:04:31Z,48.3600,-4.7800,1022.3,0,3.1752,-0.0761,01111011
EXSH0001,2016-10-20T03:09:31Z,48.3600,-4.7800,1022.3,0,3.3097,-0.0766,01111011
EXSH0001,2016-10-20T03:14:31Z,48.3600,-4.7800,1022.3,0,3.4357,-0.0856,01111011
EXSH0001,2016-10-20T03:19:31Z,48.3600,-4.7800,1022.3,0,3.5684,-0.0879,01111011
EXSH0001,2016-10-20T03:24:31Z,48.3600,-4.7800,1022.3,0,3.7031,-0.0939,01111011
EXSH0001,2016-10-20T03:29:31Z,48.3600,-4.7800,1022.3,0,3.8238,-0.1125,01111011
EXSH0001,2016-10-20T03:34:31Z,48.3600,-4.7800,1022.3,0,3.9508,-0.0876,01111011
EXSH0001,2016-10-20T03:39:31Z,48.3600,-4.7800,1022.3,0,4.0623,-0.1112,01111011
EXSH0001,2016-10-20T03:44:31Z,48.3600,-4.7800,1022.3,0,4.1979,-0.1085,01111011
EXSH0001,2016-10-20T03:49:31Z,48.3600,-4.7800,1022.3,0,4.3133,-0.1201,01111011
EXSH0001,2016-10-20T03:54:31Z,48.3600,-4.7800,1022.3,0,4.4305,-0.1359,01111011
EXSH0001,2016-10-20T03:59:31Z,48.3600,-4.7800,1022.3,0,4.5663,-0.1271,01111011
EXSH0001,2016-10-20T04:04:31Z,48.3600,-4.7800,1022.1,0,4.7003,-0.1161,01111011
EXSH0001,2016-10-20T04:09:31Z,48.3600,-4.7800,1022.1,0,4.8225,-0.1209,01111011
EXSH0001,2016-10-20T04:14:31Z,48.3600,-4.7800,1022.1,0,4.934,-0.1324,01111011
EXSH0001,2016-10-20T04:19:31Z,48.3600,-4.7800,1022.1,0,5.068,-0.1184,01111011
EXSH0001,2016-10-20T04:24:31Z,48.3600,-4.7800,1022.1,0,5.1674,-0.129,01111011
EXSH0001,2016-10-20T04:29:31Z,48.3600,-4.7800,1022.1,0,5.2769,-0.1395,01111011
EXSH0001,2016-10-20T12:05:30Z,48.3600,-4.7800,,0,1.5099,-0.0377,01119011
EXSH0001,2016-10-20T12:10:30Z,48.3600,-4.7800,,0,1.4617,-0.0259,01119011
EXSH0001,2016-10-20T12:15:30Z,48.3600,-4.7800,,0,1.3974,-0.0433,01119011
EXSH0001,2016-10-20T12:20:30Z,48.3600,-4.7800,,0,1.3618,-0.0339,01119011
EXSH0001,2016-10-20T12:25:30Z,48.3600,-4.7800,,0,1.3153,-0.0354,01119011
EXSH0001,2016-10-20T12:30:30Z,48.3600,-4.7800,,0,1.2797,-0.0341,01119011
EXSH0001,2016-10-20T12:35:30Z,48.3600,-4.7800,,0,1.2555,-0.0283,01119011
EXSH0001,2016-10-20T12:40:30Z,48.3600,-4.7800,,0,1.2255,-0.0283,01119011
EXSH0001,2016-10-20T12:45:30Z,48.3600,-4.7800,,0,1.2145,-0.0124,01119011
EXSH0001,2016-10-20T12:50:30Z,48.3600,-4.7800,,0,1.1818,-0.0301,01119011
EXSH0001,2016-10-20T12:55:30Z,48.3600,-4.7800,,0,1.1739,-0.023,01119011
EXSH0001,2016-10-20T13:00:30Z,48.3600,-4.7800,1022,0,1.1704,-0.0196,01111011
EXSH0001,2016-10-20T13:05:30Z,48.3600,-4.7800,1022,0,1.1608,-0.0292,01111011
EXSH0001,2016-10-20T13:10:30Z,48.3600,-4.7800,1022,0,1.1608,-0.0292,01111011
EXSH0001,2016-10-20T13:15:30Z,48.3600,-4.7800,1022,0,1.1585,-0.0315,01111011
EXSH0001,2016-10-20T13:20:30Z,48.3600,-4.7800,1022,0,1.1489,-0.0554,01111011
EXSH0001,2016-10-20T13:25:30Z,48.3600,-4.7800,1022,0,1.1603,-0.059,01111011
EXSH0001,2016-10-20T13:30:30Z,48.3600,-4.7800,1022,0,1.1682,-0.0761,01111011
EXSH0001,2016-10-20T13:35:30Z,48.3600,-4.7800,1022,0,1.1968,-0.0717,01111011
EXSH0001,2016-10-20T13:40:30Z,48.3600,-4.7800,1022,0,1.2385,-0.0643,01111011
EXSH0001,2016-10-20T13:45:30Z,48.3600,-4.7800,1022,0,1.2665,-0.072,01111011
EXSH0001,2016-10-20T13:50:30Z,48.3600,-4.7800,1022,0,1.3088,-0.0739,01111011
EXSH0001,2016-10-20T13:55:30Z,48.3600,-4.7800,1022,0,1.3581,-0.0789,01111011
EXSH0001,2016-10-20T14:00:30Z,48.3600,-4.7800,1021.4,0,1.3969,-0.0901,01111011
EXSH0001,2016-10-20T14:05:30Z,48.3600,-4.7800,1021.4,0,1.4682,-0.0644,01111011
EXSH0001,2016-10-20T14:10:30Z,48.3600,-4.7800,1021.4,0,1.5232,-0.0794,01111011
EXSH0001,2016-10-20T14:15:30Z,48.3600,-4.7800,1021.4,0,1.5958,-0.0724,01111011
EXSH0001,2016-10-20T14:20:30Z,48.3600,-4.7800,1021.4,0,1.6846,-0.0586,01111011
EXSH0001,2016-10-20T14:25:30Z,48.3600,-4.7800,1021.4,0,1.7456,-0.0783,01111011
EXSH0001,2016-10-20T14:30:30Z,48.3600,-4.7800,1021.4,0,1.8517,-0.0622,01111011
EXSH0001,2016-10-20T14:35:30Z,48.3600,-4.7800,1021.4,0,1.9289,-0.075,01111011
EXSH0001,2016-10-20T14:40:30Z,48.3600,-4.7800,1021.4,0,2.0359,-0.0587,01111011
EXSH0001,2016-10-20T14:45:30Z,48.3600,-4.7800,1021.4,0,2.116,-0.0835,01111011
EXSH0001,2016-10-20T14:50:30Z,48.3600,-4.7800,1021.4,0,2.2215,-0.0831,01111011
EXSH0001,2016-10-20T14:55:30Z,48.3600,-4.7800,1021.4,0,2.3117,-0.0978,01111011
EXSH0001,2016-10-20T15:00:30Z,48.3600,-4.7800,1021.3,0,2.4199,-0.1053,01111011
EXSH0001,2016-10-20T15:05:30Z,48.3600,-4.7800,1021.3,0,2.5435,-0.0691,01111011
EXSH0001,2016-10-20T15:10:30Z,48.3600,-4.7800,1021.3,0,2.6336,-0.0908,01111011
EXSH0001,2016-10-20T15:15:30Z,48.3600,-4.7800,1021.3,0,2.7729,-0.0715,01111011
EXSH0001,2016-10-20T15:20:30Z,48.3600,-4.7800,1021.3,0,2.8807,-0.0837,01111011
EXSH0001,2016-10-20T15:25:30Z,48.3600,-4.7800,1021.3,0,3.0127,-0.0817,01111011
EXSH0001,2016-10-20T15:30:30Z,48.3600,-4.7800,1021.3,0,3.1099,-0.1045,01111011
EXSH0001,2016-10-20T15:35:30Z,48.3600,-4.7800,1021.3,0,3.2318,-0.1126,01111011
EXSH0001,2016-10-20T15:40:30Z,48.3600,-4.7800,1021.3,0,3.3612,-0.11,01111011
EXSH0001,2016-10-20T15:45:30Z,48.3600,-4.7800,1021.3,0,3.4798,-0.1146,01111011
EXSH0001,2016-10-20T15:50:30Z,48.3600,-4.7800,1021.3,0,3.5943,-0.1269,01111011
EXSH0001,2016-10-20T15:55:30Z,48.3600,-4.7800,1021.3,0,3.7259,-0.1185,01111011
EXSH0001,2016-10-20T16:00:30Z,48.3600,-4.7800,1021.2,0,3.8331,-0.1381,01111011
EXSH0001,2016-10-20T16:05:30Z,48.3600,-4.7800,1021.2,0,3.9736,-0.0904,01111011
EXSH0001,2016-10-20T16:10:30Z,48.3600,-4.7800,1021.2,0,4.0684,-0.1156,01111011
EXSH0001,2016-10-20T16:15:30Z,48.3600,-4.7800,1021.2,0,4.1787,-0.1253,01111011
EXSH0001,2016-10-20T16:20:30Z,48.3600,-4.7800,1021.2,0,4.2949,-0.1291,01111011
EXSH0001,2016-10-20T16:25:30Z,48.3600,-4.7800,1021.2,0,4.4058,-0.1382,01111011
EXSH0001,2016-10-20T16:30:30Z,48.3600,-4.7800,1021.2,0,4.5099,-0.1541,01111011
EXSH0001,2016-10-20T16:35:30Z,48.3600,-4.7800,1021.2,0,4.6405,-0.1355,01111011
EXSH0001,2016-10-20T16:40:30Z,48.3600,-4.7800,1021.2,0,4.768,-0.123,01111011
EXSH0001,2016-10-20T16:45:30Z,48.3600,-4.7800,1021.2,0,4.8599,-0.1441,01111011
EXSH0001,2016-10-20T16:50:30Z,48.3600,-4.7800,1021.2,0,4.9841,-0.1269,01111011
EXSH0001,2016-10-20T16:55:30Z,48.3600,-4.7800,1021.2,0,5.0887,-0.1273,01111011
EXSH0001,2016-10-20T17:00:30Z,48.3600,-4.7800,1021.4,0,5.1601,-0.1609,01111011
EXSH0001,2016-10-20T17:05:30Z,48.3600,-4.7800,1021.4,0,5.2677,-0.1327,01111011
EXSH0001,2016-10-20T17:10:30Z,48.3600,-4.7800,1021.4,0,5.3557,-0.1404,01111011
EXSH0001,2016-10-20T17:15:30Z,48.3600,-4.7800,1021.4,0,5.4548,-0.1413,01111011
EXSH0001,2016-10-20T17:20:30Z,48.3600,-4.7800,1021.4,0,5.5596,-0.1265,01111011
EXSH0001,2016-10-20T17:25:30Z,48.3600,-4.7800,1021.4,0,5.6522,-0.1339,01111011
EXSH0001,2016-10-20T17:30:30Z,48.3600,-4.7800,1021.4,0,5.7387,-0.1281,01111011
EXSH0001,2016-10-20T17:35:30Z,48.3600,-4.7800,1021.4,0,5.8174,-0.1387,01111011
EXSH0001,2016-10-20T17:40:30Z,48.3600,-4.7800,1021.4,0,5.8894,-0.1474,01111011
EXSH0001,2016-10-20T17:45:30Z,48.3600,-4.7800,1021.4,0,5.9805,-0.1312,01111011
EXSH0001,2016-10-20T17:50:30Z,48.3600,-4.7800,1021.4,0,6.0569,-0.1299,01111011
EXSH0001,2016-10-20T17:55:30Z,48.3600,-4.7800,1021.4,0,6.1393,-0.1181,01111011
EXSH0001,2016-10-20T18:00:30Z,48.3600,-4.7800,1021.7,0,6.1915,-0.1353,01111011
EXSH0001,2016-10-20T18:05:30Z,48.3600,-4.7800,1021.7,0,6.2581,-0.1141,01111011
EXSH0001,2016-10-20T18:10:30Z,48.3600,-4.7800,1021.7,0,6.3167,-0.11,01111011
EXSH0001,2016-10-20T18:15:30Z,48.3600,-4.7800,1021.7,0,6.3427,-0.139,01111011
EXSH0001,2016-10-20T18:20:30Z,48.3600,-4.7800,1021.7,0,6.3942,-0.1325,01111011
EXSH0001,2016-10-20T18:25:30Z,48.3600,-4.7800,1021.7,0,6.4395,-0.1221,01111011
EXSH0001,2016-10-20T18:30:30Z,48.3600,-4.7800,1021.7,0,6.4947,-0.1064,01111011
EXSH0001,2016-10-20T18:35:30Z,48.3600,-4.7800,1021.7,0,6.5233,-0.1072,01111011
EXSH0001,2016-10-20T18:40:30Z,48.3600,-4.7800,1021.7,0,6.5499,-0.1012,01111011
EXSH0001,2016-10-20T18:45:30Z,48.3600,-4.7800,1021.7,0,6.5673,-0.1027,01111011
EXSH0001,2016-10-20T18:50:30Z,48.3600,-4.7800,1021.7,0,6.5737,-0.1019,01111011
EXSH0001,2016-10-20T18:55:30Z,48.3600,-4.7800,1021.7,0,6.5661,-0.1139,01111011
EXSH0001,2016-10-20T19:00:30Z,48.3600,-4.7800,1021.8,0,6.5743,-0.1057,01111011
EXSH0001,2016-10-20T19:05:30Z,48.3600,-4.7800,1021.8,0,6.5613,-0.112,01111011
EXSH0001,2016-10-20T19:10:30Z,48.3600,-4.7800,1021.8,0,6.5628,-0.0955,01111011
EXSH0001,2016-10-20T19:15:30Z,48.3600,-4.7800,1021.8,0,6.5493,-0.094,01111011
EXSH0001,2016-10-20T19:20:30Z,48.3600,-4.7800,1021.8,0,6.5189,-0.0994,01111011
EXSH0001,2016-10-20T19:25:30Z,48.3600,-4.7800,1021.8,0,6.5097,-0.0802,01111011
EXSH0001,2016-10-20T19:30:30Z,48.3600,-4.7800,1021.8,0,6.4661,-0.0905,01111011
EXSH0001,2016-10-20T19:35:30Z,48.3600,-4.7800,1021.8,0,6.4345,-0.0854,01111011
EXSH0001,2016-10-20T19:40:30Z,48.3600,-4.7800,1021.8,0,6.378,-0.0969,01111011
EXSH0001,2016-10-20T19:45:30Z,48.3600,-4.7800,1021.8,0,6.3305,-0.0994,01111011
EXSH0001,2016-10-20T19:50:30Z,48.3600,-4.7800,1021.8,0,6.2695,-0.1037,01111011
EXSH0001,2016-10-20T19:55:30Z,48.3600,-4.7800,1021.8,0,6.2265,-0.0934,01111011
EXSH0001,2016-10-20T20:00:30Z,48.3600,-4.7800,1021.8,0,6.1745,-0.087,01111011
EXSH0001,2016-10-20T20:05:30Z,48.3600,-4.7800,1021.8,0,6.1167,-0.0909,01111011
EXSH0001,2016-10-20T20:10:30Z,48.3600,-4.7800,1021.8,0,6.0619,-0.0857,01111011
EXSH0001,2016-10-20T20:15:30Z,48.3600,-4.7800,1021.8,0,5.9903,-0.0842,01111011
EXSH0001,2016-10-20T20:20:30Z,48.3600,-4.7800,1021.8,0,5.9124,-0.0871,01111011
EXSH0001,2016-10-20T20:25:30Z,48.3600,-4.7800,1021.8,0,5.8475,-0.077,01111011
EXSH0001,2016-10-20T20:30:30Z,48.3600,-4.7800,1021.8,0,5.7694,-0.0801,01111011
EXSH0001,2016-10-20T20:35:30Z,48.3600,-4.7800,1021.8,0,5.7119,-0.0626,01111011
EXSH0001,2016-10-20T20:40:30Z,48.3600,-4.7800,1021.8,0,5.6401,-0.0513,01111011
EXSH0001,2016-10-20T20:45:30Z,48.3600,-4.7800,1021.8,0,5.5762,-0.0352,01111011
EXSH0001,2016-10-20T20:50:30Z,48.3600,-4.7800,1021.8,0,5.499,-0.0224,01111011
EXSH0001,2016-10-20T20:55:30Z,48.3600,-4.7800,1021.8,0,5.4154,-0.026,01111011
EXSH0001,2016-10-20T21:00:30Z,48.3600,-4.7800,1022,0,5.3311,-0.0203,01111011
EXSH0001,2016-10-20T21:05:30Z,48.3600,-4.7800,1022,0,5.2319,-0.0526,01111011
EXSH0001,2016-10-20T21:10:30Z,48.3600,-4.7800,1022,0,5.1393,-0.0552,01111011
EXSH0001,2016-10-20T21:15:30Z,48.3600,-4.7800,1022,0,5.0566,-0.0479,01111011
EXSH0001,2016-10-20T21:20:30Z,48.3600,-4.7800,1022,0,4.9611,-0.0534,01111011
EXSH0001,2016-10-20T21:25:30Z,48.3600,-4.7800,1022,0,4.8717,-0.0528,01111011
EXSH0001,2016-10-20T21:30:30Z,48.3600,-4.7800,1022,0,4.8052,-0.025,01111011
EXSH0001,2016-10-20T21:35:30Z,48.3600,-4.7800,1022,0,4.7001,-0.0344,01111011
EXSH0001,2016-10-20T21:40:30Z,48.3600,-4.7800,1022,0,4.6088,-0.0357,01111011
EXSH0001,2016-10-20T21:45:30Z,48.3600,-4.7800,1022,0,4.5059,-0.0394,01111011
EXSH0001,2016-10-20T21:50:30Z,48.3600,-4.7800,1022,0,4.418,-0.0365,01111011
EXSH0001,2016-10-20T21:55:30Z,48.3600,-4.7800,1022,0,4.3429,-0.0123,01111011
EXSH0001,2016-10-20T22:00:30Z,48.3600,-4.7800,1022,0,4.2657,0.0012,01111011
EXSH0001,2016-10-20T22:05:30Z,48.3600,-4.7800,1022,0,4.1794,-0.0111,01111011
EXSH0001,2016-10-20T22:10:30Z,48.3600,-4.7800,1022,0,4.0704,-0.0257,01111011
EXSH0001,2016-10-20T22:15:30Z,48.3600,-4.7800,1022,0,3.9645,-0.0359,01111011
EXSH0001,2016-10-20T22:20:30Z,48.3600,-4.7800,1022,0,3.8921,-0.014,01111011
EXSH0001,2016-10-20T22:25:30Z,48.3600,-4.7800,1022,0,3.8053,-0.0051,01111011
EXSH0001,2016-10-20T22:30:30Z,48.3600,-4.7800,1022,0,3.713,-0.0031,01111011
EXSH0001,2016-10-20T22:35:30Z,48.3600,-4.7800,1022,0,3.619,-0.0014,01111011
EXSH0001,2016-10-20T22:40:30Z,48.3600,-4.7800,1022,0,3.5263,0.0002,01111011
EXSH0001,2016-10-20T22:45:30Z,48.3600,-4.7800,1022,0,3.4372,0.0067,01111011
EXSH0001,2016-10-20T22:50:30Z,48.3600,-4.7800,1022,0,3.3541,0.018,01111011
EXSH0001,2016-10-20T22:55:30Z,48.3600,-4.7800,1022,0,3.2603,0.0199,01111011
EXSH0001,2016-10-20T23:00:30Z,48.3600,-4.7800,1021.8,0,3.1723,0.0262,01111011
EXSH0001,2016-10-20T23:05:30Z,48.3600,-4.7800,1021.8,0,3.0767,-0.0025,01111011
EXSH0001,2016-10-20T23:10:30Z,48.3600,-4.7800,1021.8,0,2.9807,-0.0085,01111011
EXSH0001,2016-10-20T23:15:30Z,48.3600,-4.7800,1021.8,0,2.9114,0.0122,01111011
EXSH0001,2016-10-20T23:20:30Z,48.3600,-4.7800,1021.8,0,2.8211,0.0119,01111011
EXSH0001,2016-10-20T23:25:30Z,48.3600,-4.7800,1021.8,0,2.7433,0.0241,01111011
EXSH0001,2016-10-20T23:30:30Z,48.3600,-4.7800,1021.8,0,2.6438,0.0146,01111011
EXSH0001,2016-10-20T23:35:30Z,48.3600,-4.7800,1021.8,0,2.5721,0.0229,01111011
EXSH0001,2016-10-20T23:40:30Z,48.3600,-4.7800,1021.8,0,2.4767,0.0107,01111011
EXSH0001,2016-10-20T23:45:30Z,48.3600,-4.7800,1021.8,0,2.4085,0.0275,01111011
EXSH0001,2016-10-20T23:50:30Z,48.3600,-4.7800,1021.8,0,2.3343,0.0283,01111011
EXSH0001,2016-10-20T23:55:30Z,48.3600,-4.7800,1021.8,0,2.2634,0.0324,01111011
EXSH0001,2016-10-21T00:00:30Z,48.3600,-4.7800,1021.6,0,2.1808,0.018,01111011
EXSH0001,2016-10-21T00:05:30Z,48.3600,-4.7800,1021.6,0,2.1183,-0.0057,01111011
EXSH0001,2016-10-21T00:10:30Z,48.3600,-4.7800,1021.6,0,2.0587,0.0047,01111011
EXSH0001,2016-10-21T00:15:30Z,48.3600,-4.7800,1021.6,0,1.9943,0.0003,01111011
EXSH0001,2016-10-21T00:20:30Z,48.3600,-4.7800,1021.6,0,1.9219,-0.0121,01111011
EXSH0001,2016-10-21T00:25:30Z,48.3600,-4.7800,1021.6,0,1.8627,-0.0178,01111011
EXSH0001,2016-10-21T00:30:30Z,48.3600,-4.7800,1021.6,0,1.815,-0.0105,01111011
EXSH0001,2016-10-21T00:35:30Z,48.3600,-4.7800,1021.6,0,1.7585,-0.022,01111011
EXSH0001,2016-10-21T00:40:30Z,48.3600,-4.7800,1021.6,0,1.7319,-0.0036,01111011
EXSH0001,2016-10-21T00:45:30Z,48.3600,-4.7800,1021.6,0,1.6781,-0.0189,01111011
EXSH0001,2016-10-21T00:50:30Z,48.3600,-4.7800,1021.6,0,1.6521,-0.0049,01111011
EXSH0001,2016-10-21T00:55:30Z,48.3600,-4.7800,1021.6,0,1.6087,-0.0183,01111011
EXSH0001,2016-10-21T01:00:30Z,48.3600,-4.7800,1021,0,1.5818,-0.0167,01111011
EXSH0001,2016-10-21T01:05:30Z,48.3600,-4.7800,1021,0,1.5604,-0.0209,01111011
EXSH0001,2016-10-21T01:10:30Z,48.3600,-4.7800,1021,0,1.5617,0.001,01111011
EXSH0001,2016-10-21T01:15:30Z,48.3600,-4.7800,1021,0,1.5413,-0.0087,01111011
EXSH0001,2016-10-21T01:20:30Z,48.3600,-4.7800,1021,0,1.5308,-0.0099,01111011
EXSH0001,2016-10-21T01:25:30Z,48.3600,-4.7800,1021,0,1.5193,-0.0207,01111011
EXSH0001,2016-10-21T01:30:30Z,48.3600,-4.7800,1021,0,1.5225,-0.0175,01111011
EXSH0001,2016-10-21T01:35:30Z,48.3600,-4.7800,1021,0,1.5383,-0.0017,01111011
EXSH0001,2016-10-21T01:40:30Z,48.3600,-4.7800,1021,0,1.5449,-0.0045,01111011
EXSH0001,2016-10-21T01:45:30Z,48.3600,-4.7800,1021,0,1.5319,-0.0325,01111011
EXSH0001,2016-10-21T01:50:30Z,48.3600,-4.7800,1021,0,1.5351,-0.0536,01111011
EXSH0001,2016-10-21T01:55:30Z,48.3600,-4.7800,1021,0,1.5492,-0.0595,01111011
EXSH0001,2016-10-21T02:00:30Z,48.3600,-4.7800,1020.5,0,1.5733,-0.0654,01111011
EXSH0001,2016-10-21T02:05:30Z,48.3600,-4.7800,1020.5,0,1.6049,-0.0567,01111011
EXSH0001,2016-10-21T02:10:30Z,48.3600,-4.7800,1020.5,0,1.6487,-0.0524,01111011
EXSH0001,2016-10-21T02:15:30Z,48.3600,-4.7800,1020.5,0,1.6939,-0.0477,01111011
EXSH0001,2016-10-21T02:20:30Z,48.3600,-4.7800,1020.5,0,1.7349,-0.0573,01111011
EXSH0001,2016-10-21T02:25:30Z,48.3600,-4.7800,1020.5,0,1.7789,-0.0633,01111011
EXSH0001,2016-10-21T02:30:30Z,48.3600,-4.7800,1020.5,0,1.8233,-0.0789,01111011
EXSH0001,2016-10-21T02:35:30Z,48.3600,-4.7800,1020.5,0,1.8928,-0.0699,01111011
EXSH0001,2016-10-21T02:40:30Z,48.3600,-4.7800,1020.5,0,1.9523,-0.0799,01111011
EXSH0001,2016-10-21T02:45:30Z,48.3600,-4.7800,1020.5,0,2.0254,-0.0774,01111011
EXSH0001,2016-10-21T02:50:30Z,48.3600,-4.7800,1020.5,0,2.1115,-0.0718,01111011
EXSH0001,2016-10-21T02:55:30Z,48.3600,-4.7800,1020.5,0,2.1938,-0.0695,01111011
EXSH0001,2016-10-21T03:00:30Z,48.3600,-4.7800,1020.2,0,2.2525,-0.1008,01111011
EXSH0001,2016-10-21T03:05:30Z,48.3600,-4.7800,1020.2,0,2.3703,-0.0499,01111011
EXSH0001,2016-10-21T03:10:30Z,48.3600,-4.7800,1020.2,0,2.4363,-0.0756,01111011
EXSH0001,2016-10-21T03:15:30Z,48.3600,-4.7800,1020.2,0,2.5336,-0.0766,01111011
EXSH0001,2016-10-21T03:20:30Z,48.3600,-4.7800,1020.2,0,2.6275,-0.0844,01111011
EXSH0001,2016-10-21T03:25:30Z,48.3600,-4.7800,1020.2,0,2.7197,-0.0972,01111011
EXSH0001,2016-10-21T03:30:30Z,48.3600,-4.7800,1020.2,0,2.8228,-0.0991,01111011
EXSH0001,2016-10-21T03:35:30Z,48.3600,-4.7800,1020.2,0,2.9348,-0.0921,01111011
EXSH0001,2016-10-21T03:40:30Z,48.3600,-4.7800,1020.2,0,3.0356,-0.098,01111011
EXSH0001,2016-10-21T03:45:30Z,48.3600,-4.7800,1020.2,0,3.1496,-0.0973,01111011
EXSH0001,2016-10-21T03:50:30Z,48.3600,-4.7800,1020.2,0,3.2628,-0.1008,01111011
EXSH0001,2016-10-21T03:55:30Z,48.3600,-4.7800,1020.2,0,3.3596,-0.1173,01111011
EXSH0001,2016-10-21T04:00:30Z,48.3600,-4.7800,1020,0,3.4776,-0.1143,01111011
EXSH0001,2016-10-21T04:05:30Z,48.3600,-4.7800,1020,0,3.5894,-0.0854,01111011
EXSH0001,2016-10-21T04:10:30Z,48.3600,-4.7800,1020,0,3.7011,-0.0937,01111011
EXSH0001,2016-10-21T04:15:30Z,48.3600,-4.7800,1020,0,3.7968,-0.108,01111011
EXSH0001,2016-10-21T04:20:30Z,48.3600,-4.7800,1020,0,3.9179,-0.1069,01111011
EXSH0001,2016-10-21T04:25:30Z,48.3600,-4.7800,1020,0,4.0256,-0.1092,01111011
EXSH0001,2016-10-21T04:30:30Z,48.3600,-4.7800,1020,0,4.1373,-0.1094,01111011
EXSH0001,2016-10-21T04:35:30Z,48.3600,-4.7800,1020,0,4.2561,-0.0987,01111011
EXSH0001,2016-10-21T04:40:30Z,48.3600,-4.7800,1020,0,4.3528,-0.1139,01111011
EXSH0001,2016-10-21T04:45:30Z,48.3600,-4.7800,1020,0,4.4335,-0.1382,01111011
EXSH0001,2016-10-21T04:50:30Z,48.3600,-4.7800,1020,0,4.542,-0.1347,01111011
EXSH0001,2016-10-21T04:55:30Z,48.3600,-4.7800,1020,0,4.6587,-0.123,01111011
EXSH0001,2016-10-21T05:00:30Z,48.3600,-4.7800,1020,0,4.7505,-0.1362,01111011
EXSH0001,2016-10-21T05:36:27Z,48.3600,-4.7800,,0,5.4044,-0.1268,01119011
EXSH0001,2016-10-21T05:41:27Z,48.3600,-4.7800,,0,5.4994,-0.1218,01119011
EXSH0001,2016-10-21T05:46:27Z,48.3600,-4.7800,,0,5.5721,-0.1289,01119011
EXSH0001,2016-10-21T05:51:27Z,48.3600,-4.7800,,0,5.6585,-0.1227,01119011
EXSH0001,2016-10-21T05:56:27Z,48.3600,-4.7800,,0,5.7256,-0.1354,01119011
EXSH0001,2016-10-21T06:01:27Z,48.3600,-4.7800,1020,0,5.7831,-0.1529,01111011
EXSH0001,2016-10-21T06:06:27Z,48.3600,-4.7800,1020,0,5.8592,-0.1418,01111011
EXSH0001,2016-10-21T06:11:27Z,48.3600,-4.7800,1020,0,5.9214,-0.1494,01111011
EXSH0001,2016-10-21T06:16:27Z,48.3600,-4.7800,1020,0,5.9848,-0.146,01111011
EXSH0001,2016-10-21T06:21:27Z,48.3600,-4.7800,1020,0,6.0619,-0.1289,01111011
EXSH0001,2016-10-21T06:26:27Z,48.3600,-4.7800,1020,0,6.0985,-0.1423,01111011
EXSH0001,2016-10-21T06:31:27Z,48.3600,-4.7800,1020,0,6.1601,-0.1247,01111011
EXSH0001,2016-10-21T06:36:27Z,48.3600,-4.7800,1020,0,6.198,-0.1318,01111011
EXSH0001,2016-10-21T06:41:27Z,48.3600,-4.7800,1020,0,6.2355,-0.1377,01111011
EXSH0001,2016-10-21T06:46:27Z,48.3600,-4.7800,1020,0,6.2712,-0.1386,01111011
EXSH0001,2016-10-21T06:51:27Z,48.3600,-4.7800,1020,0,6.3088,-0.1344,01111011
EXSH0001,2016-10-21T06:56:27Z,48.3600,-4.7800,1020,0,6.3476,-0.119,01111011
EXSH0001,2016-10-21T07:01:27Z,48.3600,-4.7800,1020,0,6.3615,-0.1301,01111011
EXSH0001,2016-10-21T07:06:27Z,48.3600,-4.7800,1020,0,6.3699,-0.1367,01111011
EXSH0001,2016-10-21T07:11:27Z,48.3600,-4.7800,1020,0,6.3915,-0.1201,01111011
EXSH0001,2016-10-21T07:16:27Z,48.3600,-4.7800,1020,0,6.3952,-0.1248,01111011
EXSH0001,2016-10-21T07:21:27Z,48.3600,-4.7800,1020,0,6.402,-0.118,01111011
EXSH0001,2016-10-21T07:26:27Z,48.3600,-4.7800,1020,0,6.394,-0.1194,01111011
EXSH0001,2016-10-21T07:31:27Z,48.3600,-4.7800,1020,0,6.3936,-0.1086,01111011
EXSH0001,2016-10-21T07:36:27Z,48.3600,-4.7800,1020,0,6.3709,-0.1164,01111011
EXSH0001,2016-10-21T07:41:27Z,48.3600,-4.7800,1020,0,6.352,-0.1202,01111011
EXSH0001,2016-10-21T07:46:27Z,48.3600,-4.7800,1020,0,6.316,-0.1285,01111011
EXSH0001,2016-10-21T07:51:27Z,48.3600,-4.7800,1020,0,6.3087,-0.1058,01111011
EXSH0001,2016-10-21T07:56:27Z,48.3600,-4.7800,1020,0,6.2635,-0.1183,01111011
EXSH0001,2016-10-21T08:01:27Z,48.3600,-4.7800,1020.4,0,6.2355,-0.1013,01111011
EXSH0001,2016-10-21T08:06:27Z,48.3600,-4.7800,1020.4,0,6.1711,-0.1307,01111011
EXSH0001,2016-10-21T08:11:27Z,48.3600,-4.7800,1020.4,0,6.1215,-0.1275,01111011
EXSH0001,2016-10-21T08:16:27Z,48.3600,-4.7800,1020.4,0,6.0782,-0.1208,01111011
EXSH0001,2016-10-21T08:21:27Z,48.3600,-4.7800,1020.4,0,6.0312,-0.1155,01111011
EXSH0001,2016-10-21T08:26:27Z,48.3600,-4.7800,1020.4,0,5.9778,-0.1112,01111011
EXSH0001,2016-10-21T08:31:27Z,48.3600,-4.7800,1020.4,0,5.9404,-0.104,01111011
EXSH0001,2016-10-21T08:36:27Z,48.3600,-4.7800,1020.4,0,5.8783,-0.1061,01111011
EXSH0001,2016-10-21T08:41:27Z,48.3600,-4.7800,1020.4,0,5.8259,-0.0885,01111011
EXSH0001,2016-10-21T08:46:27Z,48.3600,-4.7800,1020.4,0,5.7548,-0.0907,01111011
EXSH0001,2016-10-21T08:51:27Z,48.3600,-4.7800,1020.4,0,5.6888,-0.0917,01111011
EXSH0001,2016-10-21T08:56:27Z,48.3600,-4.7800,1020.4,0,5.6263,-0.0792,01111011
EXSH0001,2016-10-21T09:01:27Z,48.3600,-4.7800,1020.5,0,5.5535,-0.077,01111011
EXSH0001,2016-10-21T09:06:27Z,48.3600,-4.7800,1020.5,0,5.481,-0.0745,01111011
EXSH0001,2016-10-21T09:11:27Z,48.3600,-4.7800,1020.5,0,5.4171,-0.0634,01111011
EXSH0001,2016-10-21T09:16:27Z,48.3600,-4.7800,1020.5,0,5.3516,-0.0539,01111011
EXSH0001,2016-10-21T09:21:27Z,48.3600,-4.7800,1020.5,0,5.2731,-0.0474,01111011
EXSH0001,2016-10-21T09:26:27Z,48.3600,-4.7800,1020.5,0,5.1947,-0.0508,01111011
EXSH0001,2016-10-21T09:31:27Z,48.3600,-4.7800,1020.5,0,5.122,-0.0565,01111011
EXSH0001,2016-10-21T09:36:27Z,48.3600,-4.7800,1020.5,0,5.038,-0.0602,01111011
EXSH0001,2016-10-21T09:41:27Z,48.3600,-4.7800,1020.5,0,4.9507,-0.0675,01111011
EXSH0001,2016-10-21T09:46:27Z,48.3600,-4.7800,1020.5,0,4.87,-0.0582,01111011
EXSH0001,2016-10-21T09:51:27Z,48.3600,-4.7800,1020.5,0,4.7961,-0.0521,01111011
EXSH0001,2016-10-21T09:56:27Z,48.3600,-4.7800,1020.5,0,4.7072,-0.0563,01111011
EXSH0001,2016-10-21T10:01:27Z,48.3600,-4.7800,1020.6,0,4.6421,-0.0361,01111011
EXSH0001,2016-10-21T10:06:27Z,48.3600,-4.7800,1020.6,0,4.5535,-0.0347,01111011
EXSH0001,2016-10-21T10:11:27Z,48.3600,-4.7800,1020.6,0,4.4606,-0.0476,01111011
EXSH0001,2016-10-21T10:16:27Z,48.3600,-4.7800,1020.6,0,4.392,-0.0262,01111011
EXSH0001,2016-10-21T10:21:27Z,48.3600,-4.7800,1020.6,0,4.3054,-0.0328,01111011
EXSH0001,2016-10-21T10:26:27Z,48.3600,-4.7800,1020.6,0,4.2263,-0.0219,01111011
EXSH0001,2016-10-21T10:31:27Z,48.3600,-4.7800,1020.6,0,4.1325,-0.0485,01111011
EXSH0001,2016-10-21T10:36:27Z,48.3600,-4.7800,1020.6,0,4.0501,-0.0424,01111011
EXSH0001,2016-10-21T10:41:27Z,48.3600,-4.7800,1020.6,0,3.9611,-0.0499,01111011
EXSH0001,2016-10-21T10:46:27Z,48.3600,-4.7800,1020.6,0,3.889,-0.032,01111011
EXSH0001,2016-10-21T10:51:27Z,48.3600,-4.7800,1020.6,0,3.8121,-0.0189,01111011
EXSH0001,2016-10-21T10:56:27Z,48.3600,-4.7800,1020.6,0,3.7338,-0.0172,01111011
EXSH0001,2016-10-21T11:01:27Z,48.3600,-4.7800,1020.3,0,3.6421,-0.0189,01111011
EXSH0001,2016-10-21T11:06:27Z,48.3600,-4.7800,1020.3,0,3.5579,-0.0131,01111011
EXSH0001,2016-10-21T11:11:27Z,48.3600,-4.7800,1020.3,0,3.4855,-0.002,01111011
EXSH0001,2016-10-21T11:16:27Z,48.3600,-4.7800,1020.3,0,3.3963,-0.0047,01111011
EXSH0001,2016-10-21T11:21:27Z,48.3600,-4.7800,1020.3,0,3.3141,0.0031,01111011
EXSH0001,2016-10-21T11:26:27Z,48.3600,-4.7800,1020.3,0,3.2267,-0.0043,01111011
EXSH0001,2016-10-21T11:31:27Z,48.3600,-4.7800,1020.3,0,3.1549,-0.008,01111011
EXSH0001,2016-10-21T11:36:27Z,48.3600,-4.7800,1020.3,0,3.068,-0.0128,01111011
EXSH0001,2016-10-21T11:41:27Z,48.3600,-4.7800,1020.3,0,2.9849,-0.0108,01111011
EXSH0001,2016-10-21T11:46:27Z,48.3600,-4.7800,1020.3,0,2.9189,0.006,01111011
EXSH0001,2016-10-21T11:51:27Z,48.3600,-4.7800,1020.3,0,2.8373,0.0044,01111011
EXSH0001,2016-10-21T11:56:27Z,48.3600,-4.7800,1020.3,0,2.7564,0.0057,01111011
EXSH0001,2016-10-21T12:01:27Z,48.3600,-4.7800,1019.6,0,2.6801,0.0044,01111011
EXSH0001,2016-10-21T12:06:27Z,48.3600,-4.7800,1019.6,0,2.6229,0.0221,01111011
EXSH0001,2016-10-21T12:11:27Z,48.3600,-4.7800,1019.6,0,2.5525,0.0268,01111011
EXSH0001,2016-10-21T12:16:27Z,48.3600,-4.7800,1019.6,0,2.4689,0.0181,01111011
EXSH0001,2016-10-21T12:21:27Z,48.3600,-4.7800,1019.6,0,2.3986,0.02,01111011
EXSH0001,2016-10-21T12:26:27Z,48.3600,-4.7800,1019.6,0,2.3353,0.0246,01111011
EXSH0001,2016-10-21T12:31:27Z,48.3600,-4.7800,1019.6,0,2.2585,-0.0053,01111011
EXSH0001,2016-10-21T12:36:27Z,48.3600,-4.7800,1019.6,0,2.2241,0.0203,01111011
EXSH0001,2016-10-21T12:41:27Z,48.3600,-4.7800,1019.6,0,2.1591,0.0153,01111011
EXSH0001,2016-10-21T12:46:27Z,48.3600,-4.7800,1019.6,0,2.1063,0.0225,01111011
EXSH0001,2016-10-21T12:51:27Z,48.3600,-4.7800,1019.6,0,2.0371,0.0043,01111011
EXSH0001,2016-10-21T12:56:27Z,48.3600,-4.7800,1019.6,0,2.0077,0.0298,01111011
EXSH0001,2016-10-21T13:01:27Z,48.3600,-4.7800,1018.9,0,1.9387,0.0059,01111011
EXSH0001,2016-10-21T13:06:27Z,48.3600,-4.7800,1018.9,0,1.9081,0.0162,01111011
EXSH0001,2016-10-21T13:11:27Z,48.3600,-4.7800,1018.9,0,1.8671,0.0142,01111011
EXSH0001,2016-10-21T13:16:27Z,48.3600,-4.7800,1018.9,0,1.8427,0.0248,01111011
EXSH0001,2016-10-21T13:21:27Z,48.3600,-4.7800,1018.9,0,1.8213,0.0394,01111011
EXSH0001,2016-10-21T13:26:27Z,48.3600,-4.7800,1018.9,0,1.7881,0.0262,01111011
EXSH0001,2016-10-21T13:31:27Z,48.3600,-4.7800,1018.9,0,1.7569,0.0173,01111011
EXSH0001,2016-10-21T13:36:27Z,48.3600,-4.7800,1018.9,0,1.7412,0.0214,01111011
EXSH0001,2016-10-21T13:41:27Z,48.3600,-4.7800,1018.9,0,1.7349,0.0301,01111011
EXSH0001,2016-10-21T13:46:27Z,48.3600,-4.7800,1018.9,0,1.7065,0.0167,01111011
EXSH0001,2016-10-21T13:51:27Z,48.3600,-4.7800,1018.9,0,1.7036,0.0236,01111011
EXSH0001,2016-10-21T13:56:27Z,48.3600,-4.7800,1018.9,0,1.6911,0.0111,01111011
EXSH0001,2016-10-21T14:01:27Z,48.3600,-4.7800,1018.4,0,1.6982,0.0182,01111011
EXSH0001,2016-10-21T14:06:27Z,48.3600,-4.7800,1018.4,0,1.7016,0.0214,01111011
EXSH0001,2016-10-21T14:11:27Z,48.3600,-4.7800,1018.4,0,1.6931,-0.0021,01111011
EXSH0001,2016-10-21T14:16:27Z,48.3600,-4.7800,1018.4,0,1.6962,-0.0042,01111011
EXSH0001,2016-10-21T14:21:27Z,48.3600,-4.7800,1018.4,0,1.7019,-0.0233,01111011
EXSH0001,2016-10-21T14:26:27Z,48.3600,-4.7800,1018.4,0,1.7327,-0.0077,01111011
EXSH0001,2016-10-21T14:31:27Z,48.3600,-4.7800,1018.4,0,1.7472,-0.016,01111011
EXSH0001,2016-10-21T14:36:27Z,48.3600,-4.7800,1018.4,0,1.787,-0.0062,01111011
EXSH0001,2016-10-21T14:41:27Z,48.3600,-4.7800,1018.4,0,1.8189,-0.0143,01111011
EXSH0001,2016-10-21T14:46:27Z,48.3600,-4.7800,1018.4,0,1.8625,-0.0073,01111011
EXSH0001,2016-10-21T14:51:27Z,48.3600,-4.7800,1018.4,0,1.909,-0.0058,01111011
EXSH0001,2016-10-21T14:56:27Z,48.3600,-4.7800,1018.4,0,1.9595,-0.0003,01111011
EXSH0001,2016-10-21T15:01:27Z,48.3600,-4.7800,1018.1,0,2.0075,-0.0089,01111011
EXSH0001,2016-10-21T15:06:27Z,48.3600,-4.7800,1018.1,0,2.0498,-0.0266,01111011
EXSH0001,2016-10-21T15:11:27Z,48.3600,-4.7800,1018.1,0,2.1041,-0.0323,01111011
EXSH0001,2016-10-21T15:16:27Z,48.3600,-4.7800,1018.1,0,2.1725,-0.0305,01111011
EXSH0001,2016-10-21T15:21:27Z,48.3600,-4.7800,1018.1,0,2.2532,-0.0148,01111011
EXSH0001,2016-10-21T15:26:27Z,48.3600,-4.7800,1018.1,0,2.3133,-0.0297,01111011
EXSH0001,2016-10-21T15:31:27Z,48.3600,-4.7800,1018.1,0,2.3827,-0.0238,01111011
EXSH0001,2016-10-21T15:36:27Z,48.3600,-4.7800,1018.1,0,2.4493,-0.0372,01111011
EXSH0001,2016-10-21T15:41:27Z,48.3600,-4.7800,1018.1,0,2.5313,-0.0375,01111011
EXSH0001,2016-10-21T15:46:27Z,48.3600,-4.7800,1018.1,0,2.6062,-0.0503,01111011
EXSH0001,2016-10-21T15:51:27Z,48.3600,-4.7800,1018.1,0,2.7054,-0.0411,01111011
EXSH0001,2016-10-21T15:56:27Z,48.3600,-4.7800,1018.1,0,2.7789,-0.0576,01111011
EXSH0001,2016-10-21T16:01:27Z,48.3600,-4.7800,1017.8,0,2.8793,-0.055,01111011
EXSH0001,2016-10-21T16:06:27Z,48.3600,-4.7800,1017.8,0,2.962,-0.0672,01111011
EXSH0001,2016-10-21T16:11:27Z,48.3600,-4.7800,1017.8,0,3.0814,-0.0451,01111011
EXSH0001,2016-10-21T16:16:27Z,48.3600,-4.7800,1017.8,0,3.1632,-0.0633,01111011
EXSH0001,2016-10-21T16:21:27Z,48.3600,-4.7800,1017.8,0,3.2437,-0.0805,01111011
EXSH0001,2016-10-21T16:26:27Z,48.3600,-4.7800,1017.8,0,3.3457,-0.0835,01111011
EXSH0001,2016-10-21T16:31:27Z,48.3600,-4.7800,1017.8,0,3.4549,-0.0485,01111011
EXSH0001,2016-10-21T16:36:27Z,48.3600,-4.7800,1017.8,0,3.5433,-0.059,01111011
EXSH0001,2016-10-21T16:41:27Z,48.3600,-4.7800,1017.8,0,3.6331,-0.0742,01111011
EXSH0001,2016-10-21T16:46:27Z,48.3600,-4.7800,1017.8,0,3.7445,-0.0589,01111011
EXSH0001,2016-10-21T16:51:27Z,48.3600,-4.7800,1017.8,0,3.8409,-0.0664,01111011
EXSH0001,2016-10-21T16:56:27Z,48.3600,-4.7800,1017.8,0,3.9241,-0.0882,01111011
EXSH0001,2016-10-21T17:01:27Z,48.3600,-4.7800,1017.8,0,4.0307,-0.0766,01111011
EXSH0001,2016-10-21T17:06:27Z,48.3600,-4.7800,1017.8,0,4.1265,-0.0769,01111011
EXSH0001,2016-10-21T17:11:27Z,48.3600,-4.7800,1017.8,0,4.2194,-0.084,01111011
EXSH0001,2016-10-21T17:16:27Z,48.3600,-4.7800,1017.8,0,4.2975,-0.1048,01111011
EXSH0001,2016-10-21T17:21:27Z,48.3600,-4.7800,1017.8,0,4.3996,-0.0938,01111011
EXSH0001,2016-10-21T17:26:27Z,48.3600,-4.7800,1017.8,0,4.4774,-0.1149,01111011
EXSH0001,2016-10-21T17:31:27Z,48.3600,-4.7800,1017.8,0,4.578,-0.0838,01111011
EXSH0001,2016-10-21T17:36:27Z,48.3600,-4.7800,1017.8,0,4.6655,-0.0863,01111011
EXSH0001,2016-10-21T17:41:27Z,48.3600,-4.7800,1017.8,0,4.7407,-0.1011,01111011
EXSH0001,2016-10-21T17:46:27Z,48.3600,-4.7800,1017.8,0,4.831,-0.0955,01111011
EXSH0001,2016-10-21T17:51:27Z,48.3600,-4.7800,1017.8,0,4.9104,-0.1014,01111011
EXSH0001,2016-10-21T17:56:27Z,48.3600,-4.7800,1017.8,0,4.9981,-0.0984,01111011
EXSH0001,2016-10-21T18:01:27Z,48.3600,-4.7800,1017.9,0,5.0845,-0.097,01111011
EXSH0001,2016-10-21T18:06:27Z,48.3600,-4.7800,1017.9,0,5.1505,-0.106,01111011
EXSH0001,2016-10-21T18:11:27Z,48.3600,-4.7800,1017.9,0,5.2417,-0.0901,01111011
EXSH0001,2016-10-21T18:16:27Z,48.3600,-4.7800,1017.9,0,5.3003,-0.1109,01111011
EXSH0001,2016-10-21T18:21:27Z,48.3600,-4.7800,1017.9,0,5.3643,-0.1172,01111011
EXSH0001,2016-10-21T18:26:27Z,48.3600,-4.7800,1017.9,0,5.4525,-0.0987,01111011
EXSH0001,2016-10-21T18:31:27Z,48.3600,-4.7800,1017.9,0,5.5016,-0.1009,01111011
EXSH0001,2016-10-21T18:36:27Z,48.3600,-4.7800,1017.9,0,5.5551,-0.1109,01111011
EXSH0001,2016-10-21T18:41:27Z,48.3600,-4.7800,1017.9,0,5.6133,-0.1127,01111011
EXSH0001,2016-10-21T18:46:27Z,48.3600,-4.7800,1017.9,0,5.6832,-0.1028,01111011
EXSH0001,2016-10-21T18:51:27Z,48.3600,-4.7800,1017.9,0,5.7373,-0.1022,01111011
EXSH0001,2016-10-21T18:56:27Z,48.3600,-4.7800,1017.9,0,5.7841,-0.1104,01111011
EXSH0001,2016-10-21T19:01:27Z,48.3600,-4.7800,1017.8,0,5.8179,-0.1216,01111011
EXSH0001,2016-10-21T19:06:27Z,48.3600,-4.7800,1017.8,0,5.8688,-0.1057,01111011
EXSH0001,2016-10-21T19:11:27Z,48.3600,-4.7800,1017.8,0,5.9025,-0.1105,01111011
EXSH0001,2016-10-21T19:16:27Z,48.3600,-4.7800,1017.8,0,5.9496,-0.1034,01111011
EXSH0001,2016-10-21T19:21:27Z,48.3600,-4.7800,1017.8,0,5.9737,-0.1028,01111011
EXSH0001,2016-10-21T19:26:27Z,48.3600,-4.7800,1017.8,0,5.9945,-0.107,01111011
EXSH0001,2016-10-21T19:31:27Z,48.3600,-4.7800,1017.8,0,6.0121,-0.1007,01111011
EXSH0001,2016-10-21T19:36:27Z,48.3600,-4.7800,1017.8,0,6.0364,-0.0915,01111011
EXSH0001,2016-10-21T19:41:27Z,48.3600,-4.7800,1017.8,0,6.0447,-0.0981,01111011
EXSH0001,2016-10-21T19:46:27Z,48.3600,-4.7800,1017.8,0,6.0531,-0.0969,01111011
EXSH0001,2016-10-21T19:51:27Z,48.3600,-4.7800,1017.8,0,6.0738,-0.0762,01111011
EXSH0001,2016-10-21T19:56:27Z,48.3600,-4.7800,1017.8,0,6.0647,-0.0853,01111011
EXSH0001,2016-10-21T20:01:27Z,48.3600,-4.7800,1017.7,0,6.057,-0.0801,01111011
EXSH0001,2016-10-21T20:06:27Z,48.3600,-4.7800,1017.7,0,6.0257,-0.0965,01111011
EXSH0001,2016-10-21T20:11:27Z,48.3600,-4.7800,1017.7,0,5.9976,-0.1095,01111011
EXSH0001,2016-10-21T20:16:27Z,48.3600,-4.7800,1017.7,0,5.9752,-0.1091,01111011
EXSH0001,2016-10-21T20:21:27Z,48.3600,-4.7800,1017.7,0,5.9739,-0.0904,01111011
EXSH0001,2016-10-21T20:26:27Z,48.3600,-4.7800,1017.7,0,5.9527,-0.0816,01111011
EXSH0001,2016-10-21T20:31:27Z,48.3600,-4.7800,1017.7,0,5.9323,-0.0796,01111011
EXSH0001,2016-10-21T20:36:27Z,48.3600,-4.7800,1017.7,0,5.8851,-0.0868,01111011
EXSH0001,2016-10-21T20:41:27Z,48.3600,-4.7800,1017.7,0,5.8443,-0.0886,01111011
EXSH0001,2016-10-21T20:46:27Z,48.3600,-4.7800,1017.7,0,5.7919,-0.096,01111011
EXSH0001,2016-10-21T20:51:27Z,48.3600,-4.7800,1017.7,0,5.7346,-0.1082,01111011
EXSH0001,2016-10-21T20:56:27Z,48.3600,-4.7800,1017.7,0,5.7104,-0.0875,01111011
EXSH0001,2016-10-21T21:01:27Z,48.3600,-4.7800,1017.6,0,5.642,-0.1018,01111011
EXSH0001,2016-10-21T21:06:27Z,48.3600,-4.7800,1017.6,0,5.6117,-0.0762,01111011
EXSH0001,2016-10-21T21:11:27Z,48.3600,-4.7800,1017.6,0,5.5579,-0.0759,01111011
EXSH0001,2016-10-21T21:16:27Z,48.3600,-4.7800,1017.6,0,5.4994,-0.0744,01111011
EXSH0001,2016-10-21T21:21:27Z,48.3600,-4.7800,1017.6,0,5.4413,-0.0725,01111011
EXSH0001,2016-10-21T21:26:27Z,48.3600,-4.7800,1017.6,0,5.383,-0.0708,01111011
EXSH0001,2016-10-21T21:31:27Z,48.3600,-4.7800,1017.6,0,5.3329,-0.0711,01111011
EXSH0001,2016-10-21T21:36:27Z,48.3600,-4.7800,1017.6,0,5.2817,-0.0575,01111011
EXSH0001,2016-10-21T21:41:27Z,48.3600,-4.7800,1017.6,0,5.2034,-0.0706,01111011
EXSH0001,2016-10-21T21:46:27Z,48.3600,-4.7800,1017.6,0,5.1458,-0.0632,01111011
EXSH0001,2016-10-21T21:51:27Z,48.3600,-4.7800,1017.6,0,5.0829,-0.0563,01111011
EXSH0001,2016-10-21T21:56:27Z,48.3600,-4.7800,1017.6,0,5.0277,-0.0413,01111011
EXSH0001,2016-10-21T22:01:27Z,48.3600,-4.7800,1017.1,0,4.9479,-0.0461,01111011
EXSH0001,2016-10-21T22:06:27Z,48.3600,-4.7800,1017.1,0,4.8879,-0.0411,01111011
EXSH0001,2016-10-21T22:11:27Z,48.3600,-4.7800,1017.1,0,4.827,-0.027,01111011
EXSH0001,2016-10-21T22:16:27Z,48.3600,-4.7800,1017.1,0,4.7703,-0.0087,01111011
EXSH0001,2016-10-21T22:21:27Z,48.3600,-4.7800,1017.1,0,4.6937,-0.0155,01111011
EXSH0001,2016-10-21T22:26:27Z,48.3600,-4.7800,1017.1,0,4.6425,0.0035,01111011
EXSH0001,2016-10-21T22:31:27Z,48.3600,-4.7800,1017.1,0,4.5841,0.0021,01111011
EXSH0001,2016-10-21T22:36:27Z,48.3600,-4.7800,1017.1,0,4.4972,-0.0098,01111011
EXSH0001,2016-10-21T22:41:27Z,48.3600,-4.7800,1017.1,0,4.4303,-0.0017,01111011
EXSH0001,2016-10-21T22:46:27Z,48.3600,-4.7800,1017.1,0,4.359,0.002,01111011
EXSH0001,2016-10-21T22:51:27Z,48.3600,-4.7800,1017.1,0,4.2917,0.0097,01111011
EXSH0001,2016-10-21T22:56:27Z,48.3600,-4.7800,1017.1,0,4.2171,0.0101,01111011
EXSH0001,2016-10-21T23:01:27Z,48.3600,-4.7800,1016.7,0,4.1499,0.0179,01111011
EXSH0001,2016-10-21T23:06:27Z,48.3600,-4.7800,1016.7,0,4.0753,0.0183,01111011
EXSH0001,2016-10-21T23:11:27Z,48.3600,-4.7800,1016.7,0,4.0125,0.0305,01111011
EXSH0001,2016-10-21T23:16:27Z,48.3600,-4.7800,1016.7,0,3.9379,0.0309,01111011
EXSH0001,2016-10-21T23:21:27Z,48.3600,-4.7800,1016.7,0,3.8825,0.0505,01111011
EXSH0001,2016-10-21T23:26:27Z,48.3600,-4.7800,1016.7,0,3.8123,0.0553,01111011
EXSH0001,2016-10-21T23:31:27Z,48.3600,-4.7800,1016.7,0,3.7154,0.0219,01111011
EXSH0001,2016-10-21T23:36:27Z,48.3600,-4.7800,1016.7,0,3.6591,0.0429,01111011
EXSH0001,2016-10-21T23:41:27Z,48.3600,-4.7800,1016.7,0,3.577,0.0358,01111011
EXSH0001,2016-10-21T23:46:27Z,48.3600,-4.7800,1016.7,0,3.5112,0.0449,01111011
EXSH0001,2016-10-21T23:51:27Z,48.3600,-4.7800,1016.7,0,3.4463,0.0551,01111011
EXSH0001,2016-10-21T23:56:27Z,48.3600,-4.7800,1016.7,0,3.3676,0.0513,01111011
EXSH0001,2016-10-22T00:01:27Z,48.3600,-4.7800,1016,0,3.3185,0.0772,01111011
EXSH0001,2016-10-22T00:06:27Z,48.3600,-4.7800,1016,0,3.2417,0.0654,01111011
EXSH0001,2016-10-22T00:11:27Z,48.3600,-4.7800,1016,0,3.1638,0.0625,01111011
EXSH0001,2016-10-22T00:16:27Z,48.3600,-4.7800,1016,0,3.101,0.0747,01111011
EXSH0001,2016-10-22T00:21:27Z,48.3600,-4.7800,1016,0,3.0303,0.0713,01111011
EXSH0001,2016-10-22T00:26:27Z,48.3600,-4.7800,1016,0,2.9637,0.0747,01111011
EXSH0001,2016-10-22T00:31:27Z,48.3600,-4.7800,1016,0,2.9009,0.0504,01111011
EXSH0001,2016-10-22T00:36:27Z,48.3600,-4.7800,1016,0,2.8433,0.0589,01111011
EXSH0001,2016-10-22T00:41:27Z,48.3600,-4.7800,1016,0,2.78,0.0595,01111011
EXSH0001,2016-10-22T00:46:27Z,48.3600,-4.7800,1016,0,2.7129,0.0585,01111011
EXSH0001,2016-10-22T00:51:27Z,48.3600,-4.7800,1016,0,2.6713,0.073,01111011
EXSH0001,2016-10-22T00:56:27Z,48.3600,-4.7800,1016,0,2.6211,0.0767,01111011
EXSH0001,2016-10-22T01:01:27Z,48.3600,-4.7800,1015.6,0,2.5432,0.0549,01111011
EXSH0001,2016-10-22T01:06:27Z,48.3600,-4.7800,1015.6,0,2.5177,0.0833,01111011
EXSH0001,2016-10-22T01:11:27Z,48.3600,-4.7800,1015.6,0,2.4491,0.0608,01111011
EXSH0001,2016-10-22T01:16:27Z,48.3600,-4.7800,1015.6,0,2.4064,0.0631,01111011
EXSH0001,2016-10-22T01:21:27Z,48.3600,-4.7800,1015.6,0,2.3472,0.0489,01111011
EXSH0001,2016-10-22T01:26:27Z,48.3600,-4.7800,1015.6,0,2.2963,0.0341,01111011
EXSH0001,2016-10-22T01:31:27Z,48.3600,-4.7800,1015.6,0,2.2683,0.0389,01111011
EXSH0001,2016-10-22T01:36:27Z,48.3600,-4.7800,1015.6,0,2.2252,0.0258,01111011
EXSH0001,2016-10-22T01:41:27Z,48.3600,-4.7800,1015.6,0,2.2258,0.0564,01111011
EXSH0001,2016-10-22T01:46:27Z,48.3600,-4.7800,1015.6,0,2.1847,0.04,01111011
EXSH0001,2016-10-22T01:51:27Z,48.3600,-4.7800,1015.6,0,2.1432,0.0235,01111011
EXSH0001,2016-10-22T01:56:27Z,48.3600,-4.7800,1015.6,0,2.1305,0.0258,01111011
EXSH0001,2016-10-22T02:01:27Z,48.3600,-4.7800,1015.1,0,2.1409,0.0512,01111011
EXSH0001,2016-10-22T02:06:27Z,48.3600,-4.7800,1015.1,0,2.1276,0.0529,01111011
EXSH0001,2016-10-22T02:11:27Z,48.3600,-4.7800,1015.1,0,2.1145,0.0545,01111011
EXSH0001,2016-10-22T02:16:27Z,48.3600,-4.7800,1015.1,0,2.1156,0.0556,01111011
EXSH0001,2016-10-22T02:21:27Z,48.3600,-4.7800,1015.1,0,2.1062,0.0462,01111011
EXSH0001,2016-10-22T02:26:27Z,48.3600,-4.7800,1015.1,0,2.1156,0.0556,01111011
EXSH0001,2016-10-22T02:31:27Z,48.3600,-4.7800,1015.1,0,2.0983,0.0318,01111011
EXSH0001,2016-10-22T02:36:27Z,48.3600,-4.7800,1015.1,0,2.0991,0.0276,01111011
EXSH0001,2016-10-22T02:41:27Z,48.3600,-4.7800,1015.1,0,2.1137,0.0272,01111011
EXSH0001,2016-10-22T02:46:27Z,48.3600,-4.7800,1015.1,0,2.135,0.032,01111011
EXSH0001,2016-10-22T02:51:27Z,48.3600,-4.7800,1015.1,0,2.1617,0.0352,01111011
EXSH0001,2016-10-22T02:56:27Z,48.3600,-4.7800,1015.1,0,2.1666,0.0136,01111011
EXSH0001,2016-10-22T03:01:27Z,48.3600,-4.7800,1014.3,0,2.1974,0.0144,01111011
EXSH0001,2016-10-22T03:06:27Z,48.3600,-4.7800,1014.3,0,2.2297,0.0152,01111011
EXSH0001,2016-10-22T03:11:27Z,48.3600,-4.7800,1014.3,0,2.2727,0.0197,01111011
EXSH0001,2016-10-22T03:16:27Z,48.3600,-4.7800,1014.3,0,2.2923,-0.0022,01111011
EXSH0001,2016-10-22T03:21:27Z,48.3600,-4.7800,1014.3,0,2.3296,-0.0099,01111011
EXSH0001,2016-10-22T03:26:27Z,48.3600,-4.7800,1014.3,0,2.3585,-0.036,01111011
EXSH0001,2016-10-22T03:31:27Z,48.3600,-4.7800,1014.3,0,2.4365,0.0051,01111011
EXSH0001,2016-10-22T03:36:27Z,48.3600,-4.7800,1014.3,0,2.4813,-0.0101,01111011
EXSH0001,2016-10-22T03:41:27Z,48.3600,-4.7800,1014.3,0,2.5611,0.0097,01111011
EXSH0001,2016-10-22T03:46:27Z,48.3600,-4.7800,1014.3,0,2.6106,-0.0008,01111011
EXSH0001,2016-10-22T03:51:27Z,48.3600,-4.7800,1014.3,0,2.6938,0.0196,01111011
EXSH0001,2016-10-22T03:56:27Z,48.3600,-4.7800,1014.3,0,2.7544,0.0051,01111011
EXSH0001,2016-10-22T04:01:27Z,48.3600,-4.7800,1013.7,0,2.8191,-0.0051,01111011
EXSH0001,2016-10-22T04:06:27Z,48.3600,-4.7800,1013.7,0,2.9065,0.0072,01111011
EXSH0001,2016-10-22T04:11:27Z,48.3600,-4.7800,1013.7,0,2.9575,-0.0168,01111011
EXSH0001,2016-10-22T04:16:27Z,48.3600,-4.7800,1013.7,0,3.0181,-0.039,01111011
EXSH0001,2016-10-22T04:21:27Z,48.3600,-4.7800,1013.7,0,3.1173,-0.0198,01111011
EXSH0001,2016-10-22T04:26:27Z,48.3600,-4.7800,1013.7,0,3.2104,-0.0089,01111011
EXSH0001,2016-10-22T04:31:27Z,48.3600,-4.7800,1013.7,0,3.2792,-0.0051,01111011
EXSH0001,2016-10-22T05:37:27Z,48.3600,-4.7800,,0,4.403,-0.033,01119011
EXSH0001,2016-10-22T05:42:27Z,48.3600,-4.7800,,0,4.4825,-0.0367,01119011
EXSH0001,2016-10-22T05:47:27Z,48.3600,-4.7800,,0,4.5811,-0.0181,01119011
EXSH0001,2016-10-22T05:52:27Z,48.3600,-4.7800,,0,4.6533,-0.0359,01119011
EXSH0001,2016-10-22T05:57:27Z,48.3600,-4.7800,,0,4.7202,-0.0458,01119011
EXSH0001,2016-10-22T06:02:27Z,48.3600,-4.7800,1013.5,0,4.8102,-0.039,01111011
EXSH0001,2016-10-22T06:07:27Z,48.3600,-4.7800,1013.5,0,4.8901,-0.0359,01111011
EXSH0001,2016-10-22T06:12:27Z,48.3600,-4.7800,1013.5,0,4.9581,-0.0429,01111011
EXSH0001,2016-10-22T06:17:27Z,48.3600,-4.7800,1013.5,0,5.0453,-0.0307,01111011
EXSH0001,2016-10-22T06:22:27Z,48.3600,-4.7800,1013.5,0,5.0992,-0.0518,01111011
EXSH0001,2016-10-22T06:27:27Z,48.3600,-4.7800,1013.5,0,5.1557,-0.0671,01111011
EXSH0001,2016-10-22T06:32:27Z,48.3600,-4.7800,1013.5,0,5.2418,-0.0312,01111011
EXSH0001,2016-10-22T06:37:27Z,48.3600,-4.7800,1013.5,0,5.2996,-0.0388,01111011
EXSH0001,2016-10-22T06:42:27Z,48.3600,-4.7800,1013.5,0,5.3667,-0.0417,01111011
EXSH0001,2016-10-22T06:47:27Z,48.3600,-4.7800,1013.5,0,5.4355,-0.0329,01111011
EXSH0001,2016-10-22T06:52:27Z,48.3600,-4.7800,1013.5,0,5.4983,-0.0301,01111011
EXSH0001,2016-10-22T06:57:27Z,48.3600,-4.7800,1013.5,0,5.5527,-0.0357,01111011
EXSH0001,2016-10-22T07:02:27Z,48.3600,-4.7800,1013.6,0,5.6044,-0.0394,01111011
EXSH0001,2016-10-22T07:07:27Z,48.3600,-4.7800,1013.6,0,5.6633,-0.0351,01111011
EXSH0001,2016-10-22T07:12:27Z,48.3600,-4.7800,1013.6,0,5.7075,-0.0363,01111011
EXSH0001,2016-10-22T07:17:27Z,48.3600,-4.7800,1013.6,0,5.7568,-0.032,01111011
EXSH0001,2016-10-22T07:22:27Z,48.3600,-4.7800,1013.6,0,5.7913,-0.0425,01111011
EXSH0001,2016-10-22T07:27:27Z,48.3600,-4.7800,1013.6,0,5.8389,-0.0303,01111011
EXSH0001,2016-10-22T07:32:27Z,48.3600,-4.7800,1013.6,0,5.8647,-0.0368,01111011
EXSH0001,2016-10-22T07:37:27Z,48.3600,-4.7800,1013.6,0,5.9097,-0.0218,01111011
EXSH0001,2016-10-22T07:42:27Z,48.3600,-4.7800,1013.6,0,5.9303,-0.0305,01111011
EXSH0001,2016-10-22T07:47:27Z,48.3600,-4.7800,1013.6,0,5.9574,-0.0241,01111011
EXSH0001,2016-10-22T07:52:27Z,48.3600,-4.7800,1013.6,0,5.9788,-0.022,01111011
EXSH0001,2016-10-22T07:57:27Z,48.3600,-4.7800,1013.6,0,5.9953,-0.0204,01111011
EXSH0001,2016-10-22T08:02:27Z,48.3600,-4.7800,1013.4,0,6.0135,-0.0173,01111011
EXSH0001,2016-10-22T08:07:27Z,48.3600,-4.7800,1013.4,0,6.0124,-0.0276,01111011
EXSH0001,2016-10-22T08:12:27Z,48.3600,-4.7800,1013.4,0,6.0279,-0.0121,01111011
EXSH0001,2016-10-22T08:17:27Z,48.3600,-4.7800,1013.4,0,6.0453,0.0053,01111011
EXSH0001,2016-10-22T08:22:27Z,48.3600,-4.7800,1013.4,0,6.0255,-0.0138,01111011
EXSH0001,2016-10-22T08:27:27Z,48.3600,-4.7800,1013.4,0,6.0218,-0.0082,01111011
EXSH0001,2016-10-22T08:32:27Z,48.3600,-4.7800,1013.4,0,6.0144,-0.0087,01111011
EXSH0001,2016-10-22T08:37:27Z,48.3600,-4.7800,1013.4,0,5.9985,-0.0096,01111011
EXSH0001,2016-10-22T08:42:27Z,48.3600,-4.7800,1013.4,0,5.9751,-0.0111,01111011
EXSH0001,2016-10-22T08:47:27Z,48.3600,-4.7800,1013.4,0,5.9453,-0.0209,01111011
EXSH0001,2016-10-22T08:52:27Z,48.3600,-4.7800,1013.4,0,5.9391,0.0029,01111011
EXSH0001,2016-10-22T08:57:27Z,48.3600,-4.7800,1013.4,0,5.9072,0.001,01111011
EXSH0001,2016-10-22T09:02:27Z,48.3600,-4.7800,1013.1,0,5.8739,-0.0023,01111011
EXSH0001,2016-10-22T09:07:27Z,48.3600,-4.7800,1013.1,0,5.8267,-0.0095,01111011
EXSH0001,2016-10-22T09:12:27Z,48.3600,-4.7800,1013.1,0,5.7677,-0.0316,01111011
EXSH0001,2016-10-22T09:17:27Z,48.3600,-4.7800,1013.1,0,5.7393,-0.015,01111011
EXSH0001,2016-10-22T09:22:27Z,48.3600,-4.7800,1013.1,0,5.6931,-0.0162,01111011
EXSH0001,2016-10-22T09:27:27Z,48.3600,-4.7800,1013.1,0,5.6569,-0.0074,01111011
EXSH0001,2016-10-22T09:32:27Z,48.3600,-4.7800,1013.1,0,5.6039,-0.0262,01111011
EXSH0001,2016-10-22T09:37:27Z,48.3600,-4.7800,1013.1,0,5.5591,-0.0177,01111011
EXSH0001,2016-10-22T09:42:27Z,48.3600,-4.7800,1013.1,0,5.5139,-0.0129,01111011
EXSH0001,2016-10-22T09:47:27Z,48.3600,-4.7800,1013.1,0,5.4529,-0.0222,01111011
EXSH0001,2016-10-22T09:52:27Z,48.3600,-4.7800,1013.1,0,5.3977,-0.0191,01111011
EXSH0001,2016-10-22T09:57:27Z,48.3600,-4.7800,1013.1,0,5.354,-0.0028,01111011
EXSH0001,2016-10-22T10:02:27Z,48.3600,-4.7800,1012.8,0,5.3078,0.011,01111011
EXSH0001,2016-10-22T10:07:27Z,48.3600,-4.7800,1012.8,0,5.2485,0.0117,01111011
EXSH0001,2016-10-22T10:12:27Z,48.3600,-4.7800,1012.8,0,5.2041,0.0273,01111011
EXSH0001,2016-10-22T10:17:27Z,48.3600,-4.7800,1012.8,0,5.1381,0.0213,01111011
EXSH0001,2016-10-22T10:22:27Z,48.3600,-4.7800,1012.8,0,5.0892,0.0324,01111011
EXSH0001,2016-10-22T10:27:27Z,48.3600,-4.7800,1012.8,0,5.0259,0.0374,01111011
EXSH0001,2016-10-22T10:32:27Z,48.3600,-4.7800,1012.8,0,4.9612,0.0192,01111011
EXSH0001,2016-10-22T10:37:27Z,48.3600,-4.7800,1012.8,0,4.8983,0.0163,01111011
EXSH0001,2016-10-22T10:42:27Z,48.3600,-4.7800,1012.8,0,4.8494,0.0369,01111011
EXSH0001,2016-10-22T10:47:27Z,48.3600,-4.7800,1012.8,0,4.7747,0.0272,01111011
EXSH0001,2016-10-22T10:52:27Z,48.3600,-4.7800,1012.8,0,4.7087,0.0267,01111011
EXSH0001,2016-10-22T10:57:27Z,48.3600,-4.7800,1012.8,0,4.6523,0.0348,01111011
EXSH0001,2016-10-22T11:02:27Z,48.3600,-4.7800,1012.5,0,4.5991,0.0471,01111011
EXSH0001,2016-10-22T11:07:27Z,48.3600,-4.7800,1012.5,0,4.5303,0.0483,01111011
EXSH0001,2016-10-22T11:12:27Z,48.3600,-4.7800,1012.5,0,4.4563,0.0438,01111011
EXSH0001,2016-10-22T11:17:27Z,48.3600,-4.7800,1012.5,0,4.3787,0.0312,01111011
EXSH0001,2016-10-22T11:22:27Z,48.3600,-4.7800,1012.5,0,4.3319,0.0499,01111011
EXSH0001,2016-10-22T11:27:27Z,48.3600,-4.7800,1012.5,0,4.2729,0.0654,01111011
EXSH0001,2016-10-22T11:32:27Z,48.3600,-4.7800,1012.5,0,4.2105,0.0539,01111011
EXSH0001,2016-10-22T11:37:27Z,48.3600,-4.7800,1012.5,0,4.1568,0.0702,01111011
EXSH0001,2016-10-22T11:42:27Z,48.3600,-4.7800,1012.5,0,4.0905,0.0697,01111011
EXSH0001,2016-10-22T11:47:27Z,48.3600,-4.7800,1012.5,0,4.0218,0.0752,01111011
EXSH0001,2016-10-22T11:52:27Z,48.3600,-4.7800,1012.5,0,3.9529,0.0722,01111011
EXSH0001,2016-10-22T11:57:27Z,48.3600,-4.7800,1012.5,0,3.8853,0.0787,01111011
EXSH0001,2016-10-22T12:02:27Z,48.3600,-4.7800,1012,0,3.8217,0.0809,01111011
EXSH0001,2016-10-22T12:07:27Z,48.3600,-4.7800,1012,0,3.7597,0.0931,01111011
EXSH0001,2016-10-22T12:12:27Z,48.3600,-4.7800,1012,0,3.6996,0.0989,01111011
EXSH0001,2016-10-22T12:17:27Z,48.3600,-4.7800,1012,0,3.6353,0.1087,01111011
EXSH0001,2016-10-22T12:22:27Z,48.3600,-4.7800,1012,0,3.5627,0.1019,01111011
EXSH0001,2016-10-22T12:27:27Z,48.3600,-4.7800,1012,0,3.4847,0.089,01111011
EXSH0001,2016-10-22T12:32:27Z,48.3600,-4.7800,1012,0,3.4138,0.0741,01111011
EXSH0001,2016-10-22T12:37:27Z,48.3600,-4.7800,1012,0,3.3639,0.0921,01111011
EXSH0001,2016-10-22T12:42:27Z,48.3600,-4.7800,1012,0,3.3089,0.1071,01111011
EXSH0001,2016-10-22T12:47:27Z,48.3600,-4.7800,1012,0,3.2427,0.108,01111011
EXSH0001,2016-10-22T12:52:27Z,48.3600,-4.7800,1012,0,3.1708,0.099,01111011
EXSH0001,2016-10-22T12:57:27Z,48.3600,-4.7800,1012,0,3.1145,0.1027,01111011
EXSH0001,2016-10-22T13:02:27Z,48.3600,-4.7800,1011.1,0,3.067,0.1252,01111011
EXSH0001,2016-10-22T13:07:27Z,48.3600,-4.7800,1011.1,0,2.9875,0.1057,01111011
EXSH0001,2016-10-22T13:12:27Z,48.3600,-4.7800,1011.1,0,2.9492,0.1274,01111011
EXSH0001,2016-10-22T13:17:27Z,48.3600,-4.7800,1011.1,0,2.8946,0.1328,01111011
EXSH0001,2016-10-22T13:22:27Z,48.3600,-4.7800,1011.1,0,2.8471,0.1353,01111011
EXSH0001,2016-10-22T13:27:27Z,48.3600,-4.7800,1011.1,0,2.8011,0.1423,01111011
EXSH0001,2016-10-22T13:32:27Z,48.3600,-4.7800,1011.1,0,2.7601,0.1429,01111011
EXSH0001,2016-10-22T13:37:27Z,48.3600,-4.7800,1011.1,0,2.7189,0.1485,01111011
EXSH0001,2016-10-22T13:42:27Z,48.3600,-4.7800,1011.1,0,2.6563,0.1391,01111011
EXSH0001,2016-10-22T13:47:27Z,48.3600,-4.7800,1011.1,0,2.6055,0.1319,01111011
EXSH0001,2016-10-22T13:52:27Z,48.3600,-4.7800,1011.1,0,2.5589,0.1235,01111011
EXSH0001,2016-10-22T13:57:27Z,48.3600,-4.7800,1011.1,0,2.5288,0.1352,01111011
EXSH0001,2016-10-22T14:02:27Z,48.3600,-4.7800,1010.6,0,2.498,0.1426,01111011
EXSH0001,2016-10-22T14:07:27Z,48.3600,-4.7800,1010.6,0,2.4497,0.1261,01111011
EXSH0001,2016-10-22T14:12:27Z,48.3600,-4.7800,1010.6,0,2.4284,0.1348,01111011
EXSH0001,2016-10-22T14:17:27Z,48.3600,-4.7800,1010.6,0,2.3901,0.1265,01111011
EXSH0001,2016-10-22T14:22:27Z,48.3600,-4.7800,1010.6,0,2.361,0.1192,01111011
EXSH0001,2016-10-22T14:27:27Z,48.3600,-4.7800,1010.6,0,2.3626,0.1458,01111011
EXSH0001,2016-10-22T14:32:27Z,48.3600,-4.7800,1010.6,0,2.3363,0.1309,01111011
EXSH0001,2016-10-22T14:37:27Z,48.3600,-4.7800,1010.6,0,2.3304,0.14,01111011
EXSH0001,2016-10-22T14:42:27Z,48.3600,-4.7800,1010.6,0,2.3222,0.1468,01111011
EXSH0001,2016-10-22T14:47:27Z,48.3600,-4.7800,1010.6,0,2.3169,0.1469,01111011
EXSH0001,2016-10-22T14:52:27Z,48.3600,-4.7800,1010.6,0,2.3104,0.1504,01111011
EXSH0001,2016-10-22T14:57:27Z,48.3600,-4.7800,1010.6,0,2.3077,0.1477,01111011
EXSH0001,2016-10-22T15:02:27Z,48.3600,-4.7800,1009.8,0,2.3019,0.1419,01111011
EXSH0001,2016-10-22T15:07:27Z,48.3600,-4.7800,1009.8,0,2.3018,0.1418,01111011
EXSH0001,2016-10-22T15:12:27Z,48.3600,-4.7800,1009.8,0,2.3005,0.1305,01111011
EXSH0001,2016-10-22T15:17:27Z,48.3600,-4.7800,1009.8,0,2.3157,0.1361,01111011
EXSH0001,2016-10-22T15:22:27Z,48.3600,-4.7800,1009.8,0,2.3281,0.1335,01111011
EXSH0001,2016-10-22T15:27:27Z,48.3600,-4.7800,1009.8,0,2.3446,0.1254,01111011
EXSH0001,2016-10-22T15:32:27Z,48.3600,-4.7800,1009.8,0,2.3616,0.1301,01111011
EXSH0001,2016-10-22T15:37:27Z,48.3600,-4.7800,1009.8,0,2.3823,0.1265,01111011
EXSH0001,2016-10-22T15:42:27Z,48.3600,-4.7800,1009.8,0,2.4195,0.1373,01111011
EXSH0001,2016-10-22T15:47:27Z,48.3600,-4.7800,1009.8,0,2.4483,0.1268,01111011
EXSH0001,2016-10-22T15:52:27Z,48.3600,-4.7800,1009.8,0,2.4796,0.1273,01111011
EXSH0001,2016-10-22T15:57:27Z,48.3600,-4.7800,1009.8,0,2.5119,0.1147,01111011
EXSH0001,2016-10-22T16:02:27Z,48.3600,-4.7800,1009.2,0,2.5555,0.1232,01111011
EXSH0001,2016-10-22T16:07:27Z,48.3600,-4.7800,1009.2,0,2.5922,0.1092,01111011
EXSH0001,2016-10-22T16:12:27Z,48.3600,-4.7800,1009.2,0,2.6412,0.109,01111011
EXSH0001,2016-10-22T16:17:27Z,48.3600,-4.7800,1009.2,0,2.7023,0.1193,01111011
EXSH0001,2016-10-22T16:22:27Z,48.3600,-4.7800,1009.2,0,2.7565,0.1135,01111011
EXSH0001,2016-10-22T16:27:27Z,48.3600,-4.7800,1009.2,0,2.8127,0.1097,01111011
EXSH0001,2016-10-22T16:32:27Z,48.3600,-4.7800,1009.2,0,2.8559,0.1083,01111011
EXSH0001,2016-10-22T16:37:27Z,48.3600,-4.7800,1009.2,0,2.9071,0.0995,01111011
EXSH0001,2016-10-22T16:42:27Z,48.3600,-4.7800,1009.2,0,2.9736,0.0991,01111011
EXSH0001,2016-10-22T16:47:27Z,48.3600,-4.7800,1009.2,0,3.049,0.1095,01111011
EXSH0001,2016-10-22T16:52:27Z,48.3600,-4.7800,1009.2,0,3.1119,0.1043,01111011
EXSH0001,2016-10-22T16:57:27Z,48.3600,-4.7800,1009.2,0,3.1738,0.0943,01111011
EXSH0001,2016-10-22T17:02:27Z,48.3600,-4.7800,1009,0,3.2477,0.0932,01111011
EXSH0001,2016-10-22T17:07:27Z,48.3600,-4.7800,1009,0,3.3056,0.0761,01111011
EXSH0001,2016-10-22T17:12:27Z,48.3600,-4.7800,1009,0,3.3743,0.0698,01111011
EXSH0001,2016-10-22T17:17:27Z,48.3600,-4.7800,1009,0,3.4449,0.0654,01111011
EXSH0001,2016-10-22T17:22:27Z,48.3600,-4.7800,1009,0,3.5199,0.0654,01111011
EXSH0001,2016-10-22T17:27:27Z,48.3600,-4.7800,1009,0,3.6081,0.0786,01111011
EXSH0001,2016-10-22T17:32:27Z,48.3600,-4.7800,1009,0,3.67,0.0835,01111011
EXSH0001,2016-10-22T17:37:27Z,48.3600,-4.7800,1009,0,3.7451,0.0836,01111011
EXSH0001,2016-10-22T17:42:27Z,48.3600,-4.7800,1009,0,3.8152,0.0687,01111011
EXSH0001,2016-10-22T17:47:27Z,48.3600,-4.7800,1009,0,3.8741,0.0526,01111011
EXSH0001,2016-10-22T17:52:27Z,48.3600,-4.7800,1009,0,3.9591,0.0626,01111011
EXSH0001,2016-10-22T17:57:27Z,48.3600,-4.7800,1009,0,4.0346,0.0548,01111011
EXSH0001,2016-10-22T18:02:27Z,48.3600,-4.7800,1009.2,0,4.1064,0.0499,01111011
EXSH0001,2016-10-22T18:07:27Z,48.3600,-4.7800,1009.2,0,4.1839,0.0524,01111011
EXSH0001,2016-10-22T18:12:27Z,48.3600,-4.7800,1009.2,0,4.2524,0.0459,01111011
EXSH0001,2016-10-22T18:17:27Z,48.3600,-4.7800,1009.2,0,4.3239,0.0424,01111011
EXSH0001,2016-10-22T18:22:27Z,48.3600,-4.7800,1009.2,0,4.3911,0.0346,01111011
EXSH0001,2016-10-22T18:27:27Z,48.3600,-4.7800,1009.2,0,4.45,0.0185,01111011
EXSH0001,2016-10-22T18:32:27Z,48.3600,-4.7800,1009.2,0,4.5327,0.0452,01111011
EXSH0001,2016-10-22T18:37:27Z,48.3600,-4.7800,1009.2,0,4.6041,0.0516,01111011
EXSH0001,2016-10-22T18:42:27Z,48.3600,-4.7800,1009.2,0,4.668,0.0405,01111011
EXSH0001,2016-10-22T18:47:27Z,48.3600,-4.7800,1009.2,0,4.7337,0.0412,01111011
EXSH0001,2016-10-22T18:52:27Z,48.3600,-4.7800,1009.2,0,4.798,0.04,01111011
EXSH0001,2016-10-22T18:57:27Z,48.3600,-4.7800,1009.2,0,4.8471,0.0191,01111011
EXSH0001,2016-10-22T19:02:27Z,48.3600,-4.7800,1009,0,4.9075,0.01,01111011
EXSH0001,2016-10-22T19:07:27Z,48.3600,-4.7800,1009,0,4.9702,0.0122,01111011
EXSH0001,2016-10-22T19:12:27Z,48.3600,-4.7800,1009,0,5.0431,0.0251,01111011
EXSH0001,2016-10-22T19:17:27Z,48.3600,-4.7800,1009,0,5.108,0.03,01111011
EXSH0001,2016-10-22T19:22:27Z,48.3600,-4.7800,1009,0,5.1683,0.0303,01111011
EXSH0001,2016-10-22T19:27:27Z,48.3600,-4.7800,1009,0,5.2049,0.0169,01111011
EXSH0001,2016-10-22T19:32:27Z,48.3600,-4.7800,1009,0,5.2563,0.0288,01111011
EXSH0001,2016-10-22T19:37:27Z,48.3600,-4.7800,1009,0,5.2987,0.0161,01111011
EXSH0001,2016-10-22T19:42:27Z,48.3600,-4.7800,1009,0,5.3401,0.0126,01111011
EXSH0001,2016-10-22T19:47:27Z,48.3600,-4.7800,1009,0,5.3925,0.0199,01111011
EXSH0001,2016-10-22T19:52:27Z,48.3600,-4.7800,1009,0,5.4383,0.0207,01111011
EXSH0001,2016-10-22T19:57:27Z,48.3600,-4.7800,1009,0,5.4789,0.0263,01111011
EXSH0001,2016-10-22T20:02:27Z,48.3600,-4.7800,1008.8,0,5.5193,0.0276,01111011
EXSH0001,2016-10-22T20:07:27Z,48.3600,-4.7800,1008.8,0,5.5469,0.0252,01111011
EXSH0001,2016-10-22T20:12:27Z,48.3600,-4.7800,1008.8,0,5.5533,0.0016,01111011
EXSH0001,2016-10-22T20:17:27Z,48.3600,-4.7800,1008.8,0,5.5883,0.0066,01111011
EXSH0001,2016-10-22T20:22:27Z,48.3600,-4.7800,1008.8,0,5.6287,0.0229,01111011
EXSH0001,2016-10-22T20:27:27Z,48.3600,-4.7800,1008.8,0,5.6461,0.0252,01111011
EXSH0001,2016-10-22T20:32:27Z,48.3600,-4.7800,1008.8,0,5.6676,0.0355,01111011
EXSH0001,2016-10-22T20:37:27Z,48.3600,-4.7800,1008.8,0,5.6879,0.0408,01111011
EXSH0001,2016-10-22T20:42:27Z,48.3600,-4.7800,1008.8,0,5.6805,0.0205,01111011
EXSH0001,2016-10-22T20:47:27Z,48.3600,-4.7800,1008.8,0,5.6841,0.0171,01111011
EXSH0001,2016-10-22T20:52:27Z,48.3600,-4.7800,1008.8,0,5.6963,0.0263,01111011
EXSH0001,2016-10-22T20:57:27Z,48.3600,-4.7800,1008.8,0,5.7071,0.0371,01111011
EXSH0001,2016-10-22T21:02:27Z,48.3600,-4.7800,1008.4,0,5.7016,0.0416,01111011
EXSH0001,2016-10-22T21:07:27Z,48.3600,-4.7800,1008.4,0,5.6951,0.0422,01111011
EXSH0001,2016-10-22T21:12:27Z,48.3600,-4.7800,1008.4,0,5.6793,0.0313,01111011
EXSH0001,2016-10-22T21:17:27Z,48.3600,-4.7800,1008.4,0,5.6695,0.0366,01111011
EXSH0001,2016-10-22T21:22:27Z,48.3600,-4.7800,1008.4,0,5.6572,0.0492,01111011
EXSH0001,2016-10-22T21:27:27Z,48.3600,-4.7800,1008.4,0,5.6411,0.0482,01111011
EXSH0001,2016-10-22T21:32:27Z,48.3600,-4.7800,1008.4,0,5.6124,0.0388,01111011
EXSH0001,2016-10-22T21:37:27Z,48.3600,-4.7800,1008.4,0,5.5915,0.0447,01111011
EXSH0001,2016-10-22T21:42:27Z,48.3600,-4.7800,1008.4,0,5.5614,0.0378,01111011
EXSH0001,2016-10-22T21:47:27Z,48.3600,-4.7800,1008.4,0,5.5373,0.0469,01111011
EXSH0001,2016-10-22T21:52:27Z,48.3600,-4.7800,1008.4,0,5.4964,0.0428,01111011
EXSH0001,2016-10-22T21:57:27Z,48.3600,-4.7800,1008.4,0,5.4735,0.0531,01111011
EXSH0001,2016-10-22T22:02:27Z,48.3600,-4.7800,1007.8,0,5.4244,0.0408,01111011
EXSH0001,2016-10-22T22:07:27Z,48.3600,-4.7800,1007.8,0,5.3815,0.0379,01111011
EXSH0001,2016-10-22T22:12:27Z,48.3600,-4.7800,1007.8,0,5.3479,0.0425,01111011
EXSH0001,2016-10-22T22:17:27Z,48.3600,-4.7800,1007.8,0,5.3159,0.0555,01111011
EXSH0001,2016-10-22T22:22:27Z,48.3600,-4.7800,1007.8,0,5.2735,0.0581,01111011
EXSH0001,2016-10-22T22:27:27Z,48.3600,-4.7800,1007.8,0,5.2487,0.0783,01111011
EXSH0001,2016-10-22T22:32:27Z,48.3600,-4.7800,1007.8,0,5.205,0.0688,01111011
EXSH0001,2016-10-22T22:37:27Z,48.3600,-4.7800,1007.8,0,5.1591,0.0775,01111011
EXSH0001,2016-10-22T22:42:27Z,48.3600,-4.7800,1007.8,0,5.1109,0.0747,01111011
EXSH0001,2016-10-22T22:47:27Z,48.3600,-4.7800,1007.8,0,5.0755,0.0843,01111011
EXSH0001,2016-10-22T22:52:27Z,48.3600,-4.7800,1007.8,0,5.0241,0.0879,01111011
EXSH0001,2016-10-22T22:57:27Z,48.3600,-4.7800,1007.8,0,4.9688,0.0872,01111011
EXSH0001,2016-10-22T23:02:27Z,48.3600,-4.7800,1007.1,0,4.9336,0.102,01111011
EXSH0001,2016-10-22T23:07:27Z,48.3600,-4.7800,1007.1,0,4.8753,0.0941,01111011
EXSH0001,2016-10-22T23:12:27Z,48.3600,-4.7800,1007.1,0,4.8312,0.105,01111011
EXSH0001,2016-10-22T23:17:27Z,48.3600,-4.7800,1007.1,0,4.778,0.1064,01111011
EXSH0001,2016-10-22T23:22:27Z,48.3600,-4.7800,1007.1,0,4.7199,0.1037,01111011
EXSH0001,2016-10-22T23:27:27Z,48.3600,-4.7800,1007.1,0,4.6831,0.1215,01111011
EXSH0001,2016-10-22T23:32:27Z,48.3600,-4.7800,1007.1,0,4.637,0.12,01111011
EXSH0001,2016-10-22T23:37:27Z,48.3600,-4.7800,1007.1,0,4.5788,0.1161,01111011
EXSH0001,2016-10-22T23:42:27Z,48.3600,-4.7800,1007.1,0,4.5017,0.0947,01111011
EXSH0001,2016-10-22T23:47:27Z,48.3600,-4.7800,1007.1,0,4.4599,0.1129,01111011
EXSH0001,2016-10-22T23:52:27Z,48.3600,-4.7800,1007.1,0,4.4118,0.1248,01111011
EXSH0001,2016-10-22T23:57:27Z,48.3600,-4.7800,1007.1,0,4.3761,0.1434,01111011
EXSH0001,2016-10-23T00:02:27Z,48.3600,-4.7800,1006.4,0,4.3199,0.1429,01111011
EXSH0001,2016-10-23T00:07:27Z,48.3600,-4.7800,1006.4,0,4.2644,0.1474,01111011
EXSH0001,2016-10-23T00:12:27Z,48.3600,-4.7800,1006.4,0,4.2095,0.1525,01111011
EXSH0001,2016-10-23T00:17:27Z,48.3600,-4.7800,1006.4,0,4.15,0.153,01111011
EXSH0001,2016-10-23T00:22:27Z,48.3600,-4.7800,1006.4,0,4.1037,0.1667,01111011
EXSH0001,2016-10-23T00:27:27Z,48.3600,-4.7800,1006.4,0,4.0521,0.1751,01111011
EXSH0001,2016-10-23T00:32:27Z,48.3600,-4.7800,1006.4,0,3.9886,0.1562,01111011
EXSH0001,2016-10-23T00:37:27Z,48.3600,-4.7800,1006.4,0,3.9309,0.1585,01111011
EXSH0001,2016-10-23T00:42:27Z,48.3600,-4.7800,1006.4,0,3.8787,0.1663,01111011
EXSH0001,2016-10-23T00:47:27Z,48.3600,-4.7800,1006.4,0,3.8264,0.174,01111011
EXSH0001,2016-10-23T00:52:27Z,48.3600,-4.7800,1006.4,0,3.7695,0.1771,01111011
EXSH0001,2016-10-23T00:57:27Z,48.3600,-4.7800,1006.4,0,3.7263,0.1939,01111011
EXSH0001,2016-10-23T01:02:27Z,48.3600,-4.7800,1005.3,0,3.6733,0.2009,01111011
EXSH0001,2016-10-23T01:07:27Z,48.3600,-4.7800,1005.3,0,3.6078,0.1854,01111011
EXSH0001,2016-10-23T01:12:27Z,48.3600,-4.7800,1005.3,0,3.5544,0.192,01111011
EXSH0001,2016-10-23T01:17:27Z,48.3600,-4.7800,1005.3,0,3.4859,0.1835,01111011
EXSH0001,2016-10-23T01:22:27Z,48.3600,-4.7800,1005.3,0,3.4265,0.1772,01111011
EXSH0001,2016-10-23T01:27:27Z,48.3600,-4.7800,1005.3,0,3.3881,0.1957,01111011
EXSH0001,2016-10-23T01:32:27Z,48.3600,-4.7800,1005.3,0,3.3354,0.1853,01111011
EXSH0001,2016-10-23T01:37:27Z,48.3600,-4.7800,1005.3,0,3.2835,0.1867,01111011
EXSH0001,2016-10-23T01:42:27Z,48.3600,-4.7800,1005.3,0,3.2271,0.177,01111011
EXSH0001,2016-10-23T01:47:27Z,48.3600,-4.7800,1005.3,0,3.1945,0.1977,01111011
EXSH0001,2016-10-23T01:52:27Z,48.3600,-4.7800,1005.3,0,3.1448,0.1947,01111011
EXSH0001,2016-10-23T01:57:27Z,48.3600,-4.7800,1005.3,0,3.1049,0.1998,01111011
EXSH0001,2016-10-23T02:02:27Z,48.3600,-4.7800,1004.3,0,3.0616,0.2015,01111011
EXSH0001,2016-10-23T02:07:27Z,48.3600,-4.7800,1004.3,0,3.0107,0.1873,01111011
EXSH0001,2016-10-23T02:12:27Z,48.3600,-4.7800,1004.3,0,2.9802,0.2001,01111011
EXSH0001,2016-10-23T02:17:27Z,48.3600,-4.7800,1004.3,0,2.9448,0.2014,01111011
EXSH0001,2016-10-23T02:22:27Z,48.3600,-4.7800,1004.3,0,2.9196,0.2095,01111011
EXSH0001,2016-10-23T02:27:27Z,48.3600,-4.7800,1004.3,0,2.88,0.2066,01111011
EXSH0001,2016-10-23T02:32:27Z,48.3600,-4.7800,1004.3,0,2.8556,0.2046,01111011
EXSH0001,2016-10-23T02:37:27Z,48.3600,-4.7800,1004.3,0,2.8437,0.2182,01111011
EXSH0001,2016-10-23T02:42:27Z,48.3600,-4.7800,1004.3,0,2.8204,0.2194,01111011
EXSH0001,2016-10-23T02:47:27Z,48.3600,-4.7800,1004.3,0,2.7725,0.197,01111011
EXSH0001,2016-10-23T02:52:27Z,48.3600,-4.7800,1004.3,0,2.7711,0.2106,01111011
EXSH0001,2016-10-23T02:57:27Z,48.3600,-4.7800,1004.3,0,2.7453,0.1998,01111011
EXSH0001,2016-10-23T03:02:27Z,48.3600,-4.7800,1002.9,0,2.7263,0.1958,01111011
EXSH0001,2016-10-23T03:07:27Z,48.3600,-4.7800,1002.9,0,2.7004,0.1849,01111011
EXSH0001,2016-10-23T03:12:27Z,48.3600,-4.7800,1002.9,0,2.7078,0.1978,01111011
EXSH0001,2016-10-23T03:17:27Z,48.3600,-4.7800,1002.9,0,2.6889,0.1889,01111011
EXSH0001,2016-10-23T03:22:27Z,48.3600,-4.7800,1002.9,0,2.6847,0.1847,01111011
EXSH0001,2016-10-23T03:27:27Z,48.3600,-4.7800,1002.9,0,2.7237,0.2237,01111011
EXSH0001,2016-10-23T03:32:27Z,48.3600,-4.7800,1002.9,0,2.7307,0.2307,01111011
EXSH0001,2016-10-23T03:37:27Z,48.3600,-4.7800,1002.9,0,2.7188,0.2088,01111011
EXSH0001,2016-10-23T03:42:27Z,48.3600,-4.7800,1002.9,0,2.7355,0.2197,01111011
EXSH0001,2016-10-23T03:47:27Z,48.3600,-4.7800,1002.9,0,2.7579,0.227,01111011
EXSH0001,2016-10-23T03:52:27Z,48.3600,-4.7800,1002.9,0,2.7653,0.2195,01111011
EXSH0001,2016-10-23T03:57:27Z,48.3600,-4.7800,1002.9,0,2.7751,0.2134,01111011
EXSH0001,2016-10-23T04:02:27Z,48.3600,-4.7800,1002.6,0,2.7675,0.1817,01111011
EXSH0001,2016-10-23T04:07:27Z,48.3600,-4.7800,1002.6,0,2.7946,0.1829,01111011
EXSH0001,2016-10-23T04:12:27Z,48.3600,-4.7800,1002.6,0,2.8233,0.1816,01111011
EXSH0001,2016-10-23T04:17:27Z,48.3600,-4.7800,1002.6,0,2.8388,0.1671,01111011
EXSH0001,2016-10-23T04:22:27Z,48.3600,-4.7800,1002.6,0,2.8728,0.1652,01111011
EXSH0001,2016-10-23T04:27:27Z,48.3600,-4.7800,1002.6,0,2.8817,0.1391,01111011
EXSH0001,2016-10-23T04:32:27Z,48.3600,-4.7800,1002.6,0,2.9247,0.1506,01111011
EXSH0001,2016-10-23T05:38:31Z,48.3600,-4.7800,,0,3.6244,0.1324,01119011
EXSH0001,2016-10-23T05:43:31Z,48.3600,-4.7800,,0,3.7008,0.1438,01119011
EXSH0001,2016-10-23T05:48:31Z,48.3600,-4.7800,,0,3.7617,0.1361,01119011
EXSH0001,2016-10-23T05:53:31Z,48.3600,-4.7800,,0,3.834,0.1384,01119011
EXSH0001,2016-10-23T05:58:31Z,48.3600,-4.7800,,0,3.8869,0.1249,01119011
EXSH0001,2016-10-23T06:03:31Z,48.3600,-4.7800,1001,0,3.9408,0.1052,01111011
EXSH0001,2016-10-23T06:08:31Z,48.3600,-4.7800,1001,0,4.0211,0.1191,01111011
EXSH0001,2016-10-23T06:13:31Z,48.3600,-4.7800,1001,0,4.091,0.124,01111011
EXSH0001,2016-10-23T06:18:31Z,48.3600,-4.7800,1001,0,4.1615,0.1195,01111011
EXSH0001,2016-10-23T06:23:31Z,48.3600,-4.7800,1001,0,4.2278,0.1208,01111011
EXSH0001,2016-10-23T06:28:31Z,48.3600,-4.7800,1001,0,4.3104,0.1348,01111011
EXSH0001,2016-10-23T06:33:31Z,48.3600,-4.7800,1001,0,4.3525,0.1235,01111011
EXSH0001,2016-10-23T06:38:31Z,48.3600,-4.7800,1001,0,4.4232,0.1292,01111011
EXSH0001,2016-10-23T06:43:31Z,48.3600,-4.7800,1001,0,4.4939,0.1327,01111011
EXSH0001,2016-10-23T06:48:31Z,48.3600,-4.7800,1001,0,4.5583,0.1271,01111011
EXSH0001,2016-10-23T06:53:31Z,48.3600,-4.7800,1001,0,4.6283,0.1293,01111011
EXSH0001,2016-10-23T06:58:31Z,48.3600,-4.7800,1001,0,4.6927,0.1315,01111011
EXSH0001,2016-10-23T07:03:31Z,48.3600,-4.7800,1000.5,0,4.7513,0.1223,01111011
EXSH0001,2016-10-23T07:08:31Z,48.3600,-4.7800,1000.5,0,4.7905,0.0993,01111011
EXSH0001,2016-10-23T07:13:31Z,48.3600,-4.7800,1000.5,0,4.8609,0.1097,01111011
EXSH0001,2016-10-23T07:18:31Z,48.3600,-4.7800,1000.5,0,4.8932,0.082,01111011
EXSH0001,2016-10-23T07:23:31Z,48.3600,-4.7800,1000.5,0,4.9246,0.0534,01111011
EXSH0001,2016-10-23T07:28:31Z,48.3600,-4.7800,1000.5,0,5.0052,0.074,01111011
EXSH0001,2016-10-23T07:33:31Z,48.3600,-4.7800,1000.5,0,5.0678,0.092,01111011
EXSH0001,2016-10-23T07:38:31Z,48.3600,-4.7800,1000.5,0,5.1237,0.0968,01111011
EXSH0001,2016-10-23T07:43:31Z,48.3600,-4.7800,1000.5,0,5.1709,0.089,01111011
EXSH0001,2016-10-23T07:48:31Z,48.3600,-4.7800,1000.5,0,5.229,0.0932,01111011
EXSH0001,2016-10-23T07:53:31Z,48.3600,-4.7800,1000.5,0,5.2983,0.1125,01111011
EXSH0001,2016-10-23T07:58:31Z,48.3600,-4.7800,1000.5,0,5.3534,0.1166,01111011
EXSH0001,2016-10-23T08:03:31Z,48.3600,-4.7800,1000.3,0,5.3563,0.0744,01111011
EXSH0001,2016-10-23T08:08:31Z,48.3600,-4.7800,1000.3,0,5.4117,0.0848,01111011
EXSH0001,2016-10-23T08:13:31Z,48.3600,-4.7800,1000.3,0,5.4656,0.0977,01111011
EXSH0001,2016-10-23T08:18:31Z,48.3600,-4.7800,1000.3,0,5.4993,0.0924,01111011
EXSH0001,2016-10-23T08:23:31Z,48.3600,-4.7800,1000.3,0,5.5474,0.1055,01111011
EXSH0001,2016-10-23T08:28:31Z,48.3600,-4.7800,1000.3,0,5.6144,0.1365,01111011
EXSH0001,2016-10-23T08:33:31Z,48.3600,-4.7800,1000.3,0,5.6127,0.1125,01111011
EXSH0001,2016-10-23T08:38:31Z,48.3600,-4.7800,1000.3,0,5.6506,0.1204,01111011
EXSH0001,2016-10-23T08:43:31Z,48.3600,-4.7800,1000.3,0,5.6981,0.138,01111011
EXSH0001,2016-10-23T08:48:31Z,48.3600,-4.7800,1000.3,0,5.6942,0.114,01111011
EXSH0001,2016-10-23T08:53:31Z,48.3600,-4.7800,1000.3,0,5.6911,0.091,01111011
EXSH0001,2016-10-23T08:58:31Z,48.3600,-4.7800,1000.3,0,5.7086,0.0935,01111011
EXSH0001,2016-10-23T09:03:31Z,48.3600,-4.7800,999.7,0,5.737,0.1069,01111011
EXSH0001,2016-10-23T09:08:31Z,48.3600,-4.7800,999.7,0,5.7763,0.1312,01111011
EXSH0001,2016-10-23T09:13:31Z,48.3600,-4.7800,999.7,0,5.762,0.1119,01111011
EXSH0001,2016-10-23T09:18:31Z,48.3600,-4.7800,999.7,0,5.7945,0.1345,01111011
EXSH0001,2016-10-23T09:23:31Z,48.3600,-4.7800,999.7,0,5.797,0.137,01111011
EXSH0001,2016-10-23T09:28:31Z,48.3600,-4.7800,999.7,0,5.7826,0.1226,01111011
EXSH0001,2016-10-23T09:33:31Z,48.3600,-4.7800,999.7,0,5.7869,0.1334,01111011
EXSH0001,2016-10-23T09:38:31Z,48.3600,-4.7800,999.7,0,5.7813,0.1328,01111011
EXSH0001,2016-10-23T09:43:31Z,48.3600,-4.7800,999.7,0,5.7675,0.1275,01111011
EXSH0001,2016-10-23T09:48:31Z,48.3600,-4.7800,999.7,0,5.73,0.1015,01111011
EXSH0001,2016-10-23T09:53:31Z,48.3600,-4.7800,999.7,0,5.7732,0.1597,01111011
EXSH0001,2016-10-23T09:58:31Z,48.3600,-4.7800,999.7,0,5.7444,0.1474,01111011
EXSH0001,2016-10-23T10:03:31Z,48.3600,-4.7800,999,0,5.7395,0.166,01111011
EXSH0001,2016-10-23T10:08:31Z,48.3600,-4.7800,999,0,5.7036,0.1551,01111011
EXSH0001,2016-10-23T10:13:31Z,48.3600,-4.7800,999,0,5.6987,0.1717,01111011
EXSH0001,2016-10-23T10:18:31Z,48.3600,-4.7800,999,0,5.6609,0.1639,01111011
EXSH0001,2016-10-23T10:23:31Z,48.3600,-4.7800,999,0,5.6125,0.1455,01111011
EXSH0001,2016-10-23T10:28:31Z,48.3600,-4.7800,999,0,5.5872,0.1502,01111011
EXSH0001,2016-10-23T10:33:31Z,48.3600,-4.7800,999,0,5.5411,0.1292,01111011
EXSH0001,2016-10-23T10:38:31Z,48.3600,-4.7800,999,0,5.5362,0.1616,01111011
EXSH0001,2016-10-23T10:43:31Z,48.3600,-4.7800,999,0,5.4963,0.1544,01111011
EXSH0001,2016-10-23T10:48:31Z,48.3600,-4.7800,999,0,5.4594,0.1625,01111011
EXSH0001,2016-10-23T10:53:31Z,48.3600,-4.7800,999,0,5.4265,0.1646,01111011
EXSH0001,2016-10-23T10:58:31Z,48.3600,-4.7800,999,0,5.3801,0.1632,01111011
EXSH0001,2016-10-23T11:03:31Z,48.3600,-4.7800,999.1,0,5.3347,0.1528,01111011
EXSH0001,2016-10-23T11:08:31Z,48.3600,-4.7800,999.1,0,5.2889,0.152,01111011
EXSH0001,2016-10-23T11:13:31Z,48.3600,-4.7800,999.1,0,5.2405,0.1486,01111011
EXSH0001,2016-10-23T11:18:31Z,48.3600,-4.7800,999.1,0,5.2238,0.1769,01111011
EXSH0001,2016-10-23T11:23:31Z,48.3600,-4.7800,999.1,0,5.1898,0.1879,01111011
EXSH0001,2016-10-23T11:28:31Z,48.3600,-4.7800,999.1,0,5.1412,0.1843,01111011
EXSH0001,2016-10-23T11:33:31Z,48.3600,-4.7800,999.1,0,5.1115,0.1977,01111011
EXSH0001,2016-10-23T11:38:31Z,48.3600,-4.7800,999.1,0,5.0519,0.1841,01111011
EXSH0001,2016-10-23T11:43:31Z,48.3600,-4.7800,999.1,0,4.9922,0.1784,01111011
EXSH0001,2016-10-23T11:48:31Z,48.3600,-4.7800,999.1,0,4.9416,0.1738,01111011
EXSH0001,2016-10-23T11:53:31Z,48.3600,-4.7800,999.1,0,4.9206,0.2068,01111011
EXSH0001,2016-10-23T11:58:31Z,48.3600,-4.7800,999.1,0,4.8687,0.2049,01111011
EXSH0001,2016-10-23T12:03:31Z,48.3600,-4.7800,999,0,4.816,0.2031,01111011
EXSH0001,2016-10-23T12:08:31Z,48.3600,-4.7800,999,0,4.7779,0.22,01111011
EXSH0001,2016-10-23T12:13:31Z,48.3600,-4.7800,999,0,4.7125,0.2087,01111011
EXSH0001,2016-10-23T12:18:31Z,48.3600,-4.7800,999,0,4.6701,0.2163,01111011
EXSH0001,2016-10-23T12:23:31Z,48.3600,-4.7800,999,0,4.6219,0.2281,01111011
EXSH0001,2016-10-23T12:28:31Z,48.3600,-4.7800,999,0,4.5813,0.2375,01111011
EXSH0001,2016-10-23T12:33:31Z,48.3600,-4.7800,999,0,4.5147,0.2157,01111011
EXSH0001,2016-10-23T12:38:31Z,48.3600,-4.7800,999,0,4.4589,0.2199,01111011
EXSH0001,2016-10-23T12:43:31Z,48.3600,-4.7800,999,0,4.4024,0.2182,01111011
EXSH0001,2016-10-23T12:48:31Z,48.3600,-4.7800,999,0,4.3488,0.2198,01111011
EXSH0001,2016-10-23T12:53:31Z,48.3600,-4.7800,999,0,4.2832,0.2142,01111011
EXSH0001,2016-10-23T12:58:31Z,48.3600,-4.7800,999,0,4.248,0.239,01111011
EXSH0001,2016-10-23T13:03:31Z,48.3600,-4.7800,998.9,0,4.2215,0.2725,01111011
EXSH0001,2016-10-23T13:08:31Z,48.3600,-4.7800,998.9,0,4.1565,0.2675,01111011
EXSH0001,2016-10-23T13:13:31Z,48.3600,-4.7800,998.9,0,4.1269,0.2979,01111011
EXSH0001,2016-10-23T13:18:31Z,48.3600,-4.7800,998.9,0,4.0531,0.2841,01111011
EXSH0001,2016-10-23T13:23:31Z,48.3600,-4.7800,998.9,0,3.9903,0.2813,01111011
EXSH0001,2016-10-23T13:28:31Z,48.3600,-4.7800,998.9,0,3.9363,0.2871,01111011
EXSH0001,2016-10-23T13:33:31Z,48.3600,-4.7800,998.9,0,3.8767,0.2623,01111011
EXSH0001,2016-10-23T13:38:31Z,48.3600,-4.7800,998.9,0,3.8157,0.2613,01111011
EXSH0001,2016-10-23T13:43:31Z,48.3600,-4.7800,998.9,0,3.7709,0.2765,01111011
EXSH0001,2016-10-23T13:48:31Z,48.3600,-4.7800,998.9,0,3.7181,0.2837,01111011
EXSH0001,2016-10-23T13:53:31Z,48.3600,-4.7800,998.9,0,3.6635,0.2877,01111011
EXSH0001,2016-10-23T13:58:31Z,48.3600,-4.7800,998.9,0,3.6127,0.2883,01111011
EXSH0001,2016-10-23T14:03:31Z,48.3600,-4.7800,998.8,0,3.5482,0.2824,01111011
EXSH0001,2016-10-23T14:08:31Z,48.3600,-4.7800,998.8,0,3.508,0.2936,01111011
EXSH0001,2016-10-23T14:13:31Z,48.3600,-4.7800,998.8,0,3.4547,0.2903,01111011
EXSH0001,2016-10-23T14:18:31Z,48.3600,-4.7800,998.8,0,3.3925,0.2817,01111011
EXSH0001,2016-10-23T14:23:31Z,48.3600,-4.7800,998.8,0,3.3693,0.3135,01111011
EXSH0001,2016-10-23T14:28:31Z,48.3600,-4.7800,998.8,0,3.3075,0.2967,01111011
EXSH0001,2016-10-23T14:33:31Z,48.3600,-4.7800,998.8,0,3.2534,0.2768,01111011
EXSH0001,2016-10-23T14:38:31Z,48.3600,-4.7800,998.8,0,3.2197,0.2881,01111011
EXSH0001,2016-10-23T14:43:31Z,48.3600,-4.7800,998.8,0,3.1859,0.2993,01111011
EXSH0001,2016-10-23T14:48:31Z,48.3600,-4.7800,998.8,0,3.162,0.3204,01111011
EXSH0001,2016-10-23T14:53:31Z,48.3600,-4.7800,998.8,0,3.0963,0.2919,01111011
EXSH0001,2016-10-23T14:58:31Z,48.3600,-4.7800,998.8,0,3.0749,0.3105,01111011
EXSH0001,2016-10-23T15:03:31Z,48.3600,-4.7800,999.3,0,3.0296,0.303,01111011
EXSH0001,2016-10-23T15:08:31Z,48.3600,-4.7800,999.3,0,2.9848,0.2904,01111011
EXSH0001,2016-10-23T15:13:31Z,48.3600,-4.7800,999.3,0,2.9788,0.3144,01111011
EXSH0001,2016-10-23T15:18:31Z,48.3600,-4.7800,999.3,0,2.9466,0.3122,01111011
EXSH0001,2016-10-23T15:23:31Z,48.3600,-4.7800,999.3,0,2.9079,0.3035,01111011
EXSH0001,2016-10-23T15:28:31Z,48.3600,-4.7800,999.3,0,2.8786,0.2942,01111011
EXSH0001,2016-10-23T15:33:31Z,48.3600,-4.7800,999.3,0,2.8821,0.3161,01111011
EXSH0001,2016-10-23T15:38:31Z,48.3600,-4.7800,999.3,0,2.846,0.295,01111011
EXSH0001,2016-10-23T15:43:31Z,48.3600,-4.7800,999.3,0,2.8355,0.3095,01111011
EXSH0001,2016-10-23T15:48:31Z,48.3600,-4.7800,999.3,0,2.8264,0.3154,01111011
EXSH0001,2016-10-23T15:53:31Z,48.3600,-4.7800,999.3,0,2.8187,0.3127,01111011
EXSH0001,2016-10-23T15:58:31Z,48.3600,-4.7800,999.3,0,2.8099,0.3188,01111011
EXSH0001,2016-10-23T16:03:31Z,48.3600,-4.7800,999.5,0,2.8074,0.3174,01111011
EXSH0001,2016-10-23T16:08:31Z,48.3600,-4.7800,999.5,0,2.8145,0.3245,01111011
EXSH0001,2016-10-23T16:13:31Z,48.3600,-4.7800,999.5,0,2.8039,0.3139,01111011
EXSH0001,2016-10-23T16:18:31Z,48.3600,-4.7800,999.5,0,2.8119,0.3219,01111011
EXSH0001,2016-10-23T16:23:31Z,48.3600,-4.7800,999.5,0,2.8007,0.3068,01111011
EXSH0001,2016-10-23T16:28:31Z,48.3600,-4.7800,999.5,0,2.8088,0.3088,01111011
EXSH0001,2016-10-23T16:33:31Z,48.3600,-4.7800,999.5,0,2.8202,0.3101,01111011
EXSH0001,2016-10-23T16:38:31Z,48.3600,-4.7800,999.5,0,2.8431,0.318,01111011
EXSH0001,2016-10-23T16:43:31Z,48.3600,-4.7800,999.5,0,2.8463,0.3062,01111011
EXSH0001,2016-10-23T16:48:31Z,48.3600,-4.7800,999.5,0,2.8597,0.2995,01111011
EXSH0001,2016-10-23T16:53:31Z,48.3600,-4.7800,999.5,0,2.8609,0.2807,01111011
EXSH0001,2016-10-23T16:58:31Z,48.3600,-4.7800,999.5,0,2.8739,0.2637,01111011
EXSH0001,2016-10-23T17:03:31Z,48.3600,-4.7800,1000.2,0,2.8895,0.2493,01111011
EXSH0001,2016-10-23T17:08:31Z,48.3600,-4.7800,1000.2,0,2.9133,0.2431,01111011
EXSH0001,2016-10-23T17:13:31Z,48.3600,-4.7800,1000.2,0,2.941,0.2408,01111011
EXSH0001,2016-10-23T17:18:31Z,48.3600,-4.7800,1000.2,0,2.9705,0.2352,01111011
EXSH0001,2016-10-23T17:23:31Z,48.3600,-4.7800,1000.2,0,2.9974,0.2271,01111011
EXSH0001,2016-10-23T17:28:31Z,48.3600,-4.7800,1000.2,0,3.0687,0.2534,01111011
EXSH0001,2016-10-23T17:33:31Z,48.3600,-4.7800,1000.2,0,3.1065,0.257,01111011
EXSH0001,2016-10-23T17:38:31Z,48.3600,-4.7800,1000.2,0,3.1131,0.2186,01111011
EXSH0001,2016-10-23T17:43:31Z,48.3600,-4.7800,1000.2,0,3.1559,0.2164,01111011
EXSH0001,2016-10-23T17:48:31Z,48.3600,-4.7800,1000.2,0,3.2192,0.2347,01111011
EXSH0001,2016-10-23T17:53:31Z,48.3600,-4.7800,1000.2,0,3.2542,0.2182,01111011
EXSH0001,2016-10-23T17:58:31Z,48.3600,-4.7800,1000.2,0,3.2921,0.2061,01111011
EXSH0001,2016-10-23T18:03:31Z,48.3600,-4.7800,1000.9,0,3.3282,0.1887,01111011
EXSH0001,2016-10-23T18:08:31Z,48.3600,-4.7800,1000.9,0,3.3848,0.1888,01111011
EXSH0001,2016-10-23T18:13:31Z,48.3600,-4.7800,1000.9,0,3.4367,0.1807,01111011
EXSH0001,2016-10-23T18:18:31Z,48.3600,-4.7800,1000.9,0,3.4917,0.1857,01111011
EXSH0001,2016-10-23T18:23:31Z,48.3600,-4.7800,1000.9,0,3.5508,0.1848,01111011
EXSH0001,2016-10-23T18:28:31Z,48.3600,-4.7800,1000.9,0,3.5958,0.1698,01111011
EXSH0001,2016-10-23T18:33:31Z,48.3600,-4.7800,1000.9,0,3.6617,0.1909,01111011
EXSH0001,2016-10-23T18:38:31Z,48.3600,-4.7800,1000.9,0,3.7025,0.1717,01111011
EXSH0001,2016-10-23T18:43:31Z,48.3600,-4.7800,1000.9,0,3.7592,0.1684,01111011
EXSH0001,2016-10-23T18:48:31Z,48.3600,-4.7800,1000.9,0,3.8095,0.151,01111011
EXSH0001,2016-10-23T18:53:31Z,48.3600,-4.7800,1000.9,0,3.8592,0.1384,01111011
EXSH0001,2016-10-23T18:58:31Z,48.3600,-4.7800,1000.9,0,3.9141,0.1333,01111011
EXSH0001,2016-10-23T19:03:31Z,48.3600,-4.7800,1001.5,0,3.9846,0.1438,01111011
EXSH0001,2016-10-23T19:08:31Z,48.3600,-4.7800,1001.5,0,4.042,0.1335,01111011
EXSH0001,2016-10-23T19:13:31Z,48.3600,-4.7800,1001.5,0,4.1062,0.1354,01111011
EXSH0001,2016-10-23T19:18:31Z,48.3600,-4.7800,1001.5,0,4.1684,0.1376,01111011
EXSH0001,2016-10-23T19:23:31Z,48.3600,-4.7800,1001.5,0,4.204,0.1132,01111011
EXSH0001,2016-10-23T19:28:31Z,48.3600,-4.7800,1001.5,0,4.2589,0.1081,01111011
EXSH0001,2016-10-23T19:33:31Z,48.3600,-4.7800,1001.5,0,4.3279,0.1227,01111011
EXSH0001,2016-10-23T19:38:31Z,48.3600,-4.7800,1001.5,0,4.3563,0.0901,01111011
EXSH0001,2016-10-23T19:43:31Z,48.3600,-4.7800,1001.5,0,4.4162,0.09,01111011
EXSH0001,2016-10-23T19:48:31Z,48.3600,-4.7800,1001.5,0,4.4654,0.0792,01111011
EXSH0001,2016-10-23T19:53:31Z,48.3600,-4.7800,1001.5,0,4.5245,0.0783,01111011
EXSH0001,2016-10-23T19:58:31Z,48.3600,-4.7800,1001.5,0,4.5912,0.085,01111011
EXSH0001,2016-10-23T20:03:31Z,48.3600,-4.7800,1002.1,0,4.6482,0.0911,01111011
EXSH0001,2016-10-23T20:08:31Z,48.3600,-4.7800,1002.1,0,4.6792,0.063,01111011
EXSH0001,2016-10-23T20:13:31Z,48.3600,-4.7800,1002.1,0,4.7488,0.0726,01111011
EXSH0001,2016-10-23T20:18:31Z,48.3600,-4.7800,1002.1,0,4.7928,0.0666,01111011
EXSH0001,2016-10-23T20:23:31Z,48.3600,-4.7800,1002.1,0,4.8267,0.0495,01111011
EXSH0001,2016-10-23T20:28:31Z,48.3600,-4.7800,1002.1,0,4.8895,0.0573,01111011
EXSH0001,2016-10-23T20:33:31Z,48.3600,-4.7800,1002.1,0,4.9145,0.0488,01111011
EXSH0001,2016-10-23T20:38:31Z,48.3600,-4.7800,1002.1,0,4.9895,0.0687,01111011
EXSH0001,2016-10-23T20:43:31Z,48.3600,-4.7800,1002.1,0,5.0281,0.0624,01111011
EXSH0001,2016-10-23T20:48:31Z,48.3600,-4.7800,1002.1,0,5.0724,0.0619,01111011
EXSH0001,2016-10-23T20:53:31Z,48.3600,-4.7800,1002.1,0,5.1069,0.0612,01111011
EXSH0001,2016-10-23T20:58:31Z,48.3600,-4.7800,1002.1,0,5.1461,0.0556,01111011
EXSH0001,2016-10-23T21:03:31Z,48.3600,-4.7800,1002.8,0,5.1672,0.0415,01111011
EXSH0001,2016-10-23T21:08:31Z,48.3600,-4.7800,1002.8,0,5.1939,0.0332,01111011
EXSH0001,2016-10-23T21:13:31Z,48.3600,-4.7800,1002.8,0,5.2436,0.0431,01111011
EXSH0001,2016-10-23T21:18:31Z,48.3600,-4.7800,1002.8,0,5.2857,0.0552,01111011
EXSH0001,2016-10-23T21:23:31Z,48.3600,-4.7800,1002.8,0,5.3014,0.0461,01111011
EXSH0001,2016-10-23T21:28:31Z,48.3600,-4.7800,1002.8,0,5.3419,0.0614,01111011
EXSH0001,2016-10-23T21:33:31Z,48.3600,-4.7800,1002.8,0,5.3362,0.0348,01111011
EXSH0001,2016-10-23T21:38:31Z,48.3600,-4.7800,1002.8,0,5.3759,0.0595,01111011
EXSH0001,2016-10-23T21:43:31Z,48.3600,-4.7800,1002.8,0,5.4024,0.071,01111011
EXSH0001,2016-10-23T21:48:31Z,48.3600,-4.7800,1002.8,0,5.4391,0.0927,01111011
EXSH0001,2016-10-23T21:53:31Z,48.3600,-4.7800,1002.8,0,5.4252,0.0638,01111011
EXSH0001,2016-10-23T21:58:31Z,48.3600,-4.7800,1002.8,0,5.4477,0.0777,01111011
EXSH0001,2016-10-23T22:03:31Z,48.3600,-4.7800,1003.3,0,5.4639,0.0839,01111011
EXSH0001,2016-10-23T22:08:31Z,48.3600,-4.7800,1003.3,0,5.4836,0.1036,01111011
EXSH0001,2016-10-23T22:13:31Z,48.3600,-4.7800,1003.3,0,5.5059,0.1259,01111011
EXSH0001,2016-10-23T22:18:31Z,48.3600,-4.7800,1003.3,0,5.4767,0.0967,01111011
EXSH0001,2016-10-23T22:23:31Z,48.3600,-4.7800,1003.3,0,5.4755,0.0969,01111011
EXSH0001,2016-10-23T22:28:31Z,48.3600,-4.7800,1003.3,0,5.4701,0.1001,01111011
EXSH0001,2016-10-23T22:33:31Z,48.3600,-4.7800,1003.3,0,5.4689,0.1067,01111011
EXSH0001,2016-10-23T22:38:31Z,48.3600,-4.7800,1003.3,0,5.4513,0.1041,01111011
EXSH0001,2016-10-23T22:43:31Z,48.3600,-4.7800,1003.3,0,5.4606,0.1284,01111011
EXSH0001,2016-10-23T22:48:31Z,48.3600,-4.7800,1003.3,0,5.4456,0.1284,01111011
EXSH0001,2016-10-23T22:53:31Z,48.3600,-4.7800,1003.3,0,5.4148,0.1126,01111011
EXSH0001,2016-10-23T22:58:31Z,48.3600,-4.7800,1003.3,0,5.4044,0.12,01111011
EXSH0001,2016-10-23T23:03:31Z,48.3600,-4.7800,1003.8,0,5.3996,0.1374,01111011
EXSH0001,2016-10-23T23:08:31Z,48.3600,-4.7800,1003.8,0,5.3567,0.1223,01111011
EXSH0001,2016-10-23T23:13:31Z,48.3600,-4.7800,1003.8,0,5.3395,0.1273,01111011
EXSH0001,2016-10-23T23:18:31Z,48.3600,-4.7800,1003.8,0,5.3241,0.1397,01111011
EXSH0001,2016-10-23T23:23:31Z,48.3600,-4.7800,1003.8,0,5.3011,0.1467,01111011
EXSH0001,2016-10-23T23:28:31Z,48.3600,-4.7800,1003.8,0,5.2719,0.1475,01111011
EXSH0001,2016-10-23T23:33:31Z,48.3600,-4.7800,1003.8,0,5.2597,0.1576,01111011
EXSH0001,2016-10-23T23:38:31Z,48.3600,-4.7800,1003.8,0,5.2297,0.1576,01111011
EXSH0001,2016-10-23T23:43:31Z,48.3600,-4.7800,1003.8,0,5.1978,0.1657,01111011
EXSH0001,2016-10-23T23:48:31Z,48.3600,-4.7800,1003.8,0,5.1543,0.1522,01111011
EXSH0001,2016-10-23T23:53:31Z,48.3600,-4.7800,1003.8,0,5.1217,0.1596,01111011
EXSH0001,2016-10-23T23:58:31Z,48.3600,-4.7800,1003.8,0,5.0775,0.1543,01111011
EXSH0001,2016-10-24T00:03:31Z,48.3600,-4.7800,1003.5,0,5.0495,0.1674,01111011
EXSH0001,2016-10-24T00:08:31Z,48.3600,-4.7800,1003.5,0,5.0145,0.1713,01111011
EXSH0001,2016-10-24T00:13:31Z,48.3600,-4.7800,1003.5,0,4.9832,0.1811,01111011
EXSH0001,2016-10-24T00:18:31Z,48.3600,-4.7800,1003.5,0,4.9406,0.1774,01111011
EXSH0001,2016-10-24T00:23:31Z,48.3600,-4.7800,1003.5,0,4.8913,0.1731,01111011
EXSH0001,2016-10-24T00:28:31Z,48.3600,-4.7800,1003.5,0,4.8517,0.1786,01111011
EXSH0001,2016-10-24T00:33:31Z,48.3600,-4.7800,1003.5,0,4.8003,0.1506,01111011
EXSH0001,2016-10-24T00:38:31Z,48.3600,-4.7800,1003.5,0,4.7598,0.1551,01111011
EXSH0001,2016-10-24T00:43:31Z,48.3600,-4.7800,1003.5,0,4.7459,0.1863,01111011
EXSH0001,2016-10-24T00:48:31Z,48.3600,-4.7800,1003.5,0,4.6958,0.1911,01111011
EXSH0001,2016-10-24T00:53:31Z,48.3600,-4.7800,1003.5,0,4.6265,0.1668,01111011
EXSH0001,2016-10-24T00:58:31Z,48.3600,-4.7800,1003.5,0,4.5545,0.1449,01111011
EXSH0001,2016-10-24T01:03:31Z,48.3600,-4.7800,1004.1,0,4.5041,0.1444,01111011
EXSH0001,2016-10-24T01:08:31Z,48.3600,-4.7800,1004.1,0,4.4653,0.1557,01111011
EXSH0001,2016-10-24T01:13:31Z,48.3600,-4.7800,1004.1,0,4.4604,0.2007,01111011
EXSH0001,2016-10-24T01:18:31Z,48.3600,-4.7800,1004.1,0,4.3937,0.1841,01111011
EXSH0001,2016-10-24T01:23:31Z,48.3600,-4.7800,1004.1,0,4.3543,0.1947,01111011
EXSH0001,2016-10-24T01:28:31Z,48.3600,-4.7800,1004.1,0,4.3012,0.1965,01111011
EXSH0001,2016-10-24T01:33:31Z,48.3600,-4.7800,1004.1,0,4.2573,0.1933,01111011
EXSH0001,2016-10-24T01:38:31Z,48.3600,-4.7800,1004.1,0,4.2057,0.1917,01111011
EXSH0001,2016-10-24T01:43:31Z,48.3600,-4.7800,1004.1,0,4.1524,0.1984,01111011
EXSH0001,2016-10-24T01:48:31Z,48.3600,-4.7800,1004.1,0,4.1075,0.2035,01111011
EXSH0001,2016-10-24T01:53:31Z,48.3600,-4.7800,1004.1,0,4.0384,0.1879,01111011
EXSH0001,2016-10-24T01:58:31Z,48.3600,-4.7800,1004.1,0,3.9739,0.1784,01111011
EXSH0001,2016-10-24T02:03:31Z,48.3600,-4.7800,1004.4,0,3.9575,0.2135,01111011
EXSH0001,2016-10-24T02:08:31Z,48.3600,-4.7800,1004.4,0,3.9151,0.2211,01111011
EXSH0001,2016-10-24T02:13:31Z,48.3600,-4.7800,1004.4,0,3.8627,0.2222,01111011
EXSH0001,2016-10-24T02:18:31Z,48.3600,-4.7800,1004.4,0,3.8001,0.2146,01111011
EXSH0001,2016-10-24T02:23:31Z,48.3600,-4.7800,1004.4,0,3.7357,0.2017,01111011
EXSH0001,2016-10-24T02:28:31Z,48.3600,-4.7800,1004.4,0,3.7021,0.2166,01111011
EXSH0001,2016-10-24T02:33:31Z,48.3600,-4.7800,1004.4,0,3.6194,0.1702,01111011
EXSH0001,2016-10-24T02:38:31Z,48.3600,-4.7800,1004.4,0,3.5909,0.194,01111011
EXSH0001,2016-10-24T02:43:31Z,48.3600,-4.7800,1004.4,0,3.5605,0.2086,01111011
EXSH0001,2016-10-24T02:48:31Z,48.3600,-4.7800,1004.4,0,3.4881,0.1812,01111011
EXSH0001,2016-10-24T02:53:31Z,48.3600,-4.7800,1004.4,0,3.4587,0.1968,01111011
EXSH0001,2016-10-24T02:58:31Z,48.3600,-4.7800,1004.4,0,3.3889,0.172,01111011
EXSH0001,2016-10-24T03:03:31Z,48.3600,-4.7800,1004.6,0,3.3765,0.2046,01111011
EXSH0001,2016-10-24T03:08:31Z,48.3600,-4.7800,1004.6,0,3.3155,0.1886,01111011
EXSH0001,2016-10-24T03:13:31Z,48.3600,-4.7800,1004.6,0,3.2867,0.1948,01111011
EXSH0001,2016-10-24T03:18:31Z,48.3600,-4.7800,1004.6,0,3.2366,0.1897,01111011
EXSH0001,2016-10-24T03:23:31Z,48.3600,-4.7800,1004.6,0,3.1863,0.1717,01111011
EXSH0001,2016-10-24T03:28:31Z,48.3600,-4.7800,1004.6,0,3.1626,0.1857,01111011
EXSH0001,2016-10-24T03:33:31Z,48.3600,-4.7800,1004.6,0,3.1305,0.1786,01111011
EXSH0001,2016-10-24T03:38:31Z,48.3600,-4.7800,1004.6,0,3.1205,0.1986,01111011
EXSH0001,2016-10-24T03:43:31Z,48.3600,-4.7800,1004.6,0,3.0774,0.1855,01111011
EXSH0001,2016-10-24T03:48:31Z,48.3600,-4.7800,1004.6,0,3.0543,0.1924,01111011
EXSH0001,2016-10-24T03:53:31Z,48.3600,-4.7800,1004.6,0,3.0467,0.2058,01111011
EXSH0001,2016-10-24T03:58:31Z,48.3600,-4.7800,1004.6,0,3.0163,0.2004,01111011
EXSH0001,2016-10-24T04:03:31Z,48.3600,-4.7800,1004.8,0,2.9797,0.1878,01111011
EXSH0001,2016-10-24T04:08:31Z,48.3600,-4.7800,1004.8,0,2.9439,0.168,01111011
EXSH0001,2016-10-24T04:13:31Z,48.3600,-4.7800,1004.8,0,2.9463,0.1854,01111011
EXSH0001,2016-10-24T04:18:31Z,48.3600,-4.7800,1004.8,0,2.9433,0.1973,01111011
EXSH0001,2016-10-24T04:23:31Z,48.3600,-4.7800,1004.8,0,2.9043,0.1643,01111011
EXSH0001,2016-10-24T04:28:31Z,48.3600,-4.7800,1004.8,0,2.9105,0.1805,01111011
EXSH0001,2016-10-24T05:34:31Z,48.3600,-4.7800,,0,2.9997,0.1409,01119011
EXSH0001,2016-10-24T05:39:31Z,48.3600,-4.7800,,0,3.0163,0.1275,01119011
EXSH0001,2016-10-24T05:44:31Z,48.3600,-4.7800,,0,3.0664,0.1476,01119011
EXSH0001,2016-10-24T05:49:31Z,48.3600,-4.7800,,0,3.0668,0.118,01119011
EXSH0001,2016-10-24T05:54:31Z,48.3600,-4.7800,,0,3.1056,0.1224,01119011
EXSH0001,2016-10-24T05:59:31Z,48.3600,-4.7800,,0,3.1455,0.1267,01119011
EXSH0001,2016-10-24T06:04:31Z,48.3600,-4.7800,1005.6,0,3.1873,0.1285,01111011
EXSH0001,2016-10-24T06:09:31Z,48.3600,-4.7800,1005.6,0,3.2266,0.1284,01111011
EXSH0001,2016-10-24T06:14:31Z,48.3600,-4.7800,1005.6,0,3.2631,0.1199,01111011
EXSH0001,2016-10-24T06:19:31Z,48.3600,-4.7800,1005.6,0,3.2971,0.1089,01111011
EXSH0001,2016-10-24T06:24:31Z,48.3600,-4.7800,1005.6,0,3.3361,0.1029,01111011
EXSH0001,2016-10-24T06:29:31Z,48.3600,-4.7800,1005.6,0,3.3773,0.0991,01111011
EXSH0001,2016-10-24T06:34:31Z,48.3600,-4.7800,1005.6,0,3.4181,0.0957,01111011
EXSH0001,2016-10-24T06:39:31Z,48.3600,-4.7800,1005.6,0,3.4754,0.108,01111011
EXSH0001,2016-10-24T06:44:31Z,48.3600,-4.7800,1005.6,0,3.5355,0.1131,01111011
EXSH0001,2016-10-24T06:49:31Z,48.3600,-4.7800,1005.6,0,3.6022,0.129,01111011
EXSH0001,2016-10-24T06:54:31Z,48.3600,-4.7800,1005.6,0,3.642,0.1096,01111011
EXSH0001,2016-10-24T06:59:31Z,48.3600,-4.7800,1005.6,0,3.7087,0.1255,01111011
EXSH0001,2016-10-24T07:04:31Z,48.3600,-4.7800,1006.5,0,3.7562,0.113,01111011
EXSH0001,2016-10-24T07:09:31Z,48.3600,-4.7800,1006.5,0,3.8088,0.1114,01111011
EXSH0001,2016-10-24T07:14:31Z,48.3600,-4.7800,1006.5,0,3.8559,0.1027,01111011
EXSH0001,2016-10-24T07:19:31Z,48.3600,-4.7800,1006.5,0,3.8956,0.0824,01111011
EXSH0001,2016-10-24T07:24:31Z,48.3600,-4.7800,1006.5,0,3.9637,0.0905,01111011
EXSH0001,2016-10-24T07:29:31Z,48.3600,-4.7800,1006.5,0,4.0229,0.0897,01111011
EXSH0001,2016-10-24T07:34:31Z,48.3600,-4.7800,1006.5,0,4.0533,0.0755,01111011
EXSH0001,2016-10-24T07:39:31Z,48.3600,-4.7800,1006.5,0,4.1051,0.0673,01111011
EXSH0001,2016-10-24T07:44:31Z,48.3600,-4.7800,1006.5,0,4.1539,0.0561,01111011
EXSH0001,2016-10-24T07:49:31Z,48.3600,-4.7800,1006.5,0,4.2085,0.0507,01111011
EXSH0001,2016-10-24T07:54:31Z,48.3600,-4.7800,1006.5,0,4.2721,0.0543,01111011
EXSH0001,2016-10-24T07:59:31Z,48.3600,-4.7800,1006.5,0,4.3499,0.0721,01111011
EXSH0001,2016-10-24T08:04:31Z,48.3600,-4.7800,1007.2,0,4.3891,0.0513,01111011
EXSH0001,2016-10-24T08:09:31Z,48.3600,-4.7800,1007.2,0,4.4307,0.0348,01111011
EXSH0001,2016-10-24T08:14:31Z,48.3600,-4.7800,1007.2,0,4.5251,0.0773,01111011
EXSH0001,2016-10-24T08:19:31Z,48.3600,-4.7800,1007.2,0,4.5522,0.0444,01111011
EXSH0001,2016-10-24T08:24:31Z,48.3600,-4.7800,1007.2,0,4.6225,0.0547,01111011
EXSH0001,2016-10-24T08:29:31Z,48.3600,-4.7800,1007.2,0,4.6671,0.0412,01111011
EXSH0001,2016-10-24T08:34:31Z,48.3600,-4.7800,1007.2,0,4.7268,0.0644,01111011
EXSH0001,2016-10-24T08:39:31Z,48.3600,-4.7800,1007.2,0,4.7878,0.0654,01111011
EXSH0001,2016-10-24T08:44:31Z,48.3600,-4.7800,1007.2,0,4.8567,0.0843,01111011
EXSH0001,2016-10-24T08:49:31Z,48.3600,-4.7800,1007.2,0,4.8755,0.0431,01111011
EXSH0001,2016-10-24T08:54:31Z,48.3600,-4.7800,1007.2,0,4.9093,0.03,01111011
EXSH0001,2016-10-24T08:59:31Z,48.3600,-4.7800,1007.2,0,4.9655,0.0331,01111011
EXSH0001,2016-10-24T09:04:31Z,48.3600,-4.7800,1007.7,0,4.9947,0.0154,01111011
EXSH0001,2016-10-24T09:09:31Z,48.3600,-4.7800,1007.7,0,5.0888,0.0645,01111011
EXSH0001,2016-10-24T09:14:31Z,48.3600,-4.7800,1007.7,0,5.1261,0.0568,01111011
EXSH0001,2016-10-24T09:19:31Z,48.3600,-4.7800,1007.7,0,5.1547,0.0404,01111011
EXSH0001,2016-10-24T09:24:31Z,48.3600,-4.7800,1007.7,0,5.1883,0.029,01111011
EXSH0001,2016-10-24T09:29:31Z,48.3600,-4.7800,1007.7,0,5.2233,0.019,01111011
EXSH0001,2016-10-24T09:34:31Z,48.3600,-4.7800,1007.7,0,5.2615,0.0325,01111011
EXSH0001,2016-10-24T09:39:31Z,48.3600,-4.7800,1007.7,0,5.307,0.038,01111011
EXSH0001,2016-10-24T09:44:31Z,48.3600,-4.7800,1007.7,0,5.3399,0.0409,01111011
EXSH0001,2016-10-24T09:49:31Z,48.3600,-4.7800,1007.7,0,5.4005,0.0715,01111011
EXSH0001,2016-10-24T09:54:31Z,48.3600,-4.7800,1007.7,0,5.4089,0.0499,01111011
EXSH0001,2016-10-24T09:59:31Z,48.3600,-4.7800,1007.7,0,5.4597,0.0707,01111011
EXSH0001,2016-10-24T10:04:31Z,48.3600,-4.7800,1008.4,0,5.4859,0.0764,01111011
EXSH0001,2016-10-24T10:09:31Z,48.3600,-4.7800,1008.4,0,5.4805,0.046,01111011
EXSH0001,2016-10-24T10:14:31Z,48.3600,-4.7800,1008.4,0,5.5007,0.0417,01111011
EXSH0001,2016-10-24T10:19:31Z,48.3600,-4.7800,1008.4,0,5.5151,0.0406,01111011
EXSH0001,2016-10-24T10:24:31Z,48.3600,-4.7800,1008.4,0,5.554,0.0645,01111011
EXSH0001,2016-10-24T10:29:31Z,48.3600,-4.7800,1008.4,0,5.5839,0.0894,01111011
EXSH0001,2016-10-24T10:34:31Z,48.3600,-4.7800,1008.4,0,5.5941,0.0884,01111011
EXSH0001,2016-10-24T10:39:31Z,48.3600,-4.7800,1008.4,0,5.5945,0.0845,01111011
EXSH0001,2016-10-24T10:44:31Z,48.3600,-4.7800,1008.4,0,5.5689,0.0589,01111011
EXSH0001,2016-10-24T10:49:31Z,48.3600,-4.7800,1008.4,0,5.5745,0.0552,01111011
EXSH0001,2016-10-24T10:54:31Z,48.3600,-4.7800,1008.4,0,5.5725,0.0625,01111011
EXSH0001,2016-10-24T10:59:31Z,48.3600,-4.7800,1008.4,0,5.5909,0.0809,01111011
EXSH0001,2016-10-24T11:04:31Z,48.3600,-4.7800,1009,0,5.6039,0.0996,01111011
EXSH0001,2016-10-24T11:09:31Z,48.3600,-4.7800,1009,0,5.5755,0.0762,01111011
EXSH0001,2016-10-24T11:14:31Z,48.3600,-4.7800,1009,0,5.5808,0.0965,01111011
EXSH0001,2016-10-24T11:19:31Z,48.3600,-4.7800,1009,0,5.5553,0.086,01111011
EXSH0001,2016-10-24T11:24:31Z,48.3600,-4.7800,1009,0,5.5547,0.1004,01111011
EXSH0001,2016-10-24T11:29:31Z,48.3600,-4.7800,1009,0,5.5585,0.1192,01111011
EXSH0001,2016-10-24T11:34:31Z,48.3600,-4.7800,1009,0,5.5291,0.1032,01111011
EXSH0001,2016-10-24T11:39:31Z,48.3600,-4.7800,1009,0,5.5315,0.1286,01111011
EXSH0001,2016-10-24T11:44:31Z,48.3600,-4.7800,1009,0,5.4755,0.0976,01111011
EXSH0001,2016-10-24T11:49:31Z,48.3600,-4.7800,1009,0,5.4587,0.1028,01111011
EXSH0001,2016-10-24T11:54:31Z,48.3600,-4.7800,1009,0,5.4262,0.0982,01111011
EXSH0001,2016-10-24T11:59:31Z,48.3600,-4.7800,1009,0,5.3883,0.0824,01111011
EXSH0001,2016-10-24T12:04:31Z,48.3600,-4.7800,1009,0,5.3798,0.1039,01111011
EXSH0001,2016-10-24T12:09:31Z,48.3600,-4.7800,1009,0,5.3301,0.0913,01111011
EXSH0001,2016-10-24T12:14:31Z,48.3600,-4.7800,1009,0,5.3294,0.1235,01111011
EXSH0001,2016-10-24T12:19:31Z,48.3600,-4.7800,1009,0,5.2817,0.1058,01111011
EXSH0001,2016-10-24T12:24:31Z,48.3600,-4.7800,1009,0,5.2547,0.1188,01111011
EXSH0001,2016-10-24T12:29:31Z,48.3600,-4.7800,1009,0,5.2023,0.1035,01111011
EXSH0001,2016-10-24T12:34:31Z,48.3600,-4.7800,1009,0,5.18,0.1148,01111011
EXSH0001,2016-10-24T12:39:31Z,48.3600,-4.7800,1009,0,5.1445,0.1142,01111011
EXSH0001,2016-10-24T12:44:31Z,48.3600,-4.7800,1009,0,5.1087,0.1234,01111011
EXSH0001,2016-10-24T12:49:31Z,48.3600,-4.7800,1009,0,5.0508,0.1105,01111011
EXSH0001,2016-10-24T12:54:31Z,48.3600,-4.7800,1009,0,5.0084,0.1132,01111011
EXSH0001,2016-10-24T12:59:31Z,48.3600,-4.7800,1009,0,4.931,0.0807,01111011
EXSH0001,2016-10-24T13:04:31Z,48.3600,-4.7800,1009.3,0,4.9205,0.1153,01111011
EXSH0001,2016-10-24T13:09:31Z,48.3600,-4.7800,1009.3,0,4.8822,0.122,01111011
EXSH0001,2016-10-24T13:14:31Z,48.3600,-4.7800,1009.3,0,4.8519,0.1366,01111011
EXSH0001,2016-10-24T13:19:31Z,48.3600,-4.7800,1009.3,0,4.8092,0.149,01111011
EXSH0001,2016-10-24T13:24:31Z,48.3600,-4.7800,1009.3,0,4.7415,0.1262,01111011
EXSH0001,2016-10-24T13:29:31Z,48.3600,-4.7800,1009.3,0,4.6808,0.1205,01111011
EXSH0001,2016-10-24T13:34:31Z,48.3600,-4.7800,1009.3,0,4.6469,0.1245,01111011
EXSH0001,2016-10-24T13:39:31Z,48.3600,-4.7800,1009.3,0,4.6029,0.1311,01111011
EXSH0001,2016-10-24T13:44:31Z,48.3600,-4.7800,1009.3,0,4.5325,0.1201,01111011
EXSH0001,2016-10-24T13:49:31Z,48.3600,-4.7800,1009.3,0,4.4753,0.1135,01111011
EXSH0001,2016-10-24T13:54:31Z,48.3600,-4.7800,1009.3,0,4.4258,0.1234,01111011
EXSH0001,2016-10-24T13:59:31Z,48.3600,-4.7800,1009.3,0,4.3677,0.1159,01111011
EXSH0001,2016-10-24T14:04:31Z,48.3600,-4.7800,1010,0,4.3344,0.142,01111011
EXSH0001,2016-10-24T14:09:31Z,48.3600,-4.7800,1010,0,4.2815,0.1491,01111011
EXSH0001,2016-10-24T14:14:31Z,48.3600,-4.7800,1010,0,4.2385,0.1561,01111011
EXSH0001,2016-10-24T14:19:31Z,48.3600,-4.7800,1010,0,4.1737,0.1513,01111011
EXSH0001,2016-10-24T14:24:31Z,48.3600,-4.7800,1010,0,4.1181,0.1557,01111011
EXSH0001,2016-10-24T14:29:31Z,48.3600,-4.7800,1010,0,4.0414,0.139,01111011
EXSH0001,2016-10-24T14:34:31Z,48.3600,-4.7800,1010,0,3.9949,0.1281,01111011
EXSH0001,2016-10-24T14:39:31Z,48.3600,-4.7800,1010,0,3.9394,0.1326,01111011
EXSH0001,2016-10-24T14:44:31Z,48.3600,-4.7800,1010,0,3.9046,0.1578,01111011
EXSH0001,2016-10-24T14:49:31Z,48.3600,-4.7800,1010,0,3.854,0.1672,01111011
EXSH0001,2016-10-24T14:54:31Z,48.3600,-4.7800,1010,0,3.8072,0.1704,01111011
EXSH0001,2016-10-24T14:59:31Z,48.3600,-4.7800,1010,0,3.7927,0.2159,01111011
EXSH0001,2016-10-24T15:04:31Z,48.3600,-4.7800,1010.2,0,3.7249,0.2073,01111011
EXSH0001,2016-10-24T15:09:31Z,48.3600,-4.7800,1010.2,0,3.6519,0.1851,01111011
EXSH0001,2016-10-24T15:14:31Z,48.3600,-4.7800,1010.2,0,3.6267,0.2191,01111011
EXSH0001,2016-10-24T15:19:31Z,48.3600,-4.7800,1010.2,0,3.5447,0.1879,01111011
EXSH0001,2016-10-24T15:24:31Z,48.3600,-4.7800,1010.2,0,3.4753,0.1777,01111011
EXSH0001,2016-10-24T15:29:31Z,48.3600,-4.7800,1010.2,0,3.4261,0.1735,01111011
EXSH0001,2016-10-24T15:34:31Z,48.3600,-4.7800,1010.2,0,3.3735,0.1613,01111011
EXSH0001,2016-10-24T15:39:31Z,48.3600,-4.7800,1010.2,0,3.349,0.1868,01111011
EXSH0001,2016-10-24T15:44:31Z,48.3600,-4.7800,1010.2,0,3.3031,0.194,01111011
EXSH0001,2016-10-24T15:49:31Z,48.3600,-4.7800,1010.2,0,3.2552,0.191,01111011
EXSH0001,2016-10-24T15:54:31Z,48.3600,-4.7800,1010.2,0,3.202,0.1829,01111011
EXSH0001,2016-10-24T15:59:31Z,48.3600,-4.7800,1010.2,0,3.1449,0.1707,01111011
EXSH0001,2016-10-24T16:04:31Z,48.3600,-4.7800,1010.8,0,3.105,0.1759,01111011
EXSH0001,2016-10-24T16:09:31Z,48.3600,-4.7800,1010.8,0,3.0763,0.1821,01111011
EXSH0001,2016-10-24T16:14:31Z,48.3600,-4.7800,1010.8,0,3.0406,0.1915,01111011
EXSH0001,2016-10-24T16:19:31Z,48.3600,-4.7800,1010.8,0,2.9806,0.1645,01111011
EXSH0001,2016-10-24T16:24:31Z,48.3600,-4.7800,1010.8,0,2.9461,0.1669,01111011
EXSH0001,2016-10-24T16:29:31Z,48.3600,-4.7800,1010.8,0,2.9104,0.1643,01111011
EXSH0001,2016-10-24T16:34:31Z,48.3600,-4.7800,1010.8,0,2.8735,0.1497,01111011
EXSH0001,2016-10-24T16:39:31Z,48.3600,-4.7800,1010.8,0,2.8625,0.1687,01111011
EXSH0001,2016-10-24T16:44:31Z,48.3600,-4.7800,1010.8,0,2.8382,0.1644,01111011
EXSH0001,2016-10-24T16:49:31Z,48.3600,-4.7800,1010.8,0,2.8098,0.166,01111011
EXSH0001,2016-10-24T16:54:31Z,48.3600,-4.7800,1010.8,0,2.8091,0.1822,01111011
EXSH0001,2016-10-24T16:59:31Z,48.3600,-4.7800,1010.8,0,2.7721,0.1683,01111011
EXSH0001,2016-10-24T17:04:31Z,48.3600,-4.7800,1011.3,0,2.7306,0.1437,01111011
EXSH0001,2016-10-24T17:09:31Z,48.3600,-4.7800,1011.3,0,2.7089,0.137,01111011
EXSH0001,2016-10-24T17:14:31Z,48.3600,-4.7800,1011.3,0,2.7173,0.1504,01111011
EXSH0001,2016-10-24T17:19:31Z,48.3600,-4.7800,1011.3,0,2.6993,0.1393,01111011
EXSH0001,2016-10-24T17:24:31Z,48.3600,-4.7800,1011.3,0,2.6717,0.1217,01111011
EXSH0001,2016-10-24T17:29:31Z,48.3600,-4.7800,1011.3,0,2.6959,0.1459,01111011
EXSH0001,2016-10-24T17:34:31Z,48.3600,-4.7800,1011.3,0,2.6695,0.1195,01111011
EXSH0001,2016-10-24T17:39:31Z,48.3600,-4.7800,1011.3,0,2.6746,0.1246,01111011
EXSH0001,2016-10-24T17:44:31Z,48.3600,-4.7800,1011.3,0,2.7056,0.1556,01111011
EXSH0001,2016-10-24T17:49:31Z,48.3600,-4.7800,1011.3,0,2.7039,0.1439,01111011
EXSH0001,2016-10-24T17:54:31Z,48.3600,-4.7800,1011.3,0,2.7252,0.1557,01111011
EXSH0001,2016-10-24T17:59:31Z,48.3600,-4.7800,1011.3,0,2.7354,0.1509,01111011
EXSH0001,2016-10-24T18:04:31Z,48.3600,-4.7800,1012,0,2.7571,0.1576,01111011
EXSH0001,2016-10-24T18:09:31Z,48.3600,-4.7800,1012,0,2.7533,0.1388,01111011
EXSH0001,2016-10-24T18:14:31Z,48.3600,-4.7800,1012,0,2.7757,0.1367,01111011
EXSH0001,2016-10-24T18:19:31Z,48.3600,-4.7800,1012,0,2.7817,0.1227,01111011
EXSH0001,2016-10-24T18:24:31Z,48.3600,-4.7800,1012,0,2.8131,0.1241,01111011
EXSH0001,2016-10-24T18:29:31Z,48.3600,-4.7800,1012,0,2.8377,0.1287,01111011
EXSH0001,2016-10-24T18:34:31Z,48.3600,-4.7800,1012,0,2.8793,0.1479,01111011
EXSH0001,2016-10-24T18:39:31Z,48.3600,-4.7800,1012,0,2.8943,0.1229,01111011
EXSH0001,2016-10-24T18:44:31Z,48.3600,-4.7800,1012,0,2.9057,0.1043,01111011
EXSH0001,2016-10-24T18:49:31Z,48.3600,-4.7800,1012,0,2.9382,0.0968,01111011
EXSH0001,2016-10-24T18:54:31Z,48.3600,-4.7800,1012,0,2.9555,0.0784,01111011
EXSH0001,2016-10-24T18:59:31Z,48.3600,-4.7800,1012,0,2.9953,0.0739,01111011
EXSH0001,2016-10-24T19:04:31Z,48.3600,-4.7800,1013,0,3.0486,0.0915,01111011
EXSH0001,2016-10-24T19:09:31Z,48.3600,-4.7800,1013,0,3.0962,0.0941,01111011
EXSH0001,2016-10-24T19:14:31Z,48.3600,-4.7800,1013,0,3.1467,0.0939,01111011
EXSH0001,2016-10-24T19:19:31Z,48.3600,-4.7800,1013,0,3.1941,0.092,01111011
EXSH0001,2016-10-24T19:24:31Z,48.3600,-4.7800,1013,0,3.2229,0.0758,01111011
EXSH0001,2016-10-24T19:29:31Z,48.3600,-4.7800,1013,0,3.2805,0.0784,01111011
EXSH0001,2016-10-24T19:34:31Z,48.3600,-4.7800,1013,0,3.3245,0.0863,01111011
EXSH0001,2016-10-24T19:39:31Z,48.3600,-4.7800,1013,0,3.3789,0.0807,01111011
EXSH0001,2016-10-24T19:44:31Z,48.3600,-4.7800,1013,0,3.4363,0.0881,01111011
EXSH0001,2016-10-24T19:49:31Z,48.3600,-4.7800,1013,0,3.4871,0.0789,01111011
EXSH0001,2016-10-24T19:54:31Z,48.3600,-4.7800,1013,0,3.5389,0.0707,01111011
EXSH0001,2016-10-24T19:59:31Z,48.3600,-4.7800,1013,0,3.5791,0.058,01111011
EXSH0001,2016-10-24T20:04:31Z,48.3600,-4.7800,1013.8,0,3.6309,0.0527,01111011
EXSH0001,2016-10-24T20:09:31Z,48.3600,-4.7800,1013.8,0,3.6893,0.0511,01111011
EXSH0001,2016-10-24T20:14:31Z,48.3600,-4.7800,1013.8,0,3.7381,0.0378,01111011
EXSH0001,2016-10-24T20:19:31Z,48.3600,-4.7800,1013.8,0,3.8069,0.0387,01111011
EXSH0001,2016-10-24T20:24:31Z,48.3600,-4.7800,1013.8,0,3.864,0.0358,01111011
EXSH0001,2016-10-24T20:29:31Z,48.3600,-4.7800,1013.8,0,3.9109,0.0227,01111011
EXSH0001,2016-10-24T20:34:31Z,48.3600,-4.7800,1013.8,0,3.9877,0.0547,01111011
EXSH0001,2016-10-24T20:39:31Z,48.3600,-4.7800,1013.8,0,4.0257,0.0294,01111011
EXSH0001,2016-10-24T20:44:31Z,48.3600,-4.7800,1013.8,0,4.0871,0.0241,01111011
EXSH0001,2016-10-24T20:49:31Z,48.3600,-4.7800,1013.8,0,4.148,0.025,01111011
EXSH0001,2016-10-24T20:54:31Z,48.3600,-4.7800,1013.8,0,4.2011,0.0181,01111011
EXSH0001,2016-10-24T20:59:31Z,48.3600,-4.7800,1013.8,0,4.2641,0.0211,01111011
EXSH0001,2016-10-24T21:04:31Z,48.3600,-4.7800,1014.6,0,4.3225,0.0112,01111011
EXSH0001,2016-10-24T21:09:31Z,48.3600,-4.7800,1014.6,0,4.372,-0.001,01111011
EXSH0001,2016-10-24T21:14:31Z,48.3600,-4.7800,1014.6,0,4.4226,-0.0104,01111011
EXSH0001,2016-10-24T21:19:31Z,48.3600,-4.7800,1014.6,0,4.4884,-0.0046,01111011
EXSH0001,2016-10-24T21:24:31Z,48.3600,-4.7800,1014.6,0,4.5687,0.024,01111011
EXSH0001,2016-10-24T21:29:31Z,48.3600,-4.7800,1014.6,0,4.6224,0.0194,01111011
EXSH0001,2016-10-24T21:34:31Z,48.3600,-4.7800,1014.6,0,4.6708,0.0232,01111011
EXSH0001,2016-10-24T21:39:31Z,48.3600,-4.7800,1014.6,0,4.7051,-0.0025,01111011
EXSH0001,2016-10-24T21:44:31Z,48.3600,-4.7800,1014.6,0,4.7596,0.002,01111011
EXSH0001,2016-10-24T21:49:31Z,48.3600,-4.7800,1014.6,0,4.8154,0.0072,01111011
EXSH0001,2016-10-24T21:54:31Z,48.3600,-4.7800,1014.6,0,4.8482,-0.015,01111011
EXSH0001,2016-10-24T21:59:31Z,48.3600,-4.7800,1014.6,0,4.8811,-0.0271,01111011
EXSH0001,2016-10-24T22:04:31Z,48.3600,-4.7800,1015.4,0,4.9615,0.0039,01111011
EXSH0001,2016-10-24T22:09:31Z,48.3600,-4.7800,1015.4,0,5.0332,0.025,01111011
EXSH0001,2016-10-24T22:14:31Z,48.3600,-4.7800,1015.4,0,5.0745,0.0313,01111011
EXSH0001,2016-10-24T22:19:31Z,48.3600,-4.7800,1015.4,0,5.099,0.0108,01111011
EXSH0001,2016-10-24T22:24:31Z,48.3600,-4.7800,1015.4,0,5.1483,0.0195,01111011
EXSH0001,2016-10-24T22:29:31Z,48.3600,-4.7800,1015.4,0,5.1719,0.0037,01111011
EXSH0001,2016-10-24T22:34:31Z,48.3600,-4.7800,1015.4,0,5.2121,0.0205,01111011
EXSH0001,2016-10-24T22:39:31Z,48.3600,-4.7800,1015.4,0,5.2739,0.0523,01111011
EXSH0001,2016-10-24T22:44:31Z,48.3600,-4.7800,1015.4,0,5.288,0.0364,01111011
EXSH0001,2016-10-24T22:49:31Z,48.3600,-4.7800,1015.4,0,5.3207,0.0391,01111011
EXSH0001,2016-10-24T22:54:31Z,48.3600,-4.7800,1015.4,0,5.353,0.0514,01111011
EXSH0001,2016-10-24T22:59:31Z,48.3600,-4.7800,1015.4,0,5.3545,0.0287,01111011
EXSH0001,2016-10-24T23:04:31Z,48.3600,-4.7800,1015.7,0,5.37,0.0192,01111011
EXSH0001,2016-10-24T23:09:31Z,48.3600,-4.7800,1015.7,0,5.3879,0.0221,01111011
EXSH0001,2016-10-24T23:14:31Z,48.3600,-4.7800,1015.7,0,5.4139,0.0339,01111011
EXSH0001,2016-10-24T23:19:31Z,48.3600,-4.7800,1015.7,0,5.4463,0.0605,01111011
EXSH0001,2016-10-24T23:24:31Z,48.3600,-4.7800,1015.7,0,5.4754,0.0754,01111011
EXSH0001,2016-10-24T23:29:31Z,48.3600,-4.7800,1015.7,0,5.4883,0.0883,01111011
EXSH0001,2016-10-24T23:34:31Z,48.3600,-4.7800,1015.7,0,5.4551,0.0481,01111011
EXSH0001,2016-10-24T23:39:31Z,48.3600,-4.7800,1015.7,0,5.4497,0.0397,01111011
EXSH0001,2016-10-24T23:44:31Z,48.3600,-4.7800,1015.7,0,5.4418,0.0318,01111011
EXSH0001,2016-10-24T23:49:31Z,48.3600,-4.7800,1015.7,0,5.4463,0.0463,01111011
EXSH0001,2016-10-24T23:54:31Z,48.3600,-4.7800,1015.7,0,5.4552,0.0552,01111011
EXSH0001,2016-10-24T23:59:31Z,48.3600,-4.7800,1015.7,0,5.4659,0.0779,01111011
EXSH0001,2016-10-25T00:04:31Z,48.3600,-4.7800,1016.3,0,5.4595,0.0795,01111011
EXSH0001,2016-10-25T00:09:31Z,48.3600,-4.7800,1016.3,0,5.436,0.0679,01111011
EXSH0001,2016-10-25T00:14:31Z,48.3600,-4.7800,1016.3,0,5.3982,0.0452,01111011
EXSH0001,2016-10-25T00:19:31Z,48.3600,-4.7800,1016.3,0,5.3789,0.0508,01111011
EXSH0001,2016-10-25T00:24:31Z,48.3600,-4.7800,1016.3,0,5.3524,0.0394,01111011
EXSH0001,2016-10-25T00:29:31Z,48.3600,-4.7800,1016.3,0,5.3431,0.055,01111011
EXSH0001,2016-10-25T00:34:31Z,48.3600,-4.7800,1016.3,0,5.3301,0.0463,01111011
EXSH0001,2016-10-25T00:39:31Z,48.3600,-4.7800,1016.3,0,5.3125,0.0587,01111011
EXSH0001,2016-10-25T00:44:31Z,48.3600,-4.7800,1016.3,0,5.286,0.0591,01111011
EXSH0001,2016-10-25T00:49:31Z,48.3600,-4.7800,1016.3,0,5.2546,0.0508,01111011
EXSH0001,2016-10-25T00:54:31Z,48.3600,-4.7800,1016.3,0,5.2325,0.0687,01111011
EXSH0001,2016-10-25T00:59:31Z,48.3600,-4.7800,1016.3,0,5.2124,0.0786,01111011
EXSH0001,2016-10-25T01:04:31Z,48.3600,-4.7800,1016.7,0,5.1686,0.0679,01111011
EXSH0001,2016-10-25T01:09:31Z,48.3600,-4.7800,1016.7,0,5.117,0.0532,01111011
EXSH0001,2016-10-25T01:14:31Z,48.3600,-4.7800,1016.7,0,5.0673,0.0435,01111011
EXSH0001,2016-10-25T01:19:31Z,48.3600,-4.7800,1016.7,0,5.0397,0.054,01111011
EXSH0001,2016-10-25T01:24:31Z,48.3600,-4.7800,1016.7,0,5.0137,0.073,01111011
EXSH0001,2016-10-25T01:29:31Z,48.3600,-4.7800,1016.7,0,4.9662,0.0705,01111011
EXSH0001,2016-10-25T01:34:31Z,48.3600,-4.7800,1016.7,0,4.9256,0.0546,01111011
EXSH0001,2016-10-25T01:39:31Z,48.3600,-4.7800,1016.7,0,4.8767,0.0547,01111011
EXSH0001,2016-10-25T01:44:31Z,48.3600,-4.7800,1016.7,0,4.8367,0.0652,01111011
EXSH0001,2016-10-25T01:49:31Z,48.3600,-4.7800,1016.7,0,4.8005,0.074,01111011
EXSH0001,2016-10-25T01:54:31Z,48.3600,-4.7800,1016.7,0,4.7548,0.0733,01111011
EXSH0001,2016-10-25T01:59:31Z,48.3600,-4.7800,1016.7,0,4.7253,0.0988,01111011
EXSH0001,2016-10-25T02:04:31Z,48.3600,-4.7800,1017.3,0,4.6659,0.0844,01111011
EXSH0001,2016-10-25T02:09:31Z,48.3600,-4.7800,1017.3,0,4.6151,0.0886,01111011
EXSH0001,2016-10-25T02:14:31Z,48.3600,-4.7800,1017.3,0,4.5507,0.0787,01111011
EXSH0001,2016-10-25T02:19:31Z,48.3600,-4.7800,1017.3,0,4.4886,0.0666,01111011
EXSH0001,2016-10-25T02:24:31Z,48.3600,-4.7800,1017.3,0,4.4417,0.0702,01111011
EXSH0001,2016-10-25T02:29:31Z,48.3600,-4.7800,1017.3,0,4.4056,0.0891,01111011
EXSH0001,2016-10-25T02:34:31Z,48.3600,-4.7800,1017.3,0,4.3479,0.0707,01111011
EXSH0001,2016-10-25T02:39:31Z,48.3600,-4.7800,1017.3,0,4.3081,0.0902,01111011
EXSH0001,2016-10-25T02:44:31Z,48.3600,-4.7800,1017.3,0,4.2649,0.0977,01111011
EXSH0001,2016-10-25T02:49:31Z,48.3600,-4.7800,1017.3,0,4.2143,0.1064,01111011
EXSH0001,2016-10-25T02:54:31Z,48.3600,-4.7800,1017.3,0,4.1499,0.0927,01111011
EXSH0001,2016-10-25T02:59:31Z,48.3600,-4.7800,1017.3,0,4.0932,0.096,01111011
EXSH0001,2016-10-25T03:04:31Z,48.3600,-4.7800,1017.3,0,4.0313,0.0884,01111011
EXSH0001,2016-10-25T03:09:31Z,48.3600,-4.7800,1017.3,0,3.9717,0.0845,01111011
EXSH0001,2016-10-25T03:14:31Z,48.3600,-4.7800,1017.3,0,3.9331,0.1059,01111011
EXSH0001,2016-10-25T03:19:31Z,48.3600,-4.7800,1017.3,0,3.8776,0.1004,01111011
EXSH0001,2016-10-25T03:24:31Z,48.3600,-4.7800,1017.3,0,3.8132,0.096,01111011
EXSH0001,2016-10-25T03:29:31Z,48.3600,-4.7800,1017.3,0,3.7584,0.0912,01111011
EXSH0001,2016-10-25T03:34:31Z,48.3600,-4.7800,1017.3,0,3.7041,0.0823,01111011
EXSH0001,2016-10-25T03:39:31Z,48.3600,-4.7800,1017.3,0,3.6447,0.0759,01111011
EXSH0001,2016-10-25T03:44:31Z,48.3600,-4.7800,1017.3,0,3.6004,0.0886,01111011
EXSH0001,2016-10-25T03:49:31Z,48.3600,-4.7800,1017.3,0,3.5319,0.073,01111011
EXSH0001,2016-10-25T03:54:31Z,48.3600,-4.7800,1017.3,0,3.4935,0.0896,01111011
EXSH0001,2016-10-25T03:59:31Z,48.3600,-4.7800,1017.3,0,3.4439,0.0851,01111011
EXSH0001,2016-10-25T04:04:31Z,48.3600,-4.7800,1017.7,0,3.4029,0.0991,01111011
EXSH0001,2016-10-25T04:09:31Z,48.3600,-4.7800,1017.7,0,3.359,0.1002,01111011
EXSH0001,2016-10-25T04:14:31Z,48.3600,-4.7800,1017.7,0,3.3006,0.0968,01111011
EXSH0001,2016-10-25T04:19:31Z,48.3600,-4.7800,1017.7,0,3.2302,0.0714,01111011
EXSH0001,2016-10-25T04:24:31Z,48.3600,-4.7800,1017.7,0,3.1693,0.0554,01111011
EXSH0001,2016-10-25T04:29:31Z,48.3600,-4.7800,1017.7,0,3.1207,0.0519,01111011
EXSH0001,2016-10-25T05:35:27Z,48.3600,-4.7800,,0,2.7213,0.0285,01119011
EXSH0001,2016-10-25T05:40:27Z,48.3600,-4.7800,,0,2.7187,0.0409,01119011
EXSH0001,2016-10-25T05:45:27Z,48.3600,-4.7800,,0,2.6902,0.0202,01119011
EXSH0001,2016-10-25T05:50:27Z,48.3600,-4.7800,,0,2.7143,0.0543,01119011
EXSH0001,2016-10-25T05:55:27Z,48.3600,-4.7800,,0,2.6955,0.0355,01119011
EXSH0001,2016-10-25T06:00:27Z,48.3600,-4.7800,1018.4,0,2.6573,0.0073,01111011
EXSH0001,2016-10-25T06:05:27Z,48.3600,-4.7800,1018.4,0,2.6681,0.0181,01111011
EXSH0001,2016-10-25T06:10:27Z,48.3600,-4.7800,1018.4,0,2.6709,0.0109,01111011
EXSH0001,2016-10-25T06:15:27Z,48.3600,-4.7800,1018.4,0,2.685,0.025,01111011
EXSH0001,2016-10-25T06:20:27Z,48.3600,-4.7800,1018.4,0,2.6858,0.0136,01111011
EXSH0001,2016-10-25T06:25:27Z,48.3600,-4.7800,1018.4,0,2.7078,0.0278,01111011
EXSH0001,2016-10-25T06:30:27Z,48.3600,-4.7800,1018.4,0,2.7283,0.0361,01111011
EXSH0001,2016-10-25T06:35:27Z,48.3600,-4.7800,1018.4,0,2.7692,0.0656,01111011
EXSH0001,2016-10-25T06:40:27Z,48.3600,-4.7800,1018.4,0,2.7775,0.0503,01111011
EXSH0001,2016-10-25T06:45:27Z,48.3600,-4.7800,1018.4,0,2.7665,0.0193,01111011
EXSH0001,2016-10-25T06:50:27Z,48.3600,-4.7800,1018.4,0,2.7783,0.0097,01111011
EXSH0001,2016-10-25T06:55:27Z,48.3600,-4.7800,1018.4,0,2.795,-0.0022,01111011
EXSH0001,2016-10-25T07:00:27Z,48.3600,-4.7800,1019.2,0,2.836,0.0088,01111011
EXSH0001,2016-10-25T07:05:27Z,48.3600,-4.7800,1019.2,0,2.8918,0.0346,01111011
EXSH0001,2016-10-25T07:10:27Z,48.3600,-4.7800,1019.2,0,2.9084,0.0212,01111011
EXSH0001,2016-10-25T07:15:27Z,48.3600,-4.7800,1019.2,0,2.9231,0.0023,01111011
EXSH0001,2016-10-25T07:20:27Z,48.3600,-4.7800,1019.2,0,2.9635,0.0063,01111011
EXSH0001,2016-10-25T07:25:27Z,48.3600,-4.7800,1019.2,0,2.9976,-0.0032,01111011
EXSH0001,2016-10-25T07:30:27Z,48.3600,-4.7800,1019.2,0,3.0308,-0.015,01111011
EXSH0001,2016-10-25T07:35:27Z,48.3600,-4.7800,1019.2,0,3.0757,-0.0036,01111011
EXSH0001,2016-10-25T07:40:27Z,48.3600,-4.7800,1019.2,0,3.1105,-0.0137,01111011
EXSH0001,2016-10-25T07:45:27Z,48.3600,-4.7800,1019.2,0,3.1646,-0.0046,01111011
EXSH0001,2016-10-25T07:50:27Z,48.3600,-4.7800,1019.2,0,3.1923,-0.0267,01111011
EXSH0001,2016-10-25T07:55:27Z,48.3600,-4.7800,1019.2,0,3.2397,-0.0295,01111011
EXSH0001,2016-10-25T08:00:27Z,48.3600,-4.7800,1020.2,0,3.2935,-0.0308,01111011
EXSH0001,2016-10-25T08:05:27Z,48.3600,-4.7800,1020.2,0,3.3494,-0.0296,01111011
EXSH0001,2016-10-25T08:10:27Z,48.3600,-4.7800,1020.2,0,3.4099,-0.0244,01111011
EXSH0001,2016-10-25T08:15:27Z,48.3600,-4.7800,1020.2,0,3.4693,-0.0197,01111011
EXSH0001,2016-10-25T08:20:27Z,48.3600,-4.7800,1020.2,0,3.5319,-0.0171,01111011
EXSH0001,2016-10-25T08:25:27Z,48.3600,-4.7800,1020.2,0,3.5837,-0.0253,01111011
EXSH0001,2016-10-25T08:30:27Z,48.3600,-4.7800,1020.2,0,3.6409,-0.0281,01111011
EXSH0001,2016-10-25T08:35:27Z,48.3600,-4.7800,1020.2,0,3.7139,-0.0056,01111011
EXSH0001,2016-10-25T08:40:27Z,48.3600,-4.7800,1020.2,0,3.7697,-0.0139,01111011
EXSH0001,2016-10-25T08:45:27Z,48.3600,-4.7800,1020.2,0,3.8112,-0.0324,01111011
EXSH0001,2016-10-25T08:50:27Z,48.3600,-4.7800,1020.2,0,3.884,-0.0296,01111011
EXSH0001,2016-10-25T08:55:27Z,48.3600,-4.7800,1020.2,0,3.9449,-0.0287,01111011
EXSH0001,2016-10-25T09:00:27Z,48.3600,-4.7800,1020.8,0,3.9929,-0.0507,01111011
EXSH0001,2016-10-25T09:05:27Z,48.3600,-4.7800,1020.8,0,4.0733,-0.0303,01111011
EXSH0001,2016-10-25T09:10:27Z,48.3600,-4.7800,1020.8,0,4.1511,-0.0225,01111011
EXSH0001,2016-10-25T09:15:27Z,48.3600,-4.7800,1020.8,0,4.1788,-0.0548,01111011
EXSH0001,2016-10-25T09:20:27Z,48.3600,-4.7800,1020.8,0,4.2387,-0.0649,01111011
EXSH0001,2016-10-25T09:25:27Z,48.3600,-4.7800,1020.8,0,4.3155,-0.054,01111011
EXSH0001,2016-10-25T09:30:27Z,48.3600,-4.7800,1020.8,0,4.3665,-0.0671,01111011
EXSH0001,2016-10-25T09:35:27Z,48.3600,-4.7800,1020.8,0,4.4209,-0.0583,01111011
EXSH0001,2016-10-25T09:40:27Z,48.3600,-4.7800,1020.8,0,4.4745,-0.072,01111011
EXSH0001,2016-10-25T09:45:27Z,48.3600,-4.7800,1020.8,0,4.537,-0.0722,01111011
EXSH0001,2016-10-25T09:50:27Z,48.3600,-4.7800,1020.8,0,4.6167,-0.0525,01111011
EXSH0001,2016-10-25T09:55:27Z,48.3600,-4.7800,1020.8,0,4.6768,-0.0547,01111011
EXSH0001,2016-10-25T10:00:27Z,48.3600,-4.7800,1021.4,0,4.7335,-0.0657,01111011
EXSH0001,2016-10-25T10:05:27Z,48.3600,-4.7800,1021.4,0,4.8059,-0.051,01111011
EXSH0001,2016-10-25T10:10:27Z,48.3600,-4.7800,1021.4,0,4.8365,-0.0727,01111011
EXSH0001,2016-10-25T10:15:27Z,48.3600,-4.7800,1021.4,0,4.8779,-0.0913,01111011
EXSH0001,2016-10-25T10:20:27Z,48.3600,-4.7800,1021.4,0,4.931,-0.0909,01111011
EXSH0001,2016-10-25T10:25:27Z,48.3600,-4.7800,1021.4,0,4.9751,-0.1018,01111011
EXSH0001,2016-10-25T10:30:27Z,48.3600,-4.7800,1021.4,0,5.0401,-0.0891,01111011
EXSH0001,2016-10-25T10:35:27Z,48.3600,-4.7800,1021.4,0,5.0895,-0.076,01111011
EXSH0001,2016-10-25T10:40:27Z,48.3600,-4.7800,1021.4,0,5.1333,-0.0807,01111011
EXSH0001,2016-10-25T10:45:27Z,48.3600,-4.7800,1021.4,0,5.1831,-0.0824,01111011
EXSH0001,2016-10-25T10:50:27Z,48.3600,-4.7800,1021.4,0,5.2441,-0.0629,01111011
EXSH0001,2016-10-25T10:55:27Z,48.3600,-4.7800,1021.4,0,5.2717,-0.0738,01111011
EXSH0001,2016-10-25T11:00:27Z,48.3600,-4.7800,1021.6,0,5.3073,-0.0797,01111011
EXSH0001,2016-10-25T11:05:27Z,48.3600,-4.7800,1021.6,0,5.3529,-0.0726,01111011
EXSH0001,2016-10-25T11:10:27Z,48.3600,-4.7800,1021.6,0,5.3931,-0.0639,01111011
EXSH0001,2016-10-25T11:15:27Z,48.3600,-4.7800,1021.6,0,5.4196,-0.0674,01111011
EXSH0001,2016-10-25T11:20:27Z,48.3600,-4.7800,1021.6,0,5.4615,-0.0555,01111011
EXSH0001,2016-10-25T11:25:27Z,48.3600,-4.7800,1021.6,0,5.4834,-0.0636,01111011
EXSH0001,2016-10-25T11:30:27Z,48.3600,-4.7800,1021.6,0,5.5048,-0.0622,01111011
EXSH0001,2016-10-25T11:35:27Z,48.3600,-4.7800,1021.6,0,5.5279,-0.0569,01111011
EXSH0001,2016-10-25T11:40:27Z,48.3600,-4.7800,1021.6,0,5.5598,-0.0499,01111011
EXSH0001,2016-10-25T11:45:27Z,48.3600,-4.7800,1021.6,0,5.584,-0.0409,01111011
EXSH0001,2016-10-25T11:50:27Z,48.3600,-4.7800,1021.6,0,5.5787,-0.0513,01111011
EXSH0001,2016-10-25T11:55:27Z,48.3600,-4.7800,1021.6,0,5.5737,-0.0712,01111011
EXSH0001,2016-10-25T12:00:27Z,48.3600,-4.7800,1021.4,0,5.6035,-0.0465,01111011
EXSH0001,2016-10-25T12:05:27Z,48.3600,-4.7800,1021.4,0,5.6107,-0.0493,01111011
EXSH0001,2016-10-25T12:10:27Z,48.3600,-4.7800,1021.4,0,5.6203,-0.0397,01111011
EXSH0001,2016-10-25T12:15:27Z,48.3600,-4.7800,1021.4,0,5.6183,-0.0417,01111011
EXSH0001,2016-10-25T12:20:27Z,48.3600,-4.7800,1021.4,0,5.6308,-0.0194,01111011
EXSH0001,2016-10-25T12:25:27Z,48.3600,-4.7800,1021.4,0,5.6076,-0.0376,01111011
EXSH0001,2016-10-25T12:30:27Z,48.3600,-4.7800,1021.4,0,5.6133,-0.0267,01111011
EXSH0001,2016-10-25T12:35:27Z,48.3600,-4.7800,1021.4,0,5.5932,-0.0357,01111011
EXSH0001,2016-10-25T12:40:27Z,48.3600,-4.7800,1021.4,0,5.5823,-0.0316,01111011
EXSH0001,2016-10-25T12:45:27Z,48.3600,-4.7800,1021.4,0,5.5696,-0.0283,01111011
EXSH0001,2016-10-25T12:50:27Z,48.3600,-4.7800,1021.4,0,5.5402,-0.0338,01111011
EXSH0001,2016-10-25T12:55:27Z,48.3600,-4.7800,1021.4,0,5.5263,-0.0316,01111011
EXSH0001,2016-10-25T13:00:27Z,48.3600,-4.7800,1021.4,0,5.5145,-0.0134,01111011
EXSH0001,2016-10-25T13:05:27Z,48.3600,-4.7800,1021.4,0,5.5023,0.0044,01111011
EXSH0001,2016-10-25T13:10:27Z,48.3600,-4.7800,1021.4,0,5.4708,0.0029,01111011
EXSH0001,2016-10-25T13:15:27Z,48.3600,-4.7800,1021.4,0,5.4239,-0.014,01111011
EXSH0001,2016-10-25T13:20:27Z,48.3600,-4.7800,1021.4,0,5.3907,-0.0172,01111011
EXSH0001,2016-10-25T13:25:27Z,48.3600,-4.7800,1021.4,0,5.3527,-0.0152,01111011
EXSH0001,2016-10-25T13:30:27Z,48.3600,-4.7800,1021.4,0,5.3135,-0.0183,01111011
EXSH0001,2016-10-25T13:35:27Z,48.3600,-4.7800,1021.4,0,5.2751,-0.0233,01111011
EXSH0001,2016-10-25T13:40:27Z,48.3600,-4.7800,1021.4,0,5.2371,-0.0163,01111011
EXSH0001,2016-10-25T13:45:27Z,48.3600,-4.7800,1021.4,0,5.1838,-0.0246,01111011
EXSH0001,2016-10-25T13:50:27Z,48.3600,-4.7800,1021.4,0,5.1373,-0.0261,01111011
EXSH0001,2016-10-25T13:55:27Z,48.3600,-4.7800,1021.4,0,5.1023,-0.0161,01111011
EXSH0001,2016-10-25T14:00:27Z,48.3600,-4.7800,1022,0,5.0505,-0.0229,01111011
EXSH0001,2016-10-25T14:05:27Z,48.3600,-4.7800,1022,0,4.9881,-0.0331,01111011
EXSH0001,2016-10-25T14:10:27Z,48.3600,-4.7800,1022,0,4.9508,-0.0204,01111011
EXSH0001,2016-10-25T14:15:27Z,48.3600,-4.7800,1022,0,4.9093,-0.0091,01111011
EXSH0001,2016-10-25T14:20:27Z,48.3600,-4.7800,1022,0,4.8515,-0.0119,01111011
EXSH0001,2016-10-25T14:25:27Z,48.3600,-4.7800,1022,0,4.8239,0.0127,01111011
EXSH0001,2016-10-25T14:30:27Z,48.3600,-4.7800,1022,0,4.7637,0.0125,01111011
EXSH0001,2016-10-25T14:35:27Z,48.3600,-4.7800,1022,0,4.7122,0.003,01111011
EXSH0001,2016-10-25T14:40:27Z,48.3600,-4.7800,1022,0,4.6633,0.0077,01111011
EXSH0001,2016-10-25T14:45:27Z,48.3600,-4.7800,1022,0,4.5949,-0.0007,01111011
EXSH0001,2016-10-25T14:50:27Z,48.3600,-4.7800,1022,0,4.531,-0.0046,01111011
EXSH0001,2016-10-25T14:55:27Z,48.3600,-4.7800,1022,0,4.4798,0.0042,01111011
EXSH0001,2016-10-25T15:00:27Z,48.3600,-4.7800,1022.4,0,4.4317,0.0161,01111011
EXSH0001,2016-10-25T15:05:27Z,48.3600,-4.7800,1022.4,0,4.3663,0.0107,01111011
EXSH0001,2016-10-25T15:10:27Z,48.3600,-4.7800,1022.4,0,4.3119,0.0249,01111011
EXSH0001,2016-10-25T15:15:27Z,48.3600,-4.7800,1022.4,0,4.245,0.0194,01111011
EXSH0001,2016-10-25T15:20:27Z,48.3600,-4.7800,1022.4,0,4.1937,0.0281,01111011
EXSH0001,2016-10-25T15:25:27Z,48.3600,-4.7800,1022.4,0,4.1499,0.0479,01111011
EXSH0001,2016-10-25T15:30:27Z,48.3600,-4.7800,1022.4,0,4.0809,0.0453,01111011
EXSH0001,2016-10-25T15:35:27Z,48.3600,-4.7800,1022.4,0,3.9984,0.0074,01111011
EXSH0001,2016-10-25T15:40:27Z,48.3600,-4.7800,1022.4,0,3.9403,0.0193,01111011
EXSH0001,2016-10-25T15:45:27Z,48.3600,-4.7800,1022.4,0,3.8819,0.0209,01111011
EXSH0001,2016-10-25T15:50:27Z,48.3600,-4.7800,1022.4,0,3.8181,0.0219,01111011
EXSH0001,2016-10-25T15:55:27Z,48.3600,-4.7800,1022.4,0,3.7616,0.0306,01111011
EXSH0001,2016-10-25T16:00:27Z,48.3600,-4.7800,1022.8,0,3.7058,0.0396,01111011
EXSH0001,2016-10-25T16:05:27Z,48.3600,-4.7800,1022.8,0,3.657,0.056,01111011
EXSH0001,2016-10-25T16:10:27Z,48.3600,-4.7800,1022.8,0,3.5921,0.0511,01111011
EXSH0001,2016-10-25T16:15:27Z,48.3600,-4.7800,1022.8,0,3.5108,0.0395,01111011
EXSH0001,2016-10-25T16:20:27Z,48.3600,-4.7800,1022.8,0,3.4616,0.0506,01111011
EXSH0001,2016-10-25T16:25:27Z,48.3600,-4.7800,1022.8,0,3.4031,0.0521,01111011
EXSH0001,2016-10-25T16:30:27Z,48.3600,-4.7800,1022.8,0,3.3319,0.0409,01111011
EXSH0001,2016-10-25T16:35:27Z,48.3600,-4.7800,1022.8,0,3.2854,0.039,01111011
EXSH0001,2016-10-25T16:40:27Z,48.3600,-4.7800,1022.8,0,3.2351,0.0487,01111011
EXSH0001,2016-10-25T16:45:27Z,48.3600,-4.7800,1022.8,0,3.1637,0.0373,01111011
EXSH0001,2016-10-25T16:50:27Z,48.3600,-4.7800,1022.8,0,3.1172,0.0508,01111011
EXSH0001,2016-10-25T16:55:27Z,48.3600,-4.7800,1022.8,0,3.06,0.0477,01111011
EXSH0001,2016-10-25T17:00:27Z,48.3600,-4.7800,1023.1,0,2.9946,0.0373,01111011
EXSH0001,2016-10-25T17:05:27Z,48.3600,-4.7800,1023.1,0,2.9267,0.0203,01111011
EXSH0001,2016-10-25T17:10:27Z,48.3600,-4.7800,1023.1,0,2.881,0.0237,01111011
EXSH0001,2016-10-25T17:15:27Z,48.3600,-4.7800,1023.1,0,2.8345,0.0222,01111011
EXSH0001,2016-10-25T17:20:27Z,48.3600,-4.7800,1023.1,0,2.7929,0.0356,01111011
EXSH0001,2016-10-25T17:25:27Z,48.3600,-4.7800,1023.1,0,2.7379,0.0197,01111011
EXSH0001,2016-10-25T17:30:27Z,48.3600,-4.7800,1023.1,0,2.7159,0.0386,01111011
EXSH0001,2016-10-25T17:35:27Z,48.3600,-4.7800,1023.1,0,2.6697,0.0243,01111011
EXSH0001,2016-10-25T17:40:27Z,48.3600,-4.7800,1023.1,0,2.6207,0.0126,01111011
EXSH0001,2016-10-25T17:45:27Z,48.3600,-4.7800,1023.1,0,2.5994,0.024,01111011
EXSH0001,2016-10-25T17:50:27Z,48.3600,-4.7800,1023.1,0,2.5699,0.0245,01111011
EXSH0001,2016-10-25T17:55:27Z,48.3600,-4.7800,1023.1,0,2.5239,0.0085,01111011
EXSH0001,2016-10-25T18:00:27Z,48.3600,-4.7800,1023.6,0,2.5204,0.035,01111011
EXSH0001,2016-10-25T18:05:27Z,48.3600,-4.7800,1023.6,0,2.4979,0.0402,01111011
EXSH0001,2016-10-25T18:10:27Z,48.3600,-4.7800,1023.6,0,2.4593,0.0239,01111011
EXSH0001,2016-10-25T18:15:27Z,48.3600,-4.7800,1023.6,0,2.4421,0.0244,01111011
EXSH0001,2016-10-25T18:20:27Z,48.3600,-4.7800,1023.6,0,2.4173,0.0146,01111011
EXSH0001,2016-10-25T18:25:27Z,48.3600,-4.7800,1023.6,0,2.4016,0.0139,01111011
EXSH0001,2016-10-25T18:30:27Z,48.3600,-4.7800,1023.6,0,2.3729,-0.0071,01111011
EXSH0001,2016-10-25T18:35:27Z,48.3600,-4.7800,1023.6,0,2.3926,0.0211,01111011
EXSH0001,2016-10-25T18:40:27Z,48.3600,-4.7800,1023.6,0,2.3933,0.0233,01111011
EXSH0001,2016-10-25T18:45:27Z,48.3600,-4.7800,1023.6,0,2.3824,0.0124,01111011
EXSH0001,2016-10-25T18:50:27Z,48.3600,-4.7800,1023.6,0,2.3645,-0.0055,01111011
EXSH0001,2016-10-25T18:55:27Z,48.3600,-4.7800,1023.6,0,2.3661,-0.0039,01111011
EXSH0001,2016-10-25T19:00:27Z,48.3600,-4.7800,1024.3,0,2.3603,-0.0197,01111011
EXSH0001,2016-10-25T19:05:27Z,48.3600,-4.7800,1024.3,0,2.3657,-0.0228,01111011
EXSH0001,2016-10-25T19:10:27Z,48.3600,-4.7800,1024.3,0,2.3961,-0.0074,01111011
EXSH0001,2016-10-25T19:15:27Z,48.3600,-4.7800,1024.3,0,2.4043,-0.0142,01111011
EXSH0001,2016-10-25T19:20:27Z,48.3600,-4.7800,1024.3,0,2.4147,-0.0188,01111011
EXSH0001,2016-10-25T19:25:27Z,48.3600,-4.7800,1024.3,0,2.4294,-0.0276,01111011
EXSH0001,2016-10-25T19:30:27Z,48.3600,-4.7800,1024.3,0,2.4405,-0.043,01111011
EXSH0001,2016-10-25T19:35:27Z,48.3600,-4.7800,1024.3,0,2.4727,-0.027,01111011
EXSH0001,2016-10-25T19:40:27Z,48.3600,-4.7800,1024.3,0,2.4827,-0.047,01111011
EXSH0001,2016-10-25T19:45:27Z,48.3600,-4.7800,1024.3,0,2.5059,-0.0587,01111011
EXSH0001,2016-10-25T19:50:27Z,48.3600,-4.7800,1024.3,0,2.5252,-0.0745,01111011
EXSH0001,2016-10-25T19:55:27Z,48.3600,-4.7800,1024.3,0,2.5608,-0.0789,01111011
EXSH0001,2016-10-25T20:00:27Z,48.3600,-4.7800,1024.7,0,2.6049,-0.0747,01111011
EXSH0001,2016-10-25T20:05:27Z,48.3600,-4.7800,1024.7,0,2.6564,-0.0681,01111011
EXSH0001,2016-10-25T20:10:27Z,48.3600,-4.7800,1024.7,0,2.6907,-0.0789,01111011
EXSH0001,2016-10-25T20:15:27Z,48.3600,-4.7800,1024.7,0,2.7367,-0.0778,01111011
EXSH0001,2016-10-25T20:20:27Z,48.3600,-4.7800,1024.7,0,2.7765,-0.0929,01111011
EXSH0001,2016-10-25T20:25:27Z,48.3600,-4.7800,1024.7,0,2.8257,-0.0937,01111011
EXSH0001,2016-10-25T20:30:27Z,48.3600,-4.7800,1024.7,0,2.8829,-0.0965,01111011
EXSH0001,2016-10-25T20:35:27Z,48.3600,-4.7800,1024.7,0,2.9205,-0.0937,01111011
EXSH0001,2016-10-25T20:40:27Z,48.3600,-4.7800,1024.7,0,2.976,-0.0982,01111011
EXSH0001,2016-10-25T20:45:27Z,48.3600,-4.7800,1024.7,0,3.0468,-0.0884,01111011
EXSH0001,2016-10-25T20:50:27Z,48.3600,-4.7800,1024.7,0,3.1085,-0.0957,01111011
EXSH0001,2016-10-25T20:55:27Z,48.3600,-4.7800,1024.7,0,3.1679,-0.0963,01111011
EXSH0001,2016-10-25T21:00:27Z,48.3600,-4.7800,1025.1,0,3.2166,-0.1136,01111011
EXSH0001,2016-10-25T21:05:27Z,48.3600,-4.7800,1025.1,0,3.2902,-0.105,01111011
EXSH0001,2016-10-25T21:10:27Z,48.3600,-4.7800,1025.1,0,3.339,-0.1313,01111011
EXSH0001,2016-10-25T21:15:27Z,48.3600,-4.7800,1025.1,0,3.4099,-0.1254,01111011
EXSH0001,2016-10-25T21:20:27Z,48.3600,-4.7800,1025.1,0,3.4771,-0.1331,01111011
EXSH0001,2016-10-25T21:25:27Z,48.3600,-4.7800,1025.1,0,3.5321,-0.1432,01111011
EXSH0001,2016-10-25T21:30:27Z,48.3600,-4.7800,1025.1,0,3.6166,-0.1337,01111011
EXSH0001,2016-10-25T21:35:27Z,48.3600,-4.7800,1025.1,0,3.6961,-0.1099,01111011
EXSH0001,2016-10-25T21:40:27Z,48.3600,-4.7800,1025.1,0,3.7731,-0.1079,01111011
EXSH0001,2016-10-25T21:45:27Z,48.3600,-4.7800,1025.1,0,3.8309,-0.1251,01111011
EXSH0001,2016-10-25T21:50:27Z,48.3600,-4.7800,1025.1,0,3.8895,-0.1315,01111011
EXSH0001,2016-10-25T21:55:27Z,48.3600,-4.7800,1025.1,0,3.9568,-0.1392,01111011
EXSH0001,2016-10-25T22:00:27Z,48.3600,-4.7800,1025.3,0,4.0301,-0.1409,01111011
EXSH0001,2016-10-25T22:05:27Z,48.3600,-4.7800,1025.3,0,4.1255,-0.1205,01111011
EXSH0001,2016-10-25T22:10:27Z,48.3600,-4.7800,1025.3,0,4.195,-0.1238,01111011
EXSH0001,2016-10-25T22:15:27Z,48.3600,-4.7800,1025.3,0,4.2555,-0.1305,01111011
EXSH0001,2016-10-25T22:20:27Z,48.3600,-4.7800,1025.3,0,4.3274,-0.1336,01111011
EXSH0001,2016-10-25T22:25:27Z,48.3600,-4.7800,1025.3,0,4.3815,-0.1473,01111011
EXSH0001,2016-10-25T22:30:27Z,48.3600,-4.7800,1025.3,0,4.4629,-0.1381,01111011
EXSH0001,2016-10-25T22:35:27Z,48.3600,-4.7800,1025.3,0,4.5383,-0.1161,01111011
EXSH0001,2016-10-25T22:40:27Z,48.3600,-4.7800,1025.3,0,4.5898,-0.1332,01111011
EXSH0001,2016-10-25T22:45:27Z,48.3600,-4.7800,1025.3,0,4.6476,-0.1368,01111011
EXSH0001,2016-10-25T22:50:27Z,48.3600,-4.7800,1025.3,0,4.7041,-0.1489,01111011
EXSH0001,2016-10-25T22:55:27Z,48.3600,-4.7800,1025.3,0,4.7689,-0.1455,01111011
EXSH0001,2016-10-25T23:00:27Z,48.3600,-4.7800,1025.5,0,4.8332,-0.1412,01111011
EXSH0001,2016-10-25T23:05:27Z,48.3600,-4.7800,1025.5,0,4.8883,-0.1461,01111011
EXSH0001,2016-10-25T23:10:27Z,48.3600,-4.7800,1025.5,0,4.9449,-0.1495,01111011
EXSH0001,2016-10-25T23:15:27Z,48.3600,-4.7800,1025.5,0,5.0196,-0.1248,01111011
EXSH0001,2016-10-25T23:20:27Z,48.3600,-4.7800,1025.5,0,5.0638,-0.132,01111011
EXSH0001,2016-10-25T23:25:27Z,48.3600,-4.7800,1025.5,0,5.1165,-0.1343,01111011
EXSH0001,2016-10-25T23:30:27Z,48.3600,-4.7800,1025.5,0,5.1665,-0.1293,01111011
EXSH0001,2016-10-25T23:35:27Z,48.3600,-4.7800,1025.5,0,5.2113,-0.118,01111011
EXSH0001,2016-10-25T23:40:27Z,48.3600,-4.7800,1025.5,0,5.2519,-0.1223,01111011
EXSH0001,2016-10-25T23:45:27Z,48.3600,-4.7800,1025.5,0,5.2951,-0.1242,01111011
EXSH0001,2016-10-25T23:50:27Z,48.3600,-4.7800,1025.5,0,5.3457,-0.1086,01111011
EXSH0001,2016-10-25T23:55:27Z,48.3600,-4.7800,1025.5,0,5.382,-0.1075,01111011
EXSH0001,2016-10-26T00:00:27Z,48.3600,-4.7800,1025.7,0,5.4209,-0.0986,01111011
EXSH0001,2016-10-26T00:05:27Z,48.3600,-4.7800,1025.7,0,5.4648,-0.0847,01111011
EXSH0001,2016-10-26T00:10:27Z,48.3600,-4.7800,1025.7,0,5.5013,-0.0782,01111011
EXSH0001,2016-10-26T00:15:27Z,48.3600,-4.7800,1025.7,0,5.5228,-0.077,01111011
EXSH0001,2016-10-26T00:20:27Z,48.3600,-4.7800,1025.7,0,5.5249,-0.0946,01111011
EXSH0001,2016-10-26T00:25:27Z,48.3600,-4.7800,1025.7,0,5.5214,-0.1183,01111011
EXSH0001,2016-10-26T00:30:27Z,48.3600,-4.7800,1025.7,0,5.5398,-0.1102,01111011
EXSH0001,2016-10-26T00:35:27Z,48.3600,-4.7800,1025.7,0,5.5658,-0.1001,01111011
EXSH0001,2016-10-26T00:40:27Z,48.3600,-4.7800,1025.7,0,5.5733,-0.1067,01111011
EXSH0001,2016-10-26T00:45:27Z,48.3600,-4.7800,1025.7,0,5.6,-0.08,01111011
EXSH0001,2016-10-26T00:50:27Z,48.3600,-4.7800,1025.7,0,5.5773,-0.1027,01111011
EXSH0001,2016-10-26T00:55:27Z,48.3600,-4.7800,1025.7,0,5.5889,-0.0911,01111011
EXSH0001,2016-10-26T01:00:27Z,48.3600,-4.7800,1025.9,0,5.5779,-0.0921,01111011
EXSH0001,2016-10-26T01:05:27Z,48.3600,-4.7800,1025.9,0,5.571,-0.0931,01111011
EXSH0001,2016-10-26T01:10:27Z,48.3600,-4.7800,1025.9,0,5.5561,-0.093,01111011
EXSH0001,2016-10-26T01:15:27Z,48.3600,-4.7800,1025.9,0,5.5589,-0.0752,01111011
EXSH0001,2016-10-26T01:20:27Z,48.3600,-4.7800,1025.9,0,5.5361,-0.0821,01111011
EXSH0001,2016-10-26T01:25:27Z,48.3600,-4.7800,1025.9,0,5.5371,-0.057,01111011
EXSH0001,2016-10-26T01:30:27Z,48.3600,-4.7800,1025.9,0,5.5024,-0.0658,01111011
EXSH0001,2016-10-26T01:35:27Z,48.3600,-4.7800,1025.9,0,5.4893,-0.0561,01111011
EXSH0001,2016-10-26T01:40:27Z,48.3600,-4.7800,1025.9,0,5.4568,-0.0586,01111011
EXSH0001,2016-10-26T01:45:27Z,48.3600,-4.7800,1025.9,0,5.4224,-0.063,01111011
EXSH0001,2016-10-26T01:50:27Z,48.3600,-4.7800,1025.9,0,5.3767,-0.0714,01111011
EXSH0001,2016-10-26T01:55:27Z,48.3600,-4.7800,1025.9,0,5.3343,-0.0788,01111011
EXSH0001,2016-10-26T02:00:27Z,48.3600,-4.7800,1026.2,0,5.3046,-0.0708,01111011
EXSH0001,2016-10-26T02:05:27Z,48.3600,-4.7800,1026.2,0,5.2629,-0.0702,01111011
EXSH0001,2016-10-26T02:10:27Z,48.3600,-4.7800,1026.2,0,5.2153,-0.0728,01111011
EXSH0001,2016-10-26T02:15:27Z,48.3600,-4.7800,1026.2,0,5.1864,-0.0567,01111011
EXSH0001,2016-10-26T02:20:27Z,48.3600,-4.7800,1026.2,0,5.1409,-0.0499,01111011
EXSH0001,2016-10-26T02:25:27Z,48.3600,-4.7800,1026.2,0,5.0912,-0.0519,01111011
EXSH0001,2016-10-26T02:30:27Z,48.3600,-4.7800,1026.2,0,5.0419,-0.0489,01111011
EXSH0001,2016-10-26T02:35:27Z,48.3600,-4.7800,1026.2,0,4.9951,-0.0594,01111011
EXSH0001,2016-10-26T02:40:27Z,48.3600,-4.7800,1026.2,0,4.9383,-0.0612,01111011
EXSH0001,2016-10-26T02:45:27Z,48.3600,-4.7800,1026.2,0,4.8865,-0.0595,01111011
EXSH0001,2016-10-26T02:50:27Z,48.3600,-4.7800,1026.2,0,4.8409,-0.0486,01111011
EXSH0001,2016-10-26T02:55:27Z,48.3600,-4.7800,1026.2,0,4.7871,-0.0489,01111011
EXSH0001,2016-10-26T03:00:27Z,48.3600,-4.7800,1026.3,0,4.7231,-0.0529,01111011
EXSH0001,2016-10-26T03:05:27Z,48.3600,-4.7800,1026.3,0,4.667,-0.049,01111011
EXSH0001,2016-10-26T03:10:27Z,48.3600,-4.7800,1026.3,0,4.6197,-0.0363,01111011
EXSH0001,2016-10-26T03:15:27Z,48.3600,-4.7800,1026.3,0,4.5693,-0.0267,01111011
EXSH0001,2016-10-26T03:20:27Z,48.3600,-4.7800,1026.3,0,4.4957,-0.0403,01111011
EXSH0001,2016-10-26T03:25:27Z,48.3600,-4.7800,1026.3,0,4.4355,-0.0405,01111011
EXSH0001,2016-10-26T03:30:27Z,48.3600,-4.7800,1026.3,0,4.3779,-0.0346,01111011
EXSH0001,2016-10-26T03:35:27Z,48.3600,-4.7800,1026.3,0,4.3206,-0.04,01111011
EXSH0001,2016-10-26T03:40:27Z,48.3600,-4.7800,1026.3,0,4.256,-0.0446,01111011
EXSH0001,2016-10-26T03:45:27Z,48.3600,-4.7800,1026.3,0,4.2073,-0.0284,01111011
EXSH0001,2016-10-26T03:50:27Z,48.3600,-4.7800,1026.3,0,4.1387,-0.0319,01111011
EXSH0001,2016-10-26T03:55:27Z,48.3600,-4.7800,1026.3,0,4.0617,-0.044,01111011
EXSH0001,2016-10-26T04:00:27Z,48.3600,-4.7800,1026.6,0,4.0045,-0.0361,01111011
EXSH0001,2016-10-26T04:05:27Z,48.3600,-4.7800,1026.6,0,3.9371,-0.0387,01111011
EXSH0001,2016-10-26T04:10:27Z,48.3600,-4.7800,1026.6,0,3.8725,-0.0381,01111011
EXSH0001,2016-10-26T04:15:27Z,48.3600,-4.7800,1026.6,0,3.8223,-0.0183,01111011
EXSH0001,2016-10-26T04:20:27Z,48.3600,-4.7800,1026.6,0,3.7592,-0.0214,01111011
EXSH0001,2016-10-26T04:25:27Z,48.3600,-4.7800,1026.6,0,3.7056,-0.005,01111011
EXSH0001,2016-10-26T04:30:27Z,48.3600,-4.7800,1026.6,0,3.6351,-0.0056,01111011
EXSH0001,2016-10-26T05:36:32Z,48.3600,-4.7800,,0,2.8455,-0.0332,01119011
EXSH0001,2016-10-26T05:41:32Z,48.3600,-4.7800,,0,2.7964,-0.0372,01119011
EXSH0001,2016-10-26T05:46:32Z,48.3600,-4.7800,,0,2.7372,-0.0514,01119011
EXSH0001,2016-10-26T05:51:32Z,48.3600,-4.7800,,0,2.6972,-0.0465,01119011
EXSH0001,2016-10-26T05:56:32Z,48.3600,-4.7800,,0,2.6377,-0.061,01119011
EXSH0001,2016-10-26T06:01:32Z,48.3600,-4.7800,1027.7,0,2.6085,-0.0506,01111011
EXSH0001,2016-10-26T06:06:32Z,48.3600,-4.7800,1027.7,0,2.5636,-0.0555,01111011
EXSH0001,2016-10-26T06:11:32Z,48.3600,-4.7800,1027.7,0,2.5347,-0.049,01111011
EXSH0001,2016-10-26T06:16:32Z,48.3600,-4.7800,1027.7,0,2.4946,-0.0545,01111011
EXSH0001,2016-10-26T06:21:32Z,48.3600,-4.7800,1027.7,0,2.4683,-0.0562,01111011
EXSH0001,2016-10-26T06:26:32Z,48.3600,-4.7800,1027.7,0,2.4338,-0.0653,01111011
EXSH0001,2016-10-26T06:31:32Z,48.3600,-4.7800,1027.7,0,2.4106,-0.0675,01111011
EXSH0001,2016-10-26T06:36:32Z,48.3600,-4.7800,1027.7,0,2.3883,-0.068,01111011
EXSH0001,2016-10-26T06:41:32Z,48.3600,-4.7800,1027.7,0,2.3727,-0.0654,01111011
EXSH0001,2016-10-26T06:46:32Z,48.3600,-4.7800,1027.7,0,2.3603,-0.0629,01111011
EXSH0001,2016-10-26T06:51:32Z,48.3600,-4.7800,1027.7,0,2.3349,-0.0751,01111011
EXSH0001,2016-10-26T06:56:32Z,48.3600,-4.7800,1027.7,0,2.331,-0.0722,01111011
EXSH0001,2016-10-26T07:01:32Z,48.3600,-4.7800,1028,0,2.3067,-0.0914,01111011
EXSH0001,2016-10-26T07:06:32Z,48.3600,-4.7800,1028,0,2.316,-0.074,01111011
EXSH0001,2016-10-26T07:11:32Z,48.3600,-4.7800,1028,0,2.314,-0.076,01111011
EXSH0001,2016-10-26T07:16:32Z,48.3600,-4.7800,1028,0,2.317,-0.0798,01111011
EXSH0001,2016-10-26T07:21:32Z,48.3600,-4.7800,1028,0,2.3165,-0.0853,01111011
EXSH0001,2016-10-26T07:26:32Z,48.3600,-4.7800,1028,0,2.3166,-0.0934,01111011
EXSH0001,2016-10-26T07:31:32Z,48.3600,-4.7800,1028,0,2.3396,-0.0784,01111011
EXSH0001,2016-10-26T07:36:32Z,48.3600,-4.7800,1028,0,2.3497,-0.0833,01111011
EXSH0001,2016-10-26T07:41:32Z,48.3600,-4.7800,1028,0,2.3751,-0.0729,01111011
EXSH0001,2016-10-26T07:46:32Z,48.3600,-4.7800,1028,0,2.3939,-0.0791,01111011
EXSH0001,2016-10-26T07:51:32Z,48.3600,-4.7800,1028,0,2.4075,-0.0885,01111011
EXSH0001,2016-10-26T07:56:32Z,48.3600,-4.7800,1028,0,2.4317,-0.0943,01111011
EXSH0001,2016-10-26T08:01:32Z,48.3600,-4.7800,1028.6,0,2.4467,-0.1093,01111011
EXSH0001,2016-10-26T08:06:32Z,48.3600,-4.7800,1028.6,0,2.474,-0.112,01111011
EXSH0001,2016-10-26T08:11:32Z,48.3600,-4.7800,1028.6,0,2.5041,-0.1199,01111011
EXSH0001,2016-10-26T08:16:32Z,48.3600,-4.7800,1028.6,0,2.5432,-0.1158,01111011
EXSH0001,2016-10-26T08:21:32Z,48.3600,-4.7800,1028.6,0,2.5901,-0.1139,01111011
EXSH0001,2016-10-26T08:26:32Z,48.3600,-4.7800,1028.6,0,2.6252,-0.1238,01111011
EXSH0001,2016-10-26T08:31:32Z,48.3600,-4.7800,1028.6,0,2.6715,-0.1109,01111011
EXSH0001,2016-10-26T08:36:32Z,48.3600,-4.7800,1028.6,0,2.7103,-0.1263,01111011
EXSH0001,2016-10-26T08:41:32Z,48.3600,-4.7800,1028.6,0,2.7573,-0.1293,01111011
EXSH0001,2016-10-26T08:46:32Z,48.3600,-4.7800,1028.6,0,2.8207,-0.1168,01111011
EXSH0001,2016-10-26T08:51:32Z,48.3600,-4.7800,1028.6,0,2.8666,-0.13,01111011
EXSH0001,2016-10-26T08:56:32Z,48.3600,-4.7800,1028.6,0,2.9317,-0.1249,01111011
EXSH0001,2016-10-26T09:01:32Z,48.3600,-4.7800,1029.3,0,2.9746,-0.1461,01111011
EXSH0001,2016-10-26T09:06:32Z,48.3600,-4.7800,1029.3,0,3.0476,-0.139,01111011
EXSH0001,2016-10-26T09:11:32Z,48.3600,-4.7800,1029.3,0,3.1115,-0.1392,01111011
EXSH0001,2016-10-26T09:16:32Z,48.3600,-4.7800,1029.3,0,3.1743,-0.1423,01111011
EXSH0001,2016-10-26T09:21:32Z,48.3600,-4.7800,1029.3,0,3.2466,-0.1441,01111011
EXSH0001,2016-10-26T09:26:32Z,48.3600,-4.7800,1029.3,0,3.3154,-0.1504,01111011
EXSH0001,2016-10-26T09:31:32Z,48.3600,-4.7800,1029.3,0,3.3661,-0.1561,01111011
EXSH0001,2016-10-26T09:36:32Z,48.3600,-4.7800,1029.3,0,3.4555,-0.1323,01111011
EXSH0001,2016-10-26T09:41:32Z,48.3600,-4.7800,1029.3,0,3.5299,-0.1334,01111011
EXSH0001,2016-10-26T09:46:32Z,48.3600,-4.7800,1029.3,0,3.5921,-0.1557,01111011
EXSH0001,2016-10-26T09:51:32Z,48.3600,-4.7800,1029.3,0,3.6712,-0.1515,01111011
EXSH0001,2016-10-26T09:56:32Z,48.3600,-4.7800,1029.3,0,3.7477,-0.1501,01111011
EXSH0001,2016-10-26T10:01:32Z,48.3600,-4.7800,1029.8,0,3.8118,-0.1615,01111011
EXSH0001,2016-10-26T10:06:32Z,48.3600,-4.7800,1029.8,0,3.8832,-0.1746,01111011
EXSH0001,2016-10-26T10:11:32Z,48.3600,-4.7800,1029.8,0,3.9535,-0.1798,01111011
EXSH0001,2016-10-26T10:16:32Z,48.3600,-4.7800,1029.8,0,4.03,-0.1878,01111011
EXSH0001,2016-10-26T10:21:32Z,48.3600,-4.7800,1029.8,0,4.1149,-0.1779,01111011
EXSH0001,2016-10-26T10:26:32Z,48.3600,-4.7800,1029.8,0,4.1969,-0.1708,01111011
EXSH0001,2016-10-26T10:31:32Z,48.3600,-4.7800,1029.8,0,4.263,-0.1675,01111011
EXSH0001,2016-10-26T10:36:32Z,48.3600,-4.7800,1029.8,0,4.3451,-0.1636,01111011
EXSH0001,2016-10-26T10:41:32Z,48.3600,-4.7800,1029.8,0,4.4085,-0.1753,01111011
EXSH0001,2016-10-26T10:46:32Z,48.3600,-4.7800,1029.8,0,4.491,-0.1678,01111011
EXSH0001,2016-10-26T10:51:32Z,48.3600,-4.7800,1029.8,0,4.5732,-0.1606,01111011
EXSH0001,2016-10-26T10:56:32Z,48.3600,-4.7800,1029.8,0,4.6355,-0.1732,01111011
EXSH0001,2016-10-26T11:01:32Z,48.3600,-4.7800,1030.3,0,4.6957,-0.1881,01111011
EXSH0001,2016-10-26T11:06:32Z,48.3600,-4.7800,1030.3,0,4.7674,-0.1896,01111011
EXSH0001,2016-10-26T11:11:32Z,48.3600,-4.7800,1030.3,0,4.8365,-0.1872,01111011
EXSH0001,2016-10-26T11:16:32Z,48.3600,-4.7800,1030.3,0,4.887,-0.2018,01111011
EXSH0001,2016-10-26T11:21:32Z,48.3600,-4.7800,1030.3,0,4.9564,-0.2006,01111011
EXSH0001,2016-10-26T11:26:32Z,48.3600,-4.7800,1030.3,0,5.0291,-0.1979,01111011
EXSH0001,2016-10-26T11:31:32Z,48.3600,-4.7800,1030.3,0,5.0897,-0.1827,01111011
EXSH0001,2016-10-26T11:36:32Z,48.3600,-4.7800,1030.3,0,5.1544,-0.178,01111011
EXSH0001,2016-10-26T11:41:32Z,48.3600,-4.7800,1030.3,0,5.2106,-0.1818,01111011
EXSH0001,2016-10-26T11:46:32Z,48.3600,-4.7800,1030.3,0,5.2574,-0.1869,01111011
EXSH0001,2016-10-26T11:51:32Z,48.3600,-4.7800,1030.3,0,5.3027,-0.1997,01111011
EXSH0001,2016-10-26T11:56:32Z,48.3600,-4.7800,1030.3,0,5.3539,-0.2004,01111011
EXSH0001,2016-10-26T12:01:32Z,48.3600,-4.7800,1030.3,0,5.4069,-0.1924,01111011
EXSH0001,2016-10-26T12:06:32Z,48.3600,-4.7800,1030.3,0,5.4482,-0.1961,01111011
EXSH0001,2016-10-26T12:11:32Z,48.3600,-4.7800,1030.3,0,5.5049,-0.1844,01111011
EXSH0001,2016-10-26T12:16:32Z,48.3600,-4.7800,1030.3,0,5.5419,-0.1924,01111011
EXSH0001,2016-10-26T12:21:32Z,48.3600,-4.7800,1030.3,0,5.5771,-0.1891,01111011
EXSH0001,2016-10-26T12:26:32Z,48.3600,-4.7800,1030.3,0,5.6013,-0.203,01111011
EXSH0001,2016-10-26T12:31:32Z,48.3600,-4.7800,1030.3,0,5.6389,-0.1897,01111011
EXSH0001,2016-10-26T12:36:32Z,48.3600,-4.7800,1030.3,0,5.6593,-0.195,01111011
EXSH0001,2016-10-26T12:41:32Z,48.3600,-4.7800,1030.3,0,5.707,-0.1716,01111011
EXSH0001,2016-10-26T12:46:32Z,48.3600,-4.7800,1030.3,0,5.7057,-0.1886,01111011
EXSH0001,2016-10-26T12:51:32Z,48.3600,-4.7800,1030.3,0,5.7357,-0.1829,01111011
EXSH0001,2016-10-26T12:56:32Z,48.3600,-4.7800,1030.3,0,5.7388,-0.1855,01111011
EXSH0001,2016-10-26T13:01:32Z,48.3600,-4.7800,1030.2,0,5.7634,-0.1759,01111011
EXSH0001,2016-10-26T13:06:32Z,48.3600,-4.7800,1030.2,0,5.7685,-0.1715,01111011
EXSH0001,2016-10-26T13:11:32Z,48.3600,-4.7800,1030.2,0,5.7714,-0.1686,01111011
EXSH0001,2016-10-26T13:16:32Z,48.3600,-4.7800,1030.2,0,5.7709,-0.1691,01111011
EXSH0001,2016-10-26T13:21:32Z,48.3600,-4.7800,1030.2,0,5.7586,-0.1814,01111011
EXSH0001,2016-10-26T13:26:32Z,48.3600,-4.7800,1030.2,0,5.7588,-0.1669,01111011
EXSH0001,2016-10-26T13:31:32Z,48.3600,-4.7800,1030.2,0,5.7344,-0.1802,01111011
EXSH0001,2016-10-26T13:36:32Z,48.3600,-4.7800,1030.2,0,5.7236,-0.1759,01111011
EXSH0001,2016-10-26T13:41:32Z,48.3600,-4.7800,1030.2,0,5.7053,-0.1738,01111011
EXSH0001,2016-10-26T13:46:32Z,48.3600,-4.7800,1030.2,0,5.6962,-0.1629,01111011
EXSH0001,2016-10-26T13:51:32Z,48.3600,-4.7800,1030.2,0,5.6847,-0.1444,01111011
EXSH0001,2016-10-26T13:56:32Z,48.3600,-4.7800,1030.2,0,5.6551,-0.144,01111011
EXSH0001,2016-10-26T14:01:32Z,48.3600,-4.7800,1030,0,5.6182,-0.1509,01111011
EXSH0001,2016-10-26T14:06:32Z,48.3600,-4.7800,1030,0,5.5846,-0.1445,01111011
EXSH0001,2016-10-26T14:11:32Z,48.3600,-4.7800,1030,0,5.5546,-0.1391,01111011
EXSH0001,2016-10-26T14:16:32Z,48.3600,-4.7800,1030,0,5.5037,-0.145,01111011
EXSH0001,2016-10-26T14:21:32Z,48.3600,-4.7800,1030,0,5.4695,-0.1342,01111011
EXSH0001,2016-10-26T14:26:32Z,48.3600,-4.7800,1030,0,5.4181,-0.1405,01111011
EXSH0001,2016-10-26T14:31:32Z,48.3600,-4.7800,1030,0,5.3676,-0.1568,01111011
EXSH0001,2016-10-26T14:36:32Z,48.3600,-4.7800,1030,0,5.3277,-0.1449,01111011
EXSH0001,2016-10-26T14:41:32Z,48.3600,-4.7800,1030,0,5.2932,-0.1294,01111011
EXSH0001,2016-10-26T14:46:32Z,48.3600,-4.7800,1030,0,5.2381,-0.1245,01111011
EXSH0001,2016-10-26T14:51:32Z,48.3600,-4.7800,1030,0,5.1847,-0.1279,01111011
EXSH0001,2016-10-26T14:56:32Z,48.3600,-4.7800,1030,0,5.1277,-0.1249,01111011
EXSH0001,2016-10-26T15:01:32Z,48.3600,-4.7800,1030.3,0,5.0779,-0.1147,01111011
EXSH0001,2016-10-26T15:06:32Z,48.3600,-4.7800,1030.3,0,5.0299,-0.1027,01111011
EXSH0001,2016-10-26T15:11:32Z,48.3600,-4.7800,1030.3,0,4.9448,-0.126,01111011
EXSH0001,2016-10-26T15:16:32Z,48.3600,-4.7800,1030.3,0,4.8934,-0.1092,01111011
EXSH0001,2016-10-26T15:21:32Z,48.3600,-4.7800,1030.3,0,4.8375,-0.1033,01111011
EXSH0001,2016-10-26T15:26:32Z,48.3600,-4.7800,1030.3,0,4.7757,-0.0969,01111011
EXSH0001,2016-10-26T15:31:32Z,48.3600,-4.7800,1030.3,0,4.7061,-0.1219,01111011
EXSH0001,2016-10-26T15:36:32Z,48.3600,-4.7800,1030.3,0,4.6443,-0.1137,01111011
EXSH0001,2016-10-26T15:41:32Z,48.3600,-4.7800,1030.3,0,4.5812,-0.1088,01111011
EXSH0001,2016-10-26T15:46:32Z,48.3600,-4.7800,1030.3,0,4.5107,-0.1073,01111011
EXSH0001,2016-10-26T15:51:32Z,48.3600,-4.7800,1030.3,0,4.4476,-0.1024,01111011
EXSH0001,2016-10-26T15:56:32Z,48.3600,-4.7800,1030.3,0,4.3763,-0.1017,01111011
EXSH0001,2016-10-26T16:01:32Z,48.3600,-4.7800,1030.5,0,4.3121,-0.0979,01111011
EXSH0001,2016-10-26T16:06:32Z,48.3600,-4.7800,1030.5,0,4.2401,-0.0949,01111011
EXSH0001,2016-10-26T16:11:32Z,48.3600,-4.7800,1030.5,0,4.1883,-0.0797,01111011
EXSH0001,2016-10-26T16:16:32Z,48.3600,-4.7800,1030.5,0,4.1217,-0.0733,01111011
EXSH0001,2016-10-26T16:21:32Z,48.3600,-4.7800,1030.5,0,4.0194,-0.1006,01111011
EXSH0001,2016-10-26T16:26:32Z,48.3600,-4.7800,1030.5,0,3.9527,-0.0923,01111011
EXSH0001,2016-10-26T16:31:32Z,48.3600,-4.7800,1030.5,0,3.8935,-0.0957,01111011
EXSH0001,2016-10-26T16:36:32Z,48.3600,-4.7800,1030.5,0,3.8267,-0.0875,01111011
EXSH0001,2016-10-26T16:41:32Z,48.3600,-4.7800,1030.5,0,3.7686,-0.0706,01111011
EXSH0001,2016-10-26T16:46:32Z,48.3600,-4.7800,1030.5,0,3.7042,-0.06,01111011
EXSH0001,2016-10-26T16:51:32Z,48.3600,-4.7800,1030.5,0,3.6189,-0.0703,01111011
EXSH0001,2016-10-26T16:56:32Z,48.3600,-4.7800,1030.5,0,3.5439,-0.0704,01111011
EXSH0001,2016-10-26T17:01:32Z,48.3600,-4.7800,1030.9,0,3.4629,-0.0763,01111011
EXSH0001,2016-10-26T17:06:32Z,48.3600,-4.7800,1030.9,0,3.3764,-0.0879,01111011
EXSH0001,2016-10-26T17:11:32Z,48.3600,-4.7800,1030.9,0,3.3123,-0.0769,01111011
EXSH0001,2016-10-26T17:16:32Z,48.3600,-4.7800,1030.9,0,3.2454,-0.0689,01111011
EXSH0001,2016-10-26T17:21:32Z,48.3600,-4.7800,1030.9,0,3.1817,-0.0617,01111011
EXSH0001,2016-10-26T17:26:32Z,48.3600,-4.7800,1030.9,0,3.1103,-0.0639,01111011
EXSH0001,2016-10-26T17:31:32Z,48.3600,-4.7800,1030.9,0,3.0513,-0.0665,01111011
EXSH0001,2016-10-26T17:36:32Z,48.3600,-4.7800,1030.9,0,2.9801,-0.0721,01111011
EXSH0001,2016-10-26T17:41:32Z,48.3600,-4.7800,1030.9,0,2.9349,-0.0429,01111011
EXSH0001,2016-10-26T17:46:32Z,48.3600,-4.7800,1030.9,0,2.8506,-0.0672,01111011
EXSH0001,2016-10-26T17:51:32Z,48.3600,-4.7800,1030.9,0,2.7895,-0.0583,01111011
EXSH0001,2016-10-26T17:56:32Z,48.3600,-4.7800,1030.9,0,2.7254,-0.0624,01111011
EXSH0001,2016-10-26T18:01:32Z,48.3600,-4.7800,1031.6,0,2.6661,-0.0617,01111011
EXSH0001,2016-10-26T18:06:32Z,48.3600,-4.7800,1031.6,0,2.6051,-0.0627,01111011
EXSH0001,2016-10-26T18:11:32Z,48.3600,-4.7800,1031.6,0,2.5418,-0.0665,01111011
EXSH0001,2016-10-26T18:16:32Z,48.3600,-4.7800,1031.6,0,2.5046,-0.0532,01111011
EXSH0001,2016-10-26T18:21:32Z,48.3600,-4.7800,1031.6,0,2.4407,-0.0671,01111011
EXSH0001,2016-10-26T18:26:32Z,48.3600,-4.7800,1031.6,0,2.3822,-0.0712,01111011
EXSH0001,2016-10-26T18:31:32Z,48.3600,-4.7800,1031.6,0,2.3489,-0.0709,01111011
EXSH0001,2016-10-26T18:36:32Z,48.3600,-4.7800,1031.6,0,2.3073,-0.0674,01111011
EXSH0001,2016-10-26T18:41:32Z,48.3600,-4.7800,1031.6,0,2.26,-0.0765,01111011
EXSH0001,2016-10-26T18:46:32Z,48.3600,-4.7800,1031.6,0,2.2073,-0.0892,01111011
EXSH0001,2016-10-26T18:51:32Z,48.3600,-4.7800,1031.6,0,2.1889,-0.0776,01111011
EXSH0001,2016-10-26T18:56:32Z,48.3600,-4.7800,1031.6,0,2.1425,-0.0857,01111011
EXSH0001,2016-10-26T19:01:32Z,48.3600,-4.7800,1031.9,0,2.139,-0.0675,01111011
EXSH0001,2016-10-26T19:06:32Z,48.3600,-4.7800,1031.9,0,2.1132,-0.0633,01111011
EXSH0001,2016-10-26T19:11:32Z,48.3600,-4.7800,1031.9,0,2.1009,-0.0523,01111011
EXSH0001,2016-10-26T19:16:32Z,48.3600,-4.7800,1031.9,0,2.0459,-0.0924,01111011
EXSH0001,2016-10-26T19:21:32Z,48.3600,-4.7800,1031.9,0,2.0311,-0.0922,01111011
EXSH0001,2016-10-26T19:26:32Z,48.3600,-4.7800,1031.9,0,2.0093,-0.0989,01111011
EXSH0001,2016-10-26T19:31:32Z,48.3600,-4.7800,1031.9,0,2.0041,-0.0959,01111011
EXSH0001,2016-10-26T19:36:32Z,48.3600,-4.7800,1031.9,0,2.0184,-0.0735,01111011
EXSH0001,2016-10-26T19:41:32Z,48.3600,-4.7800,1031.9,0,1.999,-0.091,01111011
EXSH0001,2016-10-26T19:46:32Z,48.3600,-4.7800,1031.9,0,2.0069,-0.0831,01111011
EXSH0001,2016-10-26T19:51:32Z,48.3600,-4.7800,1031.9,0,2.0168,-0.0832,01111011
EXSH0001,2016-10-26T19:56:32Z,48.3600,-4.7800,1031.9,0,2.0218,-0.0863,01111011
EXSH0001,2016-10-26T20:01:32Z,48.3600,-4.7800,1032.3,0,2.013,-0.1001,01111011
EXSH0001,2016-10-26T20:06:32Z,48.3600,-4.7800,1032.3,0,2.0399,-0.0882,01111011
EXSH0001,2016-10-26T20:11:32Z,48.3600,-4.7800,1032.3,0,2.0212,-0.125,01111011
EXSH0001,2016-10-26T20:16:32Z,48.3600,-4.7800,1032.3,0,2.0444,-0.1237,01111011
EXSH0001,2016-10-26T20:21:32Z,48.3600,-4.7800,1032.3,0,2.0681,-0.1281,01111011
EXSH0001,2016-10-26T20:26:32Z,48.3600,-4.7800,1032.3,0,2.1088,-0.1174,01111011
EXSH0001,2016-10-26T20:31:32Z,48.3600,-4.7800,1032.3,0,2.1193,-0.1293,01111011
EXSH0001,2016-10-26T20:36:32Z,48.3600,-4.7800,1032.3,0,2.143,-0.1356,01111011
EXSH0001,2016-10-26T20:41:32Z,48.3600,-4.7800,1032.3,0,2.1894,-0.1285,01111011
EXSH0001,2016-10-26T20:46:32Z,48.3600,-4.7800,1032.3,0,2.2149,-0.148,01111011
EXSH0001,2016-10-26T20:51:32Z,48.3600,-4.7800,1032.3,0,2.2689,-0.139,01111011
EXSH0001,2016-10-26T20:56:32Z,48.3600,-4.7800,1032.3,0,2.3083,-0.1446,01111011
EXSH0001,2016-10-26T21:01:32Z,48.3600,-4.7800,1032.6,0,2.3487,-0.1585,01111011
EXSH0001,2016-10-26T21:06:32Z,48.3600,-4.7800,1032.6,0,2.4212,-0.136,01111011
EXSH0001,2016-10-26T21:11:32Z,48.3600,-4.7800,1032.6,0,2.4531,-0.1641,01111011
EXSH0001,2016-10-26T21:16:32Z,48.3600,-4.7800,1032.6,0,2.5118,-0.1654,01111011
EXSH0001,2016-10-26T21:21:32Z,48.3600,-4.7800,1032.6,0,2.5764,-0.1701,01111011
EXSH0001,2016-10-26T21:26:32Z,48.3600,-4.7800,1032.6,0,2.6649,-0.1466,01111011
EXSH0001,2016-10-26T21:31:32Z,48.3600,-4.7800,1032.6,0,2.7235,-0.1383,01111011
EXSH0001,2016-10-26T21:36:32Z,48.3600,-4.7800,1032.6,0,2.798,-0.1343,01111011
EXSH0001,2016-10-26T21:41:32Z,48.3600,-4.7800,1032.6,0,2.8625,-0.1448,01111011
EXSH0001,2016-10-26T21:46:32Z,48.3600,-4.7800,1032.6,0,2.9175,-0.1647,01111011
EXSH0001,2016-10-26T21:51:32Z,48.3600,-4.7800,1032.6,0,3.0039,-0.1534,01111011
EXSH0001,2016-10-26T21:56:32Z,48.3600,-4.7800,1032.6,0,3.0631,-0.1792,01111011
EXSH0001,2016-10-26T22:01:32Z,48.3600,-4.7800,1032.8,0,3.1564,-0.1663,01111011
EXSH0001,2016-10-26T22:06:32Z,48.3600,-4.7800,1032.8,0,3.2381,-0.1646,01111011
EXSH0001,2016-10-26T22:11:32Z,48.3600,-4.7800,1032.8,0,3.3153,-0.1719,01111011
EXSH0001,2016-10-26T22:16:32Z,48.3600,-4.7800,1032.8,0,3.3897,-0.183,01111011
EXSH0001,2016-10-26T22:21:32Z,48.3600,-4.7800,1032.8,0,3.4753,-0.1874,01111011
EXSH0001,2016-10-26T22:26:32Z,48.3600,-4.7800,1032.8,0,3.5565,-0.1862,01111011
EXSH0001,2016-10-26T22:31:32Z,48.3600,-4.7800,1032.8,0,3.629,-0.1821,01111011
EXSH0001,2016-10-26T22:36:32Z,48.3600,-4.7800,1032.8,0,3.7268,-0.1743,01111011
EXSH0001,2016-10-26T22:41:32Z,48.3600,-4.7800,1032.8,0,3.8051,-0.186,01111011
EXSH0001,2016-10-26T22:46:32Z,48.3600,-4.7800,1032.8,0,3.8983,-0.176,01111011
EXSH0001,2016-10-26T22:51:32Z,48.3600,-4.7800,1032.8,0,3.9829,-0.1782,01111011
EXSH0001,2016-10-26T22:56:32Z,48.3600,-4.7800,1032.8,0,4.0667,-0.1844,01111011
EXSH0001,2016-10-26T23:01:32Z,48.3600,-4.7800,1032.9,0,4.1571,-0.1822,01111011
EXSH0001,2016-10-26T23:06:32Z,48.3600,-4.7800,1032.9,0,4.2301,-0.191,01111011
EXSH0001,2016-10-26T23:11:32Z,48.3600,-4.7800,1032.9,0,4.3133,-0.1959,01111011
EXSH0001,2016-10-26T23:16:32Z,48.3600,-4.7800,1032.9,0,4.3921,-0.199,01111011
EXSH0001,2016-10-26T23:21:32Z,48.3600,-4.7800,1032.9,0,4.454,-0.2171,01111011
EXSH0001,2016-10-26T23:26:32Z,48.3600,-4.7800,1032.9,0,4.5457,-0.2085,01111011
EXSH0001,2016-10-26T23:31:32Z,48.3600,-4.7800,1032.9,0,4.6296,-0.1884,01111011
EXSH0001,2016-10-26T23:36:32Z,48.3600,-4.7800,1032.9,0,4.7211,-0.1739,01111011
EXSH0001,2016-10-26T23:41:32Z,48.3600,-4.7800,1032.9,0,4.8049,-0.1651,01111011
EXSH0001,2016-10-26T23:46:32Z,48.3600,-4.7800,1032.9,0,4.8533,-0.1917,01111011
EXSH0001,2016-10-26T23:51:32Z,48.3600,-4.7800,1032.9,0,4.9159,-0.2041,01111011
EXSH0001,2016-10-26T23:56:32Z,48.3600,-4.7800,1032.9,0,5.0049,-0.1901,01111011
EXSH0001,2016-10-27T00:01:32Z,48.3600,-4.7800,1033.1,0,5.0746,-0.1874,01111011
EXSH0001,2016-10-27T00:06:32Z,48.3600,-4.7800,1033.1,0,5.1481,-0.1839,01111011
EXSH0001,2016-10-27T00:11:32Z,48.3600,-4.7800,1033.1,0,5.192,-0.208,01111011
EXSH0001,2016-10-27T00:16:32Z,48.3600,-4.7800,1033.1,0,5.2548,-0.2072,01111011
EXSH0001,2016-10-27T00:21:32Z,48.3600,-4.7800,1033.1,0,5.3201,-0.2019,01111011
EXSH0001,2016-10-27T00:26:32Z,48.3600,-4.7800,1033.1,0,5.3788,-0.2002,01111011
EXSH0001,2016-10-27T00:31:32Z,48.3600,-4.7800,1033.1,0,5.4373,-0.1893,01111011
EXSH0001,2016-10-27T00:36:32Z,48.3600,-4.7800,1033.1,0,5.4728,-0.2046,01111011
EXSH0001,2016-10-27T00:41:32Z,48.3600,-4.7800,1033.1,0,5.5249,-0.2076,01111011
EXSH0001,2016-10-27T00:46:32Z,48.3600,-4.7800,1033.1,0,5.5804,-0.197,01111011
EXSH0001,2016-10-27T00:51:32Z,48.3600,-4.7800,1033.1,0,5.6094,-0.2031,01111011
EXSH0001,2016-10-27T00:56:32Z,48.3600,-4.7800,1033.1,0,5.6583,-0.19,01111011
EXSH0001,2016-10-27T01:01:32Z,48.3600,-4.7800,1033.2,0,5.7093,-0.179,01111011
EXSH0001,2016-10-27T01:06:32Z,48.3600,-4.7800,1033.2,0,5.7327,-0.1856,01111011
EXSH0001,2016-10-27T01:11:32Z,48.3600,-4.7800,1033.2,0,5.7541,-0.1842,01111011
EXSH0001,2016-10-27T01:16:32Z,48.3600,-4.7800,1033.2,0,5.7701,-0.189,01111011
EXSH0001,2016-10-27T01:21:32Z,48.3600,-4.7800,1033.2,0,5.7839,-0.1961,01111011
EXSH0001,2016-10-27T01:26:32Z,48.3600,-4.7800,1033.2,0,5.8261,-0.1631,01111011
EXSH0001,2016-10-27T01:31:32Z,48.3600,-4.7800,1033.2,0,5.8431,-0.1569,01111011
EXSH0001,2016-10-27T01:36:32Z,48.3600,-4.7800,1033.2,0,5.8436,-0.1564,01111011
EXSH0001,2016-10-27T01:41:32Z,48.3600,-4.7800,1033.2,0,5.8433,-0.1567,01111011
EXSH0001,2016-10-27T01:46:32Z,48.3600,-4.7800,1033.2,0,5.8313,-0.1687,01111011
EXSH0001,2016-10-27T01:51:32Z,48.3600,-4.7800,1033.2,0,5.8366,-0.1534,01111011
EXSH0001,2016-10-27T01:56:32Z,48.3600,-4.7800,1033.2,0,5.8155,-0.169,01111011
EXSH0001,2016-10-27T02:01:32Z,48.3600,-4.7800,1032.9,0,5.7941,-0.1654,01111011
EXSH0001,2016-10-27T02:06:32Z,48.3600,-4.7800,1032.9,0,5.8074,-0.1371,01111011
EXSH0001,2016-10-27T02:11:32Z,48.3600,-4.7800,1032.9,0,5.7841,-0.1348,01111011
EXSH0001,2016-10-27T02:16:32Z,48.3600,-4.7800,1032.9,0,5.7489,-0.14,01111011
EXSH0001,2016-10-27T02:21:32Z,48.3600,-4.7800,1032.9,0,5.737,-0.1219,01111011
EXSH0001,2016-10-27T02:26:32Z,48.3600,-4.7800,1032.9,0,5.6999,-0.1234,01111011
EXSH0001,2016-10-27T02:31:32Z,48.3600,-4.7800,1032.9,0,5.6503,-0.1462,01111011
EXSH0001,2016-10-27T02:36:32Z,48.3600,-4.7800,1032.9,0,5.6259,-0.1288,01111011
EXSH0001,2016-10-27T02:41:32Z,48.3600,-4.7800,1032.9,0,5.5929,-0.1169,01111011
EXSH0001,2016-10-27T02:46:32Z,48.3600,-4.7800,1032.9,0,5.5333,-0.1315,01111011
EXSH0001,2016-10-27T02:51:32Z,48.3600,-4.7800,1032.9,0,5.5179,-0.1019,01111011
EXSH0001,2016-10-27T02:56:32Z,48.3600,-4.7800,1032.9,0,5.4533,-0.1115,01111011
EXSH0001,2016-10-27T03:01:32Z,48.3600,-4.7800,1032.7,0,5.3957,-0.1173,01111011
EXSH0001,2016-10-27T03:06:32Z,48.3600,-4.7800,1032.7,0,5.3501,-0.1029,01111011
EXSH0001,2016-10-27T03:11:32Z,48.3600,-4.7800,1032.7,0,5.2965,-0.0965,01111011
EXSH0001,2016-10-27T03:16:32Z,48.3600,-4.7800,1032.7,0,5.2401,-0.0929,01111011
EXSH0001,2016-10-27T03:21:32Z,48.3600,-4.7800,1032.7,0,5.1734,-0.0996,01111011
EXSH0001,2016-10-27T03:26:32Z,48.3600,-4.7800,1032.7,0,5.1197,-0.0933,01111011
EXSH0001,2016-10-27T03:31:32Z,48.3600,-4.7800,1032.7,0,5.0478,-0.1167,01111011
EXSH0001,2016-10-27T03:36:32Z,48.3600,-4.7800,1032.7,0,4.9957,-0.1019,01111011
EXSH0001,2016-10-27T03:41:32Z,48.3600,-4.7800,1032.7,0,4.9334,-0.0942,01111011
EXSH0001,2016-10-27T03:46:32Z,48.3600,-4.7800,1032.7,0,4.8679,-0.0916,01111011
EXSH0001,2016-10-27T03:51:32Z,48.3600,-4.7800,1032.7,0,4.8187,-0.0758,01111011
EXSH0001,2016-10-27T03:56:32Z,48.3600,-4.7800,1032.7,0,4.737,-0.0906,01111011
EXSH0001,2016-10-27T04:01:32Z,48.3600,-4.7800,1032.6,0,4.6723,-0.0822,01111011
EXSH0001,2016-10-27T04:06:32Z,48.3600,-4.7800,1032.6,0,4.6097,-0.0698,01111011
EXSH0001,2016-10-27T04:11:32Z,48.3600,-4.7800,1032.6,0,4.5372,-0.0704,01111011
EXSH0001,2016-10-27T04:16:32Z,48.3600,-4.7800,1032.6,0,4.4413,-0.0982,01111011
EXSH0001,2016-10-27T04:21:32Z,48.3600,-4.7800,1032.6,0,4.3881,-0.0764,01111011
EXSH0001,2016-10-27T04:26:32Z,48.3600,-4.7800,1032.6,0,4.3395,-0.05,01111011
EXSH0001,2016-10-27T04:31:32Z,48.3600,-4.7800,1032.6,0,4.2543,-0.0792,01111011
EXSH0001,2016-10-27T05:37:41Z,48.3600,-4.7800,,0,3.3127,-0.0278,01119011
EXSH0001,2016-10-27T05:42:41Z,48.3600,-4.7800,,0,3.2172,-0.0483,01119011
EXSH0001,2016-10-27T05:47:41Z,48.3600,-4.7800,,0,3.1562,-0.0343,01119011
EXSH0001,2016-10-27T05:52:41Z,48.3600,-4.7800,,0,3.0671,-0.0484,01119011
EXSH0001,2016-10-27T05:57:41Z,48.3600,-4.7800,,0,2.9937,-0.0507,01119011
EXSH0001,2016-10-27T06:02:41Z,48.3600,-4.7800,1033.1,0,2.9425,-0.033,01111011
EXSH0001,2016-10-27T06:07:41Z,48.3600,-4.7800,1033.1,0,2.8496,-0.0548,01111011
EXSH0001,2016-10-27T06:12:41Z,48.3600,-4.7800,1033.1,0,2.8265,-0.009,01111011
EXSH0001,2016-10-27T06:17:41Z,48.3600,-4.7800,1033.1,0,2.7491,-0.0253,01111011
EXSH0001,2016-10-27T06:22:41Z,48.3600,-4.7800,1033.1,0,2.6831,-0.0313,01111011
EXSH0001,2016-10-27T06:27:41Z,48.3600,-4.7800,1033.1,0,2.6303,-0.0241,01111011
EXSH0001,2016-10-27T06:32:41Z,48.3600,-4.7800,1033.1,0,2.5607,-0.0481,01111011
EXSH0001,2016-10-27T06:37:41Z,48.3600,-4.7800,1033.1,0,2.5051,-0.044,01111011
EXSH0001,2016-10-27T06:42:41Z,48.3600,-4.7800,1033.1,0,2.4427,-0.0561,01111011
EXSH0001,2016-10-27T06:47:41Z,48.3600,-4.7800,1033.1,0,2.4145,-0.0346,01111011
EXSH0001,2016-10-27T06:52:41Z,48.3600,-4.7800,1033.1,0,2.3605,-0.0436,01111011
EXSH0001,2016-10-27T06:57:41Z,48.3600,-4.7800,1033.1,0,2.2975,-0.0616,01111011
EXSH0001,2016-10-27T07:02:41Z,48.3600,-4.7800,1033.2,0,2.2675,-0.0466,01111011
EXSH0001,2016-10-27T07:07:41Z,48.3600,-4.7800,1033.2,0,2.2265,-0.0529,01111011
EXSH0001,2016-10-27T07:12:41Z,48.3600,-4.7800,1033.2,0,2.1728,-0.0713,01111011
EXSH0001,2016-10-27T07:17:41Z,48.3600,-4.7800,1033.2,0,2.1199,-0.0898,01111011
EXSH0001,2016-10-27T07:22:41Z,48.3600,-4.7800,1033.2,0,2.1144,-0.075,01111011
EXSH0001,2016-10-27T07:27:41Z,48.3600,-4.7800,1033.2,0,2.0737,-0.086,01111011
EXSH0001,2016-10-27T07:32:41Z,48.3600,-4.7800,1033.2,0,2.0621,-0.085,01111011
EXSH0001,2016-10-27T07:37:41Z,48.3600,-4.7800,1033.2,0,2.0531,-0.0704,01111011
EXSH0001,2016-10-27T07:42:41Z,48.3600,-4.7800,1033.2,0,2.0517,-0.0583,01111011
EXSH0001,2016-10-27T07:47:41Z,48.3600,-4.7800,1033.2,0,2.0221,-0.0814,01111011
EXSH0001,2016-10-27T07:52:41Z,48.3600,-4.7800,1033.2,0,2.0083,-0.0817,01111011
EXSH0001,2016-10-27T07:57:41Z,48.3600,-4.7800,1033.2,0,2.0254,-0.0646,01111011
EXSH0001,2016-10-27T08:02:41Z,48.3600,-4.7800,1033.8,0,1.9982,-0.0918,01111011
EXSH0001,2016-10-27T08:07:41Z,48.3600,-4.7800,1033.8,0,2.0189,-0.0711,01111011
EXSH0001,2016-10-27T08:12:41Z,48.3600,-4.7800,1033.8,0,2.0005,-0.0995,01111011
EXSH0001,2016-10-27T08:17:41Z,48.3600,-4.7800,1033.8,0,2.0193,-0.0871,01111011
EXSH0001,2016-10-27T08:22:41Z,48.3600,-4.7800,1033.8,0,2.0351,-0.0863,01111011
EXSH0001,2016-10-27T08:27:41Z,48.3600,-4.7800,1033.8,0,2.0427,-0.0938,01111011
EXSH0001,2016-10-27T08:32:41Z,48.3600,-4.7800,1033.8,0,2.0525,-0.1027,01111011
EXSH0001,2016-10-27T08:37:41Z,48.3600,-4.7800,1033.8,0,2.0769,-0.0983,01111011
EXSH0001,2016-10-27T08:42:41Z,48.3600,-4.7800,1033.8,0,2.0808,-0.1244,01111011
EXSH0001,2016-10-27T08:47:41Z,48.3600,-4.7800,1033.8,0,2.1216,-0.1136,01111011
EXSH0001,2016-10-27T08:52:41Z,48.3600,-4.7800,1033.8,0,2.1243,-0.1409,01111011
EXSH0001,2016-10-27T08:57:41Z,48.3600,-4.7800,1033.8,0,2.2047,-0.1031,01111011
EXSH0001,2016-10-27T09:02:41Z,48.3600,-4.7800,1034.1,0,2.2262,-0.1266,01111011
EXSH0001,2016-10-27T09:07:41Z,48.3600,-4.7800,1034.1,0,2.2634,-0.1344,01111011
EXSH0001,2016-10-27T09:12:41Z,48.3600,-4.7800,1034.1,0,2.3106,-0.1322,01111011
EXSH0001,2016-10-27T09:17:41Z,48.3600,-4.7800,1034.1,0,2.3554,-0.1424,01111011
EXSH0001,2016-10-27T09:22:41Z,48.3600,-4.7800,1034.1,0,2.3991,-0.1513,01111011
EXSH0001,2016-10-27T09:27:41Z,48.3600,-4.7800,1034.1,0,2.4687,-0.1417,01111011
EXSH0001,2016-10-27T09:32:41Z,48.3600,-4.7800,1034.1,0,2.5237,-0.1363,01111011
EXSH0001,2016-10-27T09:37:41Z,48.3600,-4.7800,1034.1,0,2.5828,-0.1432,01111011
EXSH0001,2016-10-27T09:42:41Z,48.3600,-4.7800,1034.1,0,2.6757,-0.1203,01111011
EXSH0001,2016-10-27T09:47:41Z,48.3600,-4.7800,1034.1,0,2.7257,-0.1393,01111011
EXSH0001,2016-10-27T09:52:41Z,48.3600,-4.7800,1034.1,0,2.7839,-0.1561,01111011
EXSH0001,2016-10-27T09:57:41Z,48.3600,-4.7800,1034.1,0,2.8549,-0.1601,01111011
EXSH0001,2016-10-27T10:02:41Z,48.3600,-4.7800,1034.4,0,2.9378,-0.1622,01111011
EXSH0001,2016-10-27T10:07:41Z,48.3600,-4.7800,1034.4,0,3.0146,-0.1694,01111011
EXSH0001,2016-10-27T10:12:41Z,48.3600,-4.7800,1034.4,0,3.1071,-0.1569,01111011
EXSH0001,2016-10-27T10:17:41Z,48.3600,-4.7800,1034.4,0,3.1867,-0.1673,01111011
EXSH0001,2016-10-27T10:22:41Z,48.3600,-4.7800,1034.4,0,3.2737,-0.1603,01111011
EXSH0001,2016-10-27T10:27:41Z,48.3600,-4.7800,1034.4,0,3.3363,-0.1877,01111011
EXSH0001,2016-10-27T10:32:41Z,48.3600,-4.7800,1034.4,0,3.4256,-0.1656,01111011
EXSH0001,2016-10-27T10:37:41Z,48.3600,-4.7800,1034.4,0,3.5115,-0.1697,01111011
EXSH0001,2016-10-27T10:42:41Z,48.3600,-4.7800,1034.4,0,3.6137,-0.1577,01111011
EXSH0001,2016-10-27T10:47:41Z,48.3600,-4.7800,1034.4,0,3.7039,-0.1673,01111011
EXSH0001,2016-10-27T10:52:41Z,48.3600,-4.7800,1034.4,0,3.7687,-0.1925,01111011
EXSH0001,2016-10-27T10:57:41Z,48.3600,-4.7800,1034.4,0,3.87,-0.1812,01111011
EXSH0001,2016-10-27T11:02:41Z,48.3600,-4.7800,1034.6,0,3.9432,-0.208,01111011
EXSH0001,2016-10-27T11:07:41Z,48.3600,-4.7800,1034.6,0,4.0498,-0.1914,01111011
EXSH0001,2016-10-27T11:12:41Z,48.3600,-4.7800,1034.6,0,4.155,-0.1762,01111011
EXSH0001,2016-10-27T11:17:41Z,48.3600,-4.7800,1034.6,0,4.2271,-0.1941,01111011
EXSH0001,2016-10-27T11:22:41Z,48.3600,-4.7800,1034.6,0,4.3335,-0.1777,01111011
EXSH0001,2016-10-27T11:27:41Z,48.3600,-4.7800,1034.6,0,4.4004,-0.2008,01111011
EXSH0001,2016-10-27T11:32:41Z,48.3600,-4.7800,1034.6,0,4.4734,-0.1959,01111011
EXSH0001,2016-10-27T11:37:41Z,48.3600,-4.7800,1034.6,0,4.5533,-0.206,01111011
EXSH0001,2016-10-27T11:42:41Z,48.3600,-4.7800,1034.6,0,4.6541,-0.1952,01111011
EXSH0001,2016-10-27T11:47:41Z,48.3600,-4.7800,1034.6,0,4.7525,-0.1768,01111011
EXSH0001,2016-10-27T11:52:41Z,48.3600,-4.7800,1034.6,0,4.8379,-0.1814,01111011
EXSH0001,2016-10-27T11:57:41Z,48.3600,-4.7800,1034.6,0,4.9029,-0.1964,01111011
EXSH0001,2016-10-27T12:02:41Z,48.3600,-4.7800,1034.2,0,4.9759,-0.2069,01111011
EXSH0001,2016-10-27T12:07:41Z,48.3600,-4.7800,1034.2,0,5.0499,-0.2094,01111011
EXSH0001,2016-10-27T12:12:41Z,48.3600,-4.7800,1034.2,0,5.117,-0.2257,01111011
EXSH0001,2016-10-27T12:17:41Z,48.3600,-4.7800,1034.2,0,5.2043,-0.2134,01111011
EXSH0001,2016-10-27T12:22:41Z,48.3600,-4.7800,1034.2,0,5.2733,-0.2129,01111011
EXSH0001,2016-10-27T12:27:41Z,48.3600,-4.7800,1034.2,0,5.3339,-0.2239,01111011
EXSH0001,2016-10-27T12:32:41Z,48.3600,-4.7800,1034.2,0,5.4029,-0.2081,01111011
EXSH0001,2016-10-27T12:37:41Z,48.3600,-4.7800,1034.2,0,5.4718,-0.1992,01111011
EXSH0001,2016-10-27T12:42:41Z,48.3600,-4.7800,1034.2,0,5.5488,-0.1922,01111011
EXSH0001,2016-10-27T12:47:41Z,48.3600,-4.7800,1034.2,0,5.5992,-0.2018,01111011
EXSH0001,2016-10-27T12:52:41Z,48.3600,-4.7800,1034.2,0,5.6652,-0.1931,01111011
EXSH0001,2016-10-27T12:57:41Z,48.3600,-4.7800,1034.2,0,5.7139,-0.1971,01111011
EXSH0001,2016-10-27T13:02:41Z,48.3600,-4.7800,1034.1,0,5.7487,-0.2095,01111011
EXSH0001,2016-10-27T13:07:41Z,48.3600,-4.7800,1034.1,0,5.7926,-0.2107,01111011
EXSH0001,2016-10-27T13:12:41Z,48.3600,-4.7800,1034.1,0,5.8432,-0.205,01111011
EXSH0001,2016-10-27T13:17:41Z,48.3600,-4.7800,1034.1,0,5.8765,-0.209,01111011
EXSH0001,2016-10-27T13:22:41Z,48.3600,-4.7800,1034.1,0,5.9077,-0.2078,01111011
EXSH0001,2016-10-27T13:27:41Z,48.3600,-4.7800,1034.1,0,5.9507,-0.1948,01111011
EXSH0001,2016-10-27T13:32:41Z,48.3600,-4.7800,1034.1,0,5.9785,-0.1893,01111011
EXSH0001,2016-10-27T13:37:41Z,48.3600,-4.7800,1034.1,0,5.9974,-0.1904,01111011
EXSH0001,2016-10-27T13:42:41Z,48.3600,-4.7800,1034.1,0,6.0267,-0.1822,01111011
EXSH0001,2016-10-27T13:47:41Z,48.3600,-4.7800,1034.1,0,6.0289,-0.1911,01111011
EXSH0001,2016-10-27T13:52:41Z,48.3600,-4.7800,1034.1,0,6.0502,-0.1787,01111011
EXSH0001,2016-10-27T13:57:41Z,48.3600,-4.7800,1034.1,0,6.0633,-0.1667,01111011
EXSH0001,2016-10-27T14:02:41Z,48.3600,-4.7800,1033.8,0,6.056,-0.174,01111011
EXSH0001,2016-10-27T14:07:41Z,48.3600,-4.7800,1033.8,0,6.0377,-0.1823,01111011
EXSH0001,2016-10-27T14:12:41Z,48.3600,-4.7800,1033.8,0,6.0199,-0.1912,01111011
EXSH0001,2016-10-27T14:17:41Z,48.3600,-4.7800,1033.8,0,6.0369,-0.1592,01111011
EXSH0001,2016-10-27T14:22:41Z,48.3600,-4.7800,1033.8,0,6.0151,-0.1571,01111011
EXSH0001,2016-10-27T14:27:41Z,48.3600,-4.7800,1033.8,0,5.9999,-0.1523,01111011
EXSH0001,2016-10-27T14:32:41Z,48.3600,-4.7800,1033.8,0,5.9838,-0.1456,01111011
EXSH0001,2016-10-27T14:37:41Z,48.3600,-4.7800,1033.8,0,5.9589,-0.1402,01111011
EXSH0001,2016-10-27T14:42:41Z,48.3600,-4.7800,1033.8,0,5.8948,-0.1646,01111011
EXSH0001,2016-10-27T14:47:41Z,48.3600,-4.7800,1033.8,0,5.8609,-0.1582,01111011
EXSH0001,2016-10-27T14:52:41Z,48.3600,-4.7800,1033.8,0,5.8424,-0.137,01111011
EXSH0001,2016-10-27T14:57:41Z,48.3600,-4.7800,1033.8,0,5.7874,-0.1417,01111011
EXSH0001,2016-10-27T15:02:41Z,48.3600,-4.7800,1033.6,0,5.7575,-0.1266,01111011
EXSH0001,2016-10-27T15:07:41Z,48.3600,-4.7800,1033.6,0,5.6956,-0.1335,01111011
EXSH0001,2016-10-27T15:12:41Z,48.3600,-4.7800,1033.6,0,5.6319,-0.1469,01111011
EXSH0001,2016-10-27T15:17:41Z,48.3600,-4.7800,1033.6,0,5.5732,-0.1456,01111011
EXSH0001,2016-10-27T15:22:41Z,48.3600,-4.7800,1033.6,0,5.5271,-0.1317,01111011
EXSH0001,2016-10-27T15:27:41Z,48.3600,-4.7800,1033.6,0,5.4649,-0.1336,01111011
EXSH0001,2016-10-27T15:32:41Z,48.3600,-4.7800,1033.6,0,5.4077,-0.1365,01111011
EXSH0001,2016-10-27T15:37:41Z,48.3600,-4.7800,1033.6,0,5.3519,-0.1323,01111011
EXSH0001,2016-10-27T15:42:41Z,48.3600,-4.7800,1033.6,0,5.2873,-0.1269,01111011
EXSH0001,2016-10-27T15:47:41Z,48.3600,-4.7800,1033.6,0,5.2499,-0.0978,01111011
EXSH0001,2016-10-27T15:52:41Z,48.3600,-4.7800,1033.6,0,5.1654,-0.1074,01111011
EXSH0001,2016-10-27T15:57:41Z,48.3600,-4.7800,1033.6,0,5.1217,-0.0761,01111011
EXSH0001,2016-10-27T16:02:41Z,48.3600,-4.7800,1033.2,0,5.0479,-0.0848,01111011
EXSH0001,2016-10-27T16:07:41Z,48.3600,-4.7800,1033.2,0,4.9641,-0.0936,01111011
EXSH0001,2016-10-27T16:12:41Z,48.3600,-4.7800,1033.2,0,4.8943,-0.087,01111011
EXSH0001,2016-10-27T16:17:41Z,48.3600,-4.7800,1033.2,0,4.8281,-0.0697,01111011
EXSH0001,2016-10-27T16:22:41Z,48.3600,-4.7800,1033.2,0,4.7607,-0.0621,01111011
EXSH0001,2016-10-27T16:27:41Z,48.3600,-4.7800,1033.2,0,4.6711,-0.0767,01111011
EXSH0001,2016-10-27T16:32:41Z,48.3600,-4.7800,1033.2,0,4.5982,-0.0862,01111011
EXSH0001,2016-10-27T16:37:41Z,48.3600,-4.7800,1033.2,0,4.514,-0.093,01111011
EXSH0001,2016-10-27T16:42:41Z,48.3600,-4.7800,1033.2,0,4.4352,-0.0892,01111011
EXSH0001,2016-10-27T16:47:41Z,48.3600,-4.7800,1033.2,0,4.3722,-0.0722,01111011
EXSH0001,2016-10-27T16:52:41Z,48.3600,-4.7800,1033.2,0,4.292,-0.07,01111011
EXSH0001,2016-10-27T16:57:41Z,48.3600,-4.7800,1033.2,0,4.2178,-0.0592,01111011
EXSH0001,2016-10-27T17:02:41Z,48.3600,-4.7800,1033.5,0,4.1524,-0.042,01111011
EXSH0001,2016-10-27T17:07:41Z,48.3600,-4.7800,1033.5,0,4.0475,-0.0669,01111011
EXSH0001,2016-10-27T17:12:41Z,48.3600,-4.7800,1033.5,0,3.9741,-0.0579,01111011
EXSH0001,2016-10-27T17:17:41Z,48.3600,-4.7800,1033.5,0,3.9009,-0.0435,01111011
EXSH0001,2016-10-27T17:22:41Z,48.3600,-4.7800,1033.5,0,3.8123,-0.0497,01111011
EXSH0001,2016-10-27T17:27:41Z,48.3600,-4.7800,1033.5,0,3.7187,-0.0583,01111011
EXSH0001,2016-10-27T17:32:41Z,48.3600,-4.7800,1033.5,0,3.6347,-0.0813,01111011
EXSH0001,2016-10-27T17:37:41Z,48.3600,-4.7800,1033.5,0,3.5469,-0.0791,01111011
EXSH0001,2016-10-27T17:42:41Z,48.3600,-4.7800,1033.5,0,3.4633,-0.0827,01111011
EXSH0001,2016-10-27T17:47:41Z,48.3600,-4.7800,1033.5,0,3.4051,-0.0509,01111011
EXSH0001,2016-10-27T17:52:41Z,48.3600,-4.7800,1033.5,0,3.3203,-0.0557,01111011
EXSH0001,2016-10-27T17:57:41Z,48.3600,-4.7800,1033.5,0,3.2418,-0.0532,01111011
EXSH0001,2016-10-27T18:02:41Z,48.3600,-4.7800,1033.8,0,3.1615,-0.0485,01111011
EXSH0001,2016-10-27T18:07:41Z,48.3600,-4.7800,1033.8,0,3.0698,-0.0562,01111011
EXSH0001,2016-10-27T18:12:41Z,48.3600,-4.7800,1033.8,0,2.9982,-0.0518,01111011
EXSH0001,2016-10-27T18:17:41Z,48.3600,-4.7800,1033.8,0,2.9191,-0.0469,01111011
EXSH0001,2016-10-27T18:22:41Z,48.3600,-4.7800,1033.8,0,2.8579,-0.0321,01111011
EXSH0001,2016-10-27T18:27:41Z,48.3600,-4.7800,1033.8,0,2.7967,-0.0183,01111011
EXSH0001,2016-10-27T18:32:41Z,48.3600,-4.7800,1033.8,0,2.7227,-0.0363,01111011
EXSH0001,2016-10-27T18:37:41Z,48.3600,-4.7800,1033.8,0,2.634,-0.05,01111011
EXSH0001,2016-10-27T18:42:41Z,48.3600,-4.7800,1033.8,0,2.5585,-0.0507,01111011
EXSH0001,2016-10-27T18:47:41Z,48.3600,-4.7800,1033.8,0,2.505,-0.039,01111011
EXSH0001,2016-10-27T18:52:41Z,48.3600,-4.7800,1033.8,0,2.4454,-0.0338,01111011
EXSH0001,2016-10-27T18:57:41Z,48.3600,-4.7800,1033.8,0,2.3757,-0.0383,01111011
EXSH0001,2016-10-27T19:02:41Z,48.3600,-4.7800,1033.9,0,2.3201,-0.0291,01111011
EXSH0001,2016-10-27T19:07:41Z,48.3600,-4.7800,1033.9,0,2.2614,-0.033,01111011
EXSH0001,2016-10-27T19:12:41Z,48.3600,-4.7800,1033.9,0,2.2027,-0.0365,01111011
EXSH0001,2016-10-27T19:17:41Z,48.3600,-4.7800,1033.9,0,2.1441,-0.0403,01111011
EXSH0001,2016-10-27T19:22:41Z,48.3600,-4.7800,1033.9,0,2.0908,-0.0486,01111011
EXSH0001,2016-10-27T19:27:41Z,48.3600,-4.7800,1033.9,0,2.0599,-0.0345,01111011
EXSH0001,2016-10-27T19:32:41Z,48.3600,-4.7800,1033.9,0,1.9959,-0.0644,01111011
EXSH0001,2016-10-27T19:37:41Z,48.3600,-4.7800,1033.9,0,1.9674,-0.0579,01111011
EXSH0001,2016-10-27T19:42:41Z,48.3600,-4.7800,1033.9,0,1.9355,-0.0514,01111011
EXSH0001,2016-10-27T19:47:41Z,48.3600,-4.7800,1033.9,0,1.9065,-0.0504,01111011
EXSH0001,2016-10-27T19:52:41Z,48.3600,-4.7800,1033.9,0,1.8714,-0.0555,01111011
EXSH0001,2016-10-27T19:57:41Z,48.3600,-4.7800,1033.9,0,1.8775,-0.021,01111011
EXSH0001,2016-10-27T20:02:41Z,48.3600,-4.7800,1034,0,1.8183,-0.0651,01111011
EXSH0001,2016-10-27T20:07:41Z,48.3600,-4.7800,1034,0,1.7897,-0.0688,01111011
EXSH0001,2016-10-27T20:12:41Z,48.3600,-4.7800,1034,0,1.7852,-0.0648,01111011
EXSH0001,2016-10-27T20:17:41Z,48.3600,-4.7800,1034,0,1.7812,-0.0588,01111011
EXSH0001,2016-10-27T20:22:41Z,48.3600,-4.7800,1034,0,1.7717,-0.0617,01111011
EXSH0001,2016-10-27T20:27:41Z,48.3600,-4.7800,1034,0,1.8009,-0.0291,01111011
EXSH0001,2016-10-27T20:32:41Z,48.3600,-4.7800,1034,0,1.7627,-0.0673,01111011
EXSH0001,2016-10-27T20:37:41Z,48.3600,-4.7800,1034,0,1.7646,-0.0732,01111011
EXSH0001,2016-10-27T20:42:41Z,48.3600,-4.7800,1034,0,1.7681,-0.0747,01111011
EXSH0001,2016-10-27T20:47:41Z,48.3600,-4.7800,1034,0,1.7538,-0.104,01111011
EXSH0001,2016-10-27T20:52:41Z,48.3600,-4.7800,1034,0,1.7667,-0.106,01111011
EXSH0001,2016-10-27T20:57:41Z,48.3600,-4.7800,1034,0,1.7791,-0.1164,01111011
EXSH0001,2016-10-27T21:02:41Z,48.3600,-4.7800,1034.4,0,1.8231,-0.0924,01111011
EXSH0001,2016-10-27T21:07:41Z,48.3600,-4.7800,1034.4,0,1.8377,-0.1078,01111011
EXSH0001,2016-10-27T21:12:41Z,48.3600,-4.7800,1034.4,0,1.862,-0.1162,01111011
EXSH0001,2016-10-27T21:17:41Z,48.3600,-4.7800,1034.4,0,1.8897,-0.1258,01111011
EXSH0001,2016-10-27T21:22:41Z,48.3600,-4.7800,1034.4,0,1.9147,-0.1436,01111011
EXSH0001,2016-10-27T21:27:41Z,48.3600,-4.7800,1034.4,0,1.9465,-0.1568,01111011
EXSH0001,2016-10-27T21:32:41Z,48.3600,-4.7800,1034.4,0,2.0081,-0.1286,01111011
EXSH0001,2016-10-27T21:37:41Z,48.3600,-4.7800,1034.4,0,2.0395,-0.1522,01111011
EXSH0001,2016-10-27T21:42:41Z,48.3600,-4.7800,1034.4,0,2.1283,-0.1173,01111011
EXSH0001,2016-10-27T21:47:41Z,48.3600,-4.7800,1034.4,0,2.1658,-0.1398,01111011
EXSH0001,2016-10-27T21:52:41Z,48.3600,-4.7800,1034.4,0,2.269,-0.1055,01111011
EXSH0001,2016-10-27T21:57:41Z,48.3600,-4.7800,1034.4,0,2.284,-0.1555,01111011
EXSH0001,2016-10-27T22:02:41Z,48.3600,-4.7800,1034.5,0,2.3715,-0.143,01111011
EXSH0001,2016-10-27T22:08:47Z,48.3600,-4.7800,1034.5,0,2.4523,-0.1537,01111011
EXSH0001,2016-10-27T22:13:47Z,48.3600,-4.7800,1034.5,0,2.5233,-0.1599,01111011
EXSH0001,2016-10-27T22:18:47Z,48.3600,-4.7800,1034.5,0,2.6077,-0.1583,01111011
EXSH0001,2016-10-27T22:23:47Z,48.3600,-4.7800,1034.5,0,2.6772,-0.176,01111011
EXSH0001,2016-10-27T22:28:47Z,48.3600,-4.7800,1034.5,0,2.77,-0.166,01111011
EXSH0001,2016-10-27T22:33:47Z,48.3600,-4.7800,1034.5,0,2.8485,-0.1531,01111011
EXSH0001,2016-10-27T22:38:47Z,48.3600,-4.7800,1034.5,0,2.9455,-0.1561,01111011
EXSH0001,2016-10-27T22:43:47Z,48.3600,-4.7800,1034.5,0,3.0297,-0.1619,01111011
EXSH0001,2016-10-27T22:48:47Z,48.3600,-4.7800,1034.5,0,3.1389,-0.1463,01111011
EXSH0001,2016-10-27T22:53:47Z,48.3600,-4.7800,1034.5,0,3.2315,-0.1501,01111011
EXSH0001,2016-10-27T22:58:47Z,48.3600,-4.7800,1034.5,0,3.3121,-0.1695,01111011
EXSH0001,2016-10-27T23:03:47Z,48.3600,-4.7800,1034.3,0,3.4037,-0.1765,01111011
EXSH0001,2016-10-27T23:08:47Z,48.3600,-4.7800,1034.3,0,3.5155,-0.1661,01111011
EXSH0001,2016-10-27T23:13:47Z,48.3600,-4.7800,1034.3,0,3.6237,-0.1565,01111011
EXSH0001,2016-10-27T23:18:47Z,48.3600,-4.7800,1034.3,0,3.6959,-0.1857,01111011
EXSH0001,2016-10-27T23:23:47Z,48.3600,-4.7800,1034.3,0,3.8063,-0.1739,01111011
EXSH0001,2016-10-27T23:28:47Z,48.3600,-4.7800,1034.3,0,3.9026,-0.179,01111011
EXSH0001,2016-10-27T23:33:47Z,48.3600,-4.7800,1034.3,0,4.0015,-0.1517,01111011
EXSH0001,2016-10-27T23:38:47Z,48.3600,-4.7800,1034.3,0,4.1088,-0.1494,01111011
EXSH0001,2016-10-27T23:43:47Z,48.3600,-4.7800,1034.3,0,4.1912,-0.162,01111011
EXSH0001,2016-10-27T23:48:47Z,48.3600,-4.7800,1034.3,0,4.2545,-0.194,01111011
EXSH0001,2016-10-27T23:53:47Z,48.3600,-4.7800,1034.3,0,4.3487,-0.1998,01111011
EXSH0001,2016-10-27T23:58:47Z,48.3600,-4.7800,1034.3,0,4.4524,-0.1959,01111011
EXSH0001,2016-10-28T00:03:47Z,48.3600,-4.7800,1034.3,0,4.5652,-0.178,01111011
EXSH0001,2016-10-28T00:08:47Z,48.3600,-4.7800,1034.3,0,4.6533,-0.1852,01111011
EXSH0001,2016-10-28T00:13:47Z,48.3600,-4.7800,1034.3,0,4.7345,-0.194,01111011
EXSH0001,2016-10-28T00:18:47Z,48.3600,-4.7800,1034.3,0,4.8043,-0.2142,01111011
EXSH0001,2016-10-28T00:23:47Z,48.3600,-4.7800,1034.3,0,4.9188,-0.1897,01111011
EXSH0001,2016-10-28T00:28:47Z,48.3600,-4.7800,1034.3,0,5.0028,-0.1957,01111011
EXSH0001,2016-10-28T00:33:47Z,48.3600,-4.7800,1034.3,0,5.0903,-0.1751,01111011
EXSH0001,2016-10-28T00:38:47Z,48.3600,-4.7800,1034.3,0,5.1608,-0.1887,01111011
EXSH0001,2016-10-28T00:43:47Z,48.3600,-4.7800,1034.3,0,5.2397,-0.1948,01111011
EXSH0001,2016-10-28T00:48:47Z,48.3600,-4.7800,1034.3,0,5.3003,-0.2092,01111011
EXSH0001,2016-10-28T00:53:47Z,48.3600,-4.7800,1034.3,0,5.3857,-0.1988,01111011
EXSH0001,2016-10-28T00:58:47Z,48.3600,-4.7800,1034.3,0,5.4519,-0.2076,01111011
EXSH0001,2016-10-28T01:03:47Z,48.3600,-4.7800,1034.2,0,5.5309,-0.2027,01111011
EXSH0001,2016-10-28T01:08:47Z,48.3600,-4.7800,1034.2,0,5.6002,-0.1993,01111011
EXSH0001,2016-10-28T01:13:47Z,48.3600,-4.7800,1034.2,0,5.676,-0.1876,01111011
EXSH0001,2016-10-28T01:18:47Z,48.3600,-4.7800,1034.2,0,5.7176,-0.206,01111011
EXSH0001,2016-10-28T01:23:47Z,48.3600,-4.7800,1034.2,0,5.7653,-0.2174,01111011
EXSH0001,2016-10-28T01:28:47Z,48.3600,-4.7800,1034.2,0,5.8017,-0.2319,01111011
EXSH0001,2016-10-28T01:33:47Z,48.3600,-4.7800,1034.2,0,5.8734,-0.1985,01111011
EXSH0001,2016-10-28T01:38:47Z,48.3600,-4.7800,1034.2,0,5.9161,-0.1985,01111011
EXSH0001,2016-10-28T01:43:47Z,48.3600,-4.7800,1034.2,0,5.9602,-0.1917,01111011
EXSH0001,2016-10-28T01:48:47Z,48.3600,-4.7800,1034.2,0,5.9867,-0.1979,01111011
EXSH0001,2016-10-28T01:53:47Z,48.3600,-4.7800,1034.2,0,5.9918,-0.2228,01111011
EXSH0001,2016-10-28T01:58:47Z,48.3600,-4.7800,1034.2,0,6.0362,-0.2061,01111011
EXSH0001,2016-10-28T02:03:47Z,48.3600,-4.7800,1034.3,0,6.0591,-0.2055,01111011
EXSH0001,2016-10-28T02:08:47Z,48.3600,-4.7800,1034.3,0,6.1019,-0.1781,01111011
EXSH0001,2016-10-28T02:13:47Z,48.3600,-4.7800,1034.3,0,6.1147,-0.1726,01111011
EXSH0001,2016-10-28T02:18:47Z,48.3600,-4.7800,1034.3,0,6.1032,-0.1868,01111011
EXSH0001,2016-10-28T02:23:47Z,48.3600,-4.7800,1034.3,0,6.1123,-0.1777,01111011
EXSH0001,2016-10-28T02:28:47Z,48.3600,-4.7800,1034.3,0,6.0999,-0.1878,01111011
EXSH0001,2016-10-28T02:33:47Z,48.3600,-4.7800,1034.3,0,6.0919,-0.1846,01111011
EXSH0001,2016-10-28T02:38:47Z,48.3600,-4.7800,1034.3,0,6.0865,-0.175,01111011
EXSH0001,2016-10-28T02:43:47Z,48.3600,-4.7800,1034.3,0,6.0694,-0.1771,01111011
EXSH0001,2016-10-28T02:48:47Z,48.3600,-4.7800,1034.3,0,6.0416,-0.1814,01111011
EXSH0001,2016-10-28T02:53:47Z,48.3600,-4.7800,1034.3,0,6.0291,-0.1639,01111011
EXSH0001,2016-10-28T02:58:47Z,48.3600,-4.7800,1034.3,0,5.9988,-0.1642,01111011
EXSH0001,2016-10-28T03:03:47Z,48.3600,-4.7800,1034,0,5.9724,-0.1506,01111011
EXSH0001,2016-10-28T03:08:47Z,48.3600,-4.7800,1034,0,5.9294,-0.1551,01111011
EXSH0001,2016-10-28T03:13:47Z,48.3600,-4.7800,1034,0,5.888,-0.1515,01111011
EXSH0001,2016-10-28T03:18:47Z,48.3600,-4.7800,1034,0,5.8396,-0.1464,01111011
EXSH0001,2016-10-28T03:23:47Z,48.3600,-4.7800,1034,0,5.8004,-0.1356,01111011
EXSH0001,2016-10-28T03:28:47Z,48.3600,-4.7800,1034,0,5.7258,-0.1587,01111011
EXSH0001,2016-10-28T03:33:47Z,48.3600,-4.7800,1034,0,5.6908,-0.1498,01111011
EXSH0001,2016-10-28T03:38:47Z,48.3600,-4.7800,1034,0,5.6193,-0.1613,01111011
EXSH0001,2016-10-28T03:43:47Z,48.3600,-4.7800,1034,0,5.5733,-0.1375,01111011
EXSH0001,2016-10-28T03:48:47Z,48.3600,-4.7800,1034,0,5.5215,-0.1291,01111011
EXSH0001,2016-10-28T03:53:47Z,48.3600,-4.7800,1034,0,5.4391,-0.1417,01111011
EXSH0001,2016-10-28T03:58:47Z,48.3600,-4.7800,1034,0,5.3677,-0.1429,01111011
EXSH0001,2016-10-28T04:03:47Z,48.3600,-4.7800,1033.6,0,5.3083,-0.1325,01111011
EXSH0001,2016-10-28T04:08:47Z,48.3600,-4.7800,1033.6,0,5.2695,-0.0962,01111011
EXSH0001,2016-10-28T04:13:47Z,48.3600,-4.7800,1033.6,0,5.1938,-0.0969,01111011
EXSH0001,2016-10-28T04:18:47Z,48.3600,-4.7800,1033.6,0,5.132,-0.0838,01111011
EXSH0001,2016-10-28T04:23:47Z,48.3600,-4.7800,1033.6,0,5.0468,-0.0939,01111011
EXSH0001,2016-10-28T04:28:47Z,48.3600,-4.7800,1033.6,0,4.9675,-0.0882,01111011
EXSH0001,2016-10-28T05:34:32Z,48.3600,-4.7800,,0,3.9231,-0.0747,01119011
EXSH0001,2016-10-28T05:39:32Z,48.3600,-4.7800,,0,3.8505,-0.0628,01119011
EXSH0001,2016-10-28T05:44:32Z,48.3600,-4.7800,,0,3.7555,-0.0678,01119011
EXSH0001,2016-10-28T05:49:32Z,48.3600,-4.7800,,0,3.6685,-0.0648,01119011
EXSH0001,2016-10-28T05:54:32Z,48.3600,-4.7800,,0,3.5887,-0.0646,01119011
EXSH0001,2016-10-28T05:59:32Z,48.3600,-4.7800,,0,3.4968,-0.0665,01119011
EXSH0001,2016-10-28T06:04:32Z,48.3600,-4.7800,1034,0,3.4196,-0.0582,01111011
EXSH0001,2016-10-28T06:09:32Z,48.3600,-4.7800,1034,0,3.3501,-0.0432,01111011
EXSH0001,2016-10-28T06:14:32Z,48.3600,-4.7800,1034,0,3.2533,-0.0545,01111011
EXSH0001,2016-10-28T06:19:32Z,48.3600,-4.7800,1034,0,3.1839,-0.0394,01111011
EXSH0001,2016-10-28T06:24:32Z,48.3600,-4.7800,1034,0,3.0855,-0.0523,01111011
EXSH0001,2016-10-28T06:29:32Z,48.3600,-4.7800,1034,0,3.0173,-0.036,01111011
EXSH0001,2016-10-28T06:34:32Z,48.3600,-4.7800,1034,0,2.9545,-0.0413,01111011
EXSH0001,2016-10-28T06:39:32Z,48.3600,-4.7800,1034,0,2.8839,-0.031,01111011
EXSH0001,2016-10-28T06:44:32Z,48.3600,-4.7800,1034,0,2.8129,-0.0229,01111011
EXSH0001,2016-10-28T06:49:32Z,48.3600,-4.7800,1034,0,2.7162,-0.0445,01111011
EXSH0001,2016-10-28T06:54:32Z,48.3600,-4.7800,1034,0,2.6387,-0.0471,01111011
EXSH0001,2016-10-28T06:59:32Z,48.3600,-4.7800,1034,0,2.5468,-0.0639,01111011
EXSH0001,2016-10-28T07:04:32Z,48.3600,-4.7800,1034.4,0,2.4895,-0.0562,01111011
EXSH0001,2016-10-28T07:09:32Z,48.3600,-4.7800,1034.4,0,2.4195,-0.0512,01111011
EXSH0001,2016-10-28T07:14:32Z,48.3600,-4.7800,1034.4,0,2.3819,-0.0247,01111011
EXSH0001,2016-10-28T07:19:32Z,48.3600,-4.7800,1034.4,0,2.3125,-0.0341,01111011
EXSH0001,2016-10-28T07:24:32Z,48.3600,-4.7800,1034.4,0,2.2595,-0.0271,01111011
EXSH0001,2016-10-28T07:29:32Z,48.3600,-4.7800,1034.4,0,2.1902,-0.0364,01111011
EXSH0001,2016-10-28T07:34:32Z,48.3600,-4.7800,1034.4,0,2.1132,-0.0758,01111011
EXSH0001,2016-10-28T07:39:32Z,48.3600,-4.7800,1034.4,0,2.0509,-0.0911,01111011
EXSH0001,2016-10-28T07:44:32Z,48.3600,-4.7800,1034.4,0,2.0339,-0.0551,01111011
EXSH0001,2016-10-28T07:49:32Z,48.3600,-4.7800,1034.4,0,1.9842,-0.0618,01111011
EXSH0001,2016-10-28T07:54:32Z,48.3600,-4.7800,1034.4,0,1.9584,-0.0506,01111011
EXSH0001,2016-10-28T07:59:32Z,48.3600,-4.7800,1034.4,0,1.9129,-0.0631,01111011
EXSH0001,2016-10-28T08:04:32Z,48.3600,-4.7800,1035,0,1.8729,-0.0731,01111011
EXSH0001,2016-10-28T08:09:32Z,48.3600,-4.7800,1035,0,1.838,-0.078,01111011
EXSH0001,2016-10-28T08:14:32Z,48.3600,-4.7800,1035,0,1.8225,-0.0635,01111011
EXSH0001,2016-10-28T08:19:32Z,48.3600,-4.7800,1035,0,1.813,-0.055,01111011
EXSH0001,2016-10-28T08:24:32Z,48.3600,-4.7800,1035,0,1.7715,-0.0815,01111011
EXSH0001,2016-10-28T08:29:32Z,48.3600,-4.7800,1035,0,1.7601,-0.0779,01111011
EXSH0001,2016-10-28T08:34:32Z,48.3600,-4.7800,1035,0,1.7547,-0.0753,01111011
EXSH0001,2016-10-28T08:39:32Z,48.3600,-4.7800,1035,0,1.7534,-0.0684,01111011
EXSH0001,2016-10-28T08:44:32Z,48.3600,-4.7800,1035,0,1.7346,-0.0854,01111011
EXSH0001,2016-10-28T08:49:32Z,48.3600,-4.7800,1035,0,1.7668,-0.0532,01111011
EXSH0001,2016-10-28T08:54:32Z,48.3600,-4.7800,1035,0,1.7457,-0.0843,01111011
EXSH0001,2016-10-28T08:59:32Z,48.3600,-4.7800,1035,0,1.7551,-0.0831,01111011
EXSH0001,2016-10-28T09:04:32Z,48.3600,-4.7800,1035.4,0,1.7781,-0.0751,01111011
EXSH0001,2016-10-28T09:09:32Z,48.3600,-4.7800,1035.4,0,1.7836,-0.0845,01111011
EXSH0001,2016-10-28T09:14:32Z,48.3600,-4.7800,1035.4,0,1.8048,-0.0915,01111011
EXSH0001,2016-10-28T09:19:32Z,48.3600,-4.7800,1035.4,0,1.8107,-0.1074,01111011
EXSH0001,2016-10-28T09:24:32Z,48.3600,-4.7800,1035.4,0,1.8485,-0.101,01111011
EXSH0001,2016-10-28T09:29:32Z,48.3600,-4.7800,1035.4,0,1.8535,-0.1328,01111011
EXSH0001,2016-10-28T09:34:32Z,48.3600,-4.7800,1035.4,0,1.9021,-0.1166,01111011
EXSH0001,2016-10-28T09:39:32Z,48.3600,-4.7800,1035.4,0,1.9349,-0.1188,01111011
EXSH0001,2016-10-28T09:44:32Z,48.3600,-4.7800,1035.4,0,1.9791,-0.1291,01111011
EXSH0001,2016-10-28T09:49:32Z,48.3600,-4.7800,1035.4,0,2.0316,-0.122,01111011
EXSH0001,2016-10-28T09:54:32Z,48.3600,-4.7800,1035.4,0,2.0873,-0.1209,01111011
EXSH0001,2016-10-28T09:59:32Z,48.3600,-4.7800,1035.4,0,2.1377,-0.1305,01111011
EXSH0001,2016-10-28T10:04:32Z,48.3600,-4.7800,1035.7,0,2.2071,-0.1211,01111011
EXSH0001,2016-10-28T10:09:32Z,48.3600,-4.7800,1035.7,0,2.2632,-0.135,01111011
EXSH0001,2016-10-28T10:14:32Z,48.3600,-4.7800,1035.7,0,2.3369,-0.1308,01111011
EXSH0001,2016-10-28T10:19:32Z,48.3600,-4.7800,1035.7,0,2.3917,-0.151,01111011
EXSH0001,2016-10-28T10:24:32Z,48.3600,-4.7800,1035.7,0,2.4767,-0.1506,01111011
EXSH0001,2016-10-28T10:29:32Z,48.3600,-4.7800,1035.7,0,2.5379,-0.1694,01111011
EXSH0001,2016-10-28T10:34:32Z,48.3600,-4.7800,1035.7,0,2.6414,-0.1273,01111011
EXSH0001,2016-10-28T10:39:32Z,48.3600,-4.7800,1035.7,0,2.7285,-0.126,01111011
EXSH0001,2016-10-28T10:44:32Z,48.3600,-4.7800,1035.7,0,2.8228,-0.1217,01111011
EXSH0001,2016-10-28T10:49:32Z,48.3600,-4.7800,1035.7,0,2.9135,-0.131,01111011
EXSH0001,2016-10-28T10:54:32Z,48.3600,-4.7800,1035.7,0,2.9823,-0.1522,01111011
EXSH0001,2016-10-28T10:59:32Z,48.3600,-4.7800,1035.7,0,3.0979,-0.1366,01111011
EXSH0001,2016-10-28T11:04:32Z,48.3600,-4.7800,1035.4,0,3.1645,-0.1657,01111011
EXSH0001,2016-10-28T11:09:32Z,48.3600,-4.7800,1035.4,0,3.2784,-0.1569,01111011
EXSH0001,2016-10-28T11:14:32Z,48.3600,-4.7800,1035.4,0,3.3737,-0.1608,01111011
EXSH0001,2016-10-28T11:19:32Z,48.3600,-4.7800,1035.4,0,3.4481,-0.1871,01111011
EXSH0001,2016-10-28T11:24:32Z,48.3600,-4.7800,1035.4,0,3.5468,-0.1934,01111011
EXSH0001,2016-10-28T11:29:32Z,48.3600,-4.7800,1035.4,0,3.6494,-0.1959,01111011
EXSH0001,2016-10-28T11:34:32Z,48.3600,-4.7800,1035.4,0,3.7393,-0.1854,01111011
EXSH0001,2016-10-28T11:39:32Z,48.3600,-4.7800,1035.4,0,3.8451,-0.1846,01111011
EXSH0001,2016-10-28T11:44:32Z,48.3600,-4.7800,1035.4,0,3.9544,-0.1803,01111011
EXSH0001,2016-10-28T11:49:32Z,48.3600,-4.7800,1035.4,0,4.0546,-0.1851,01111011
EXSH0001,2016-10-28T11:54:32Z,48.3600,-4.7800,1035.4,0,4.1547,-0.19,01111011
EXSH0001,2016-10-28T11:59:32Z,48.3600,-4.7800,1035.4,0,4.2521,-0.1976,01111011
EXSH0001,2016-10-28T12:04:32Z,48.3600,-4.7800,1034.9,0,4.3589,-0.1858,01111011
EXSH0001,2016-10-28T12:09:32Z,48.3600,-4.7800,1034.9,0,4.4421,-0.2076,01111011
EXSH0001,2016-10-28T12:14:32Z,48.3600,-4.7800,1034.9,0,4.5597,-0.185,01111011
EXSH0001,2016-10-28T12:19:32Z,48.3600,-4.7800,1034.9,0,4.6579,-0.1918,01111011
EXSH0001,2016-10-28T12:24:32Z,48.3600,-4.7800,1034.9,0,4.7581,-0.1845,01111011
EXSH0001,2016-10-28T12:29:32Z,48.3600,-4.7800,1034.9,0,4.8475,-0.1922,01111011
EXSH0001,2016-10-28T12:34:32Z,48.3600,-4.7800,1034.9,0,4.9298,-0.18,01111011
EXSH0001,2016-10-28T12:39:32Z,48.3600,-4.7800,1034.9,0,5.0232,-0.1766,01111011
EXSH0001,2016-10-28T12:44:32Z,48.3600,-4.7800,1034.9,0,5.0945,-0.1953,01111011
EXSH0001,2016-10-28T12:49:32Z,48.3600,-4.7800,1034.9,0,5.191,-0.1888,01111011
EXSH0001,2016-10-28T12:54:32Z,48.3600,-4.7800,1034.9,0,5.2723,-0.1975,01111011
EXSH0001,2016-10-28T12:59:32Z,48.3600,-4.7800,1034.9,0,5.3509,-0.1989,01111011
EXSH0001,2016-10-28T13:04:32Z,48.3600,-4.7800,1034.6,0,5.4249,-0.2066,01111011
EXSH0001,2016-10-28T13:09:32Z,48.3600,-4.7800,1034.6,0,5.5059,-0.2106,01111011
EXSH0001,2016-10-28T13:14:32Z,48.3600,-4.7800,1034.6,0,5.588,-0.2035,01111011
EXSH0001,2016-10-28T13:19:32Z,48.3600,-4.7800,1034.6,0,5.6773,-0.1859,01111011
EXSH0001,2016-10-28T13:24:32Z,48.3600,-4.7800,1034.6,0,5.7426,-0.1889,01111011
EXSH0001,2016-10-28T13:29:32Z,48.3600,-4.7800,1034.6,0,5.7963,-0.2002,01111011
EXSH0001,2016-10-28T13:34:32Z,48.3600,-4.7800,1034.6,0,5.8654,-0.1824,01111011
EXSH0001,2016-10-28T13:39:32Z,48.3600,-4.7800,1034.6,0,5.9175,-0.1903,01111011
EXSH0001,2016-10-28T13:44:32Z,48.3600,-4.7800,1034.6,0,5.9719,-0.1859,01111011
EXSH0001,2016-10-28T13:49:32Z,48.3600,-4.7800,1034.6,0,6.0224,-0.1859,01111011
EXSH0001,2016-10-28T13:54:32Z,48.3600,-4.7800,1034.6,0,6.0779,-0.1755,01111011
EXSH0001,2016-10-28T13:59:32Z,48.3600,-4.7800,1034.6,0,6.1082,-0.1901,01111011
EXSH0001,2016-10-28T14:04:32Z,48.3600,-4.7800,1034.1,0,6.1506,-0.1883,01111011
EXSH0001,2016-10-28T14:09:32Z,48.3600,-4.7800,1034.1,0,6.1835,-0.1854,01111011
EXSH0001,2016-10-28T14:14:32Z,48.3600,-4.7800,1034.1,0,6.1971,-0.1974,01111011
EXSH0001,2016-10-28T14:19:32Z,48.3600,-4.7800,1034.1,0,6.2151,-0.2038,01111011
EXSH0001,2016-10-28T14:24:32Z,48.3600,-4.7800,1034.1,0,6.2303,-0.2042,01111011
EXSH0001,2016-10-28T14:29:32Z,48.3600,-4.7800,1034.1,0,6.256,-0.1934,01111011
EXSH0001,2016-10-28T14:34:32Z,48.3600,-4.7800,1034.1,0,6.2652,-0.1848,01111011
EXSH0001,2016-10-28T14:39:32Z,48.3600,-4.7800,1034.1,0,6.2811,-0.1689,01111011
EXSH0001,2016-10-28T14:44:32Z,48.3600,-4.7800,1034.1,0,6.272,-0.1772,01111011
EXSH0001,2016-10-28T14:49:32Z,48.3600,-4.7800,1034.1,0,6.2784,-0.1616,01111011
EXSH0001,2016-10-28T14:54:32Z,48.3600,-4.7800,1034.1,0,6.2643,-0.164,01111011
EXSH0001,2016-10-28T14:59:32Z,48.3600,-4.7800,1034.1,0,6.2758,-0.1283,01111011
EXSH0001,2016-10-28T15:04:32Z,48.3600,-4.7800,1033.7,0,6.2339,-0.1444,01111011
EXSH0001,2016-10-28T15:09:32Z,48.3600,-4.7800,1033.7,0,6.1993,-0.149,01111011
EXSH0001,2016-10-28T15:14:32Z,48.3600,-4.7800,1033.7,0,6.1557,-0.1626,01111011
EXSH0001,2016-10-28T15:19:32Z,48.3600,-4.7800,1033.7,0,6.1289,-0.1535,01111011
EXSH0001,2016-10-28T15:24:32Z,48.3600,-4.7800,1033.7,0,6.0941,-0.1433,01111011
EXSH0001,2016-10-28T15:29:32Z,48.3600,-4.7800,1033.7,0,6.0726,-0.1198,01111011
EXSH0001,2016-10-28T15:34:32Z,48.3600,-4.7800,1033.7,0,6.0036,-0.1484,01111011
EXSH0001,2016-10-28T15:39:32Z,48.3600,-4.7800,1033.7,0,5.9555,-0.1465,01111011
EXSH0001,2016-10-28T15:44:32Z,48.3600,-4.7800,1033.7,0,5.8993,-0.1427,01111011
EXSH0001,2016-10-28T15:49:32Z,48.3600,-4.7800,1033.7,0,5.8442,-0.1378,01111011
EXSH0001,2016-10-28T15:54:32Z,48.3600,-4.7800,1033.7,0,5.7818,-0.1402,01111011
EXSH0001,2016-10-28T15:59:32Z,48.3600,-4.7800,1033.7,0,5.7199,-0.1321,01111011
EXSH0001,2016-10-28T16:04:32Z,48.3600,-4.7800,1033.6,0,5.6567,-0.1283,01111011
EXSH0001,2016-10-28T16:09:32Z,48.3600,-4.7800,1033.6,0,5.5896,-0.1304,01111011
EXSH0001,2016-10-28T16:14:32Z,48.3600,-4.7800,1033.6,0,5.5416,-0.1034,01111011
EXSH0001,2016-10-28T16:19:32Z,48.3600,-4.7800,1033.6,0,5.4791,-0.0909,01111011
EXSH0001,2016-10-28T16:24:32Z,48.3600,-4.7800,1033.6,0,5.4099,-0.0781,01111011
EXSH0001,2016-10-28T16:29:32Z,48.3600,-4.7800,1033.6,0,5.3255,-0.0845,01111011
EXSH0001,2016-10-28T16:34:32Z,48.3600,-4.7800,1033.6,0,5.2586,-0.0925,01111011
EXSH0001,2016-10-28T16:39:32Z,48.3600,-4.7800,1033.6,0,5.1731,-0.0961,01111011
EXSH0001,2016-10-28T16:44:32Z,48.3600,-4.7800,1033.6,0,5.1031,-0.0812,01111011
EXSH0001,2016-10-28T16:49:32Z,48.3600,-4.7800,1033.6,0,5.0363,-0.0648,01111011
EXSH0001,2016-10-28T16:54:32Z,48.3600,-4.7800,1033.6,0,4.9486,-0.0725,01111011
EXSH0001,2016-10-28T16:59:32Z,48.3600,-4.7800,1033.6,0,4.8591,-0.072,01111011
EXSH0001,2016-10-28T17:04:32Z,48.3600,-4.7800,1033.5,0,4.7786,-0.0625,01111011
EXSH0001,2016-10-28T17:09:32Z,48.3600,-4.7800,1033.5,0,4.6856,-0.0736,01111011
EXSH0001,2016-10-28T17:14:32Z,48.3600,-4.7800,1033.5,0,4.5987,-0.0724,01111011
EXSH0001,2016-10-28T17:19:32Z,48.3600,-4.7800,1033.5,0,4.5005,-0.0806,01111011
EXSH0001,2016-10-28T17:24:32Z,48.3600,-4.7800,1033.5,0,4.4165,-0.0746,01111011
EXSH0001,2016-10-28T17:29:32Z,48.3600,-4.7800,1033.5,0,4.3329,-0.0682,01111011
EXSH0001,2016-10-28T17:34:32Z,48.3600,-4.7800,1033.5,0,4.2424,-0.0903,01111011
EXSH0001,2016-10-28T17:39:32Z,48.3600,-4.7800,1033.5,0,4.1551,-0.0876,01111011
EXSH0001,2016-10-28T17:44:32Z,48.3600,-4.7800,1033.5,0,4.0662,-0.0865,01111011
EXSH0001,2016-10-28T17:49:32Z,48.3600,-4.7800,1033.5,0,3.9641,-0.0986,01111011
EXSH0001,2016-10-28T17:54:32Z,48.3600,-4.7800,1033.5,0,3.8929,-0.0702,01111011
EXSH0001,2016-10-28T17:59:32Z,48.3600,-4.7800,1033.5,0,3.8073,-0.0654,01111011
EXSH0001,2016-10-28T18:04:32Z,48.3600,-4.7800,1033.8,0,3.7253,-0.0574,01111011
EXSH0001,2016-10-28T18:09:32Z,48.3600,-4.7800,1033.8,0,3.6457,-0.047,01111011
EXSH0001,2016-10-28T18:14:32Z,48.3600,-4.7800,1033.8,0,3.5315,-0.0712,01111011
EXSH0001,2016-10-28T18:19:32Z,48.3600,-4.7800,1033.8,0,3.4435,-0.0692,01111011
EXSH0001,2016-10-28T18:24:32Z,48.3600,-4.7800,1033.8,0,3.3558,-0.0669,01111011
EXSH0001,2016-10-28T18:29:32Z,48.3600,-4.7800,1033.8,0,3.2712,-0.0615,01111011
EXSH0001,2016-10-28T18:34:32Z,48.3600,-4.7800,1033.8,0,3.1946,-0.0709,01111011
EXSH0001,2016-10-28T18:39:32Z,48.3600,-4.7800,1033.8,0,3.1003,-0.0752,01111011
EXSH0001,2016-10-28T18:44:32Z,48.3600,-4.7800,1033.8,0,3.018,-0.0675,01111011
EXSH0001,2016-10-28T18:49:32Z,48.3600,-4.7800,1033.8,0,2.9377,-0.0578,01111011
EXSH0001,2016-10-28T18:54:32Z,48.3600,-4.7800,1033.8,0,2.8456,-0.0656,01111011
EXSH0001,2016-10-28T18:59:32Z,48.3600,-4.7800,1033.8,0,2.7733,-0.0522,01111011
EXSH0001,2016-10-28T19:04:32Z,48.3600,-4.7800,1034,0,2.6864,-0.0549,01111011
EXSH0001,2016-10-28T19:09:32Z,48.3600,-4.7800,1034,0,2.6074,-0.0488,01111011
EXSH0001,2016-10-28T19:14:32Z,48.3600,-4.7800,1034,0,2.5254,-0.0558,01111011
EXSH0001,2016-10-28T19:19:32Z,48.3600,-4.7800,1034,0,2.4349,-0.0713,01111011
EXSH0001,2016-10-28T19:24:32Z,48.3600,-4.7800,1034,0,2.3665,-0.0648,01111011
EXSH0001,2016-10-28T19:29:32Z,48.3600,-4.7800,1034,0,2.2959,-0.0603,01111011
EXSH0001,2016-10-28T19:34:32Z,48.3600,-4.7800,1034,0,2.2312,-0.0704,01111011
EXSH0001,2016-10-28T19:39:32Z,48.3600,-4.7800,1034,0,2.1647,-0.0698,01111011
EXSH0001,2016-10-28T19:44:32Z,48.3600,-4.7800,1034,0,2.1014,-0.0702,01111011
EXSH0001,2016-10-28T19:49:32Z,48.3600,-4.7800,1034,0,2.0498,-0.0618,01111011
EXSH0001,2016-10-28T19:54:32Z,48.3600,-4.7800,1034,0,1.9835,-0.0681,01111011
EXSH0001,2016-10-28T19:59:32Z,48.3600,-4.7800,1034,0,1.9283,-0.0633,01111011
EXSH0001,2016-10-28T20:04:32Z,48.3600,-4.7800,1033.7,0,1.8706,-0.0731,01111011
EXSH0001,2016-10-28T20:09:32Z,48.3600,-4.7800,1033.7,0,1.8256,-0.0731,01111011
EXSH0001,2016-10-28T20:14:32Z,48.3600,-4.7800,1033.7,0,1.7833,-0.0704,01111011
EXSH0001,2016-10-28T20:19:32Z,48.3600,-4.7800,1033.7,0,1.7359,-0.0728,01111011
EXSH0001,2016-10-28T20:24:32Z,48.3600,-4.7800,1033.7,0,1.7073,-0.0685,01111011
EXSH0001,2016-10-28T20:29:32Z,48.3600,-4.7800,1033.7,0,1.6511,-0.0947,01111011
EXSH0001,2016-10-28T20:34:32Z,48.3600,-4.7800,1033.7,0,1.62,-0.1034,01111011
EXSH0001,2016-10-28T20:39:32Z,48.3600,-4.7800,1033.7,0,1.5853,-0.1114,01111011
EXSH0001,2016-10-28T20:44:32Z,48.3600,-4.7800,1033.7,0,1.5872,-0.0862,01111011
EXSH0001,2016-10-28T20:49:32Z,48.3600,-4.7800,1033.7,0,1.5597,-0.097,01111011
EXSH0001,2016-10-28T20:54:32Z,48.3600,-4.7800,1033.7,0,1.5549,-0.0868,01111011
EXSH0001,2016-10-28T20:59:32Z,48.3600,-4.7800,1033.7,0,1.5379,-0.0988,01111011
EXSH0001,2016-10-28T21:04:32Z,48.3600,-4.7800,1033.7,0,1.5264,-0.1036,01111011
EXSH0001,2016-10-28T21:09:32Z,48.3600,-4.7800,1033.7,0,1.5441,-0.0859,01111011
EXSH0001,2016-10-28T21:14:32Z,48.3600,-4.7800,1033.7,0,1.5438,-0.0945,01111011
EXSH0001,2016-10-28T21:19:32Z,48.3600,-4.7800,1033.7,0,1.5599,-0.0834,01111011
EXSH0001,2016-10-28T21:24:32Z,48.3600,-4.7800,1033.7,0,1.5567,-0.1016,01111011
EXSH0001,2016-10-28T21:29:32Z,48.3600,-4.7800,1033.7,0,1.5517,-0.1216,01111011
EXSH0001,2016-10-28T21:34:32Z,48.3600,-4.7800,1033.7,0,1.5945,-0.0944,01111011
EXSH0001,2016-10-28T21:39:32Z,48.3600,-4.7800,1033.7,0,1.5949,-0.1145,01111011
EXSH0001,2016-10-28T21:44:32Z,48.3600,-4.7800,1033.7,0,1.629,-0.1099,01111011
EXSH0001,2016-10-28T21:49:32Z,48.3600,-4.7800,1033.7,0,1.657,-0.1213,01111011
EXSH0001,2016-10-28T21:54:32Z,48.3600,-4.7800,1033.7,0,1.6955,-0.1179,01111011
EXSH0001,2016-10-28T21:59:32Z,48.3600,-4.7800,1033.7,0,1.7395,-0.1188,01111011
EXSH0001,2016-10-28T22:04:32Z,48.3600,-4.7800,1033.8,0,1.7876,-0.1158,01111011
EXSH0001,2016-10-28T22:09:32Z,48.3600,-4.7800,1033.8,0,1.8263,-0.1315,01111011
EXSH0001,2016-10-28T22:14:32Z,48.3600,-4.7800,1033.8,0,1.8892,-0.1186,01111011
EXSH0001,2016-10-28T22:19:32Z,48.3600,-4.7800,1033.8,0,1.9321,-0.1451,01111011
EXSH0001,2016-10-28T22:24:32Z,48.3600,-4.7800,1033.8,0,2.0172,-0.1206,01111011
EXSH0001,2016-10-28T22:29:32Z,48.3600,-4.7800,1033.8,0,2.0787,-0.1285,01111011
EXSH0001,2016-10-28T22:34:32Z,48.3600,-4.7800,1033.8,0,2.1528,-0.1114,01111011
EXSH0001,2016-10-28T22:39:32Z,48.3600,-4.7800,1033.8,0,2.2368,-0.1024,01111011
EXSH0001,2016-10-28T22:44:32Z,48.3600,-4.7800,1033.8,0,2.2965,-0.1278,01111011
EXSH0001,2016-10-28T22:49:32Z,48.3600,-4.7800,1033.8,0,2.3971,-0.108,01111011
EXSH0001,2016-10-28T22:54:32Z,48.3600,-4.7800,1033.8,0,2.4699,-0.1252,01111011
EXSH0001,2016-10-28T22:59:32Z,48.3600,-4.7800,1033.8,0,2.5744,-0.1107,01111011
EXSH0001,2016-10-28T23:04:32Z,48.3600,-4.7800,1033.4,0,2.6547,-0.1304,01111011
EXSH0001,2016-10-28T23:09:32Z,48.3600,-4.7800,1033.4,0,2.7497,-0.1313,01111011
EXSH0001,2016-10-28T23:14:32Z,48.3600,-4.7800,1033.4,0,2.8435,-0.1416,01111011
EXSH0001,2016-10-28T23:19:32Z,48.3600,-4.7800,1033.4,0,2.9369,-0.144,01111011
EXSH0001,2016-10-28T23:24:32Z,48.3600,-4.7800,1033.4,0,3.0473,-0.1387,01111011
EXSH0001,2016-10-28T23:29:32Z,48.3600,-4.7800,1033.4,0,3.1631,-0.1337,01111011
EXSH0001,2016-10-28T23:34:32Z,48.3600,-4.7800,1033.4,0,3.2661,-0.1129,01111011
EXSH0001,2016-10-28T23:39:32Z,48.3600,-4.7800,1033.4,0,3.3649,-0.1191,01111011
EXSH0001,2016-10-28T23:44:32Z,48.3600,-4.7800,1033.4,0,3.4737,-0.1223,01111011
EXSH0001,2016-10-28T23:49:32Z,48.3600,-4.7800,1033.4,0,3.5629,-0.1411,01111011
EXSH0001,2016-10-28T23:54:32Z,48.3600,-4.7800,1033.4,0,3.6943,-0.1217,01111011
EXSH0001,2016-10-28T23:59:32Z,48.3600,-4.7800,1033.4,0,3.792,-0.134,01111011
EXSH0001,2016-10-29T00:04:32Z,48.3600,-4.7800,1033.1,0,3.8991,-0.1399,01111011
EXSH0001,2016-10-29T00:09:32Z,48.3600,-4.7800,1033.1,0,4.0081,-0.1379,01111011
EXSH0001,2016-10-29T00:14:32Z,48.3600,-4.7800,1033.1,0,4.1195,-0.1395,01111011
EXSH0001,2016-10-29T00:19:32Z,48.3600,-4.7800,1033.1,0,4.2203,-0.1457,01111011
EXSH0001,2016-10-29T00:24:32Z,48.3600,-4.7800,1033.1,0,4.3235,-0.1555,01111011
EXSH0001,2016-10-29T00:29:32Z,48.3600,-4.7800,1033.1,0,4.4294,-0.1546,01111011
EXSH0001,2016-10-29T00:34:32Z,48.3600,-4.7800,1033.1,0,4.5463,-0.1258,01111011
EXSH0001,2016-10-29T00:39:32Z,48.3600,-4.7800,1033.1,0,4.6578,-0.1193,01111011
EXSH0001,2016-10-29T00:44:32Z,48.3600,-4.7800,1033.1,0,4.7561,-0.126,01111011
EXSH0001,2016-10-29T00:49:32Z,48.3600,-4.7800,1033.1,0,4.8463,-0.1326,01111011
EXSH0001,2016-10-29T00:54:32Z,48.3600,-4.7800,1033.1,0,4.9391,-0.1429,01111011
EXSH0001,2016-10-29T00:59:32Z,48.3600,-4.7800,1033.1,0,5.0447,-0.1342,01111011
EXSH0001,2016-10-29T01:04:32Z,48.3600,-4.7800,1033,0,5.1318,-0.1471,01111011
EXSH0001,2016-10-29T01:09:32Z,48.3600,-4.7800,1033,0,5.2304,-0.1385,01111011
EXSH0001,2016-10-29T01:14:32Z,48.3600,-4.7800,1033,0,5.3187,-0.1434,01111011
EXSH0001,2016-10-29T01:19:32Z,48.3600,-4.7800,1033,0,5.4079,-0.1429,01111011
EXSH0001,2016-10-29T01:24:32Z,48.3600,-4.7800,1033,0,5.4872,-0.1517,01111011
EXSH0001,2016-10-29T01:29:32Z,48.3600,-4.7800,1033,0,5.5709,-0.158,01111011
EXSH0001,2016-10-29T01:34:32Z,48.3600,-4.7800,1033,0,5.6502,-0.1376,01111011
EXSH0001,2016-10-29T01:39:32Z,48.3600,-4.7800,1033,0,5.7321,-0.1307,01111011
EXSH0001,2016-10-29T01:44:32Z,48.3600,-4.7800,1033,0,5.7985,-0.1392,01111011
EXSH0001,2016-10-29T01:49:32Z,48.3600,-4.7800,1033,0,5.8693,-0.1435,01111011
EXSH0001,2016-10-29T01:54:32Z,48.3600,-4.7800,1033,0,5.9393,-0.1389,01111011
EXSH0001,2016-10-29T01:59:32Z,48.3600,-4.7800,1033,0,5.9945,-0.1437,01111011
EXSH0001,2016-10-29T02:04:32Z,48.3600,-4.7800,1032.6,0,6.0744,-0.1238,01111011
EXSH0001,2016-10-29T02:09:32Z,48.3600,-4.7800,1032.6,0,6.1254,-0.1283,01111011
EXSH0001,2016-10-29T02:14:32Z,48.3600,-4.7800,1032.6,0,6.1787,-0.1295,01111011
EXSH0001,2016-10-29T02:19:32Z,48.3600,-4.7800,1032.6,0,6.2205,-0.1286,01111011
EXSH0001,2016-10-29T02:24:32Z,48.3600,-4.7800,1032.6,0,6.2551,-0.1335,01111011
EXSH0001,2016-10-29T02:29:32Z,48.3600,-4.7800,1032.6,0,6.3048,-0.1143,01111011
EXSH0001,2016-10-29T02:34:32Z,48.3600,-4.7800,1032.6,0,6.3257,-0.1158,01111011
EXSH0001,2016-10-29T02:39:32Z,48.3600,-4.7800,1032.6,0,6.3459,-0.1248,01111011
EXSH0001,2016-10-29T02:44:32Z,48.3600,-4.7800,1032.6,0,6.3599,-0.1258,01111011
EXSH0001,2016-10-29T02:49:32Z,48.3600,-4.7800,1032.6,0,6.3758,-0.1242,01111011
EXSH0001,2016-10-29T02:54:32Z,48.3600,-4.7800,1032.6,0,6.371,-0.1347,01111011
EXSH0001,2016-10-29T02:59:32Z,48.3600,-4.7800,1032.6,0,6.3943,-0.1157,01111011
EXSH0001,2016-10-29T03:04:32Z,48.3600,-4.7800,1032.3,0,6.4031,-0.1011,01111011
EXSH0001,2016-10-29T03:09:32Z,48.3600,-4.7800,1032.3,0,6.3906,-0.0987,01111011
EXSH0001,2016-10-29T03:14:32Z,48.3600,-4.7800,1032.3,0,6.3729,-0.1014,01111011
EXSH0001,2016-10-29T03:19:32Z,48.3600,-4.7800,1032.3,0,6.3594,-0.0991,01111011
EXSH0001,2016-10-29T03:24:32Z,48.3600,-4.7800,1032.3,0,6.3367,-0.0918,01111011
EXSH0001,2016-10-29T03:29:32Z,48.3600,-4.7800,1032.3,0,6.3251,-0.0734,01111011
EXSH0001,2016-10-29T03:34:32Z,48.3600,-4.7800,1032.3,0,6.2817,-0.092,01111011
EXSH0001,2016-10-29T03:39:32Z,48.3600,-4.7800,1032.3,0,6.2365,-0.0993,01111011
EXSH0001,2016-10-29T03:44:32Z,48.3600,-4.7800,1032.3,0,6.1955,-0.0982,01111011
EXSH0001,2016-10-29T03:49:32Z,48.3600,-4.7800,1032.3,0,6.1435,-0.0981,01111011
EXSH0001,2016-10-29T03:54:32Z,48.3600,-4.7800,1032.3,0,6.0984,-0.0932,01111011
EXSH0001,2016-10-29T03:59:32Z,48.3600,-4.7800,1032.3,0,6.0443,-0.0873,01111011
EXSH0001,2016-10-29T04:04:32Z,48.3600,-4.7800,1032.4,0,5.9843,-0.0873,01111011
EXSH0001,2016-10-29T04:09:32Z,48.3600,-4.7800,1032.4,0,5.9243,-0.0873,01111011
EXSH0001,2016-10-29T04:14:32Z,48.3600,-4.7800,1032.4,0,5.8572,-0.0844,01111011
EXSH0001,2016-10-29T04:19:32Z,48.3600,-4.7800,1032.4,0,5.7918,-0.0827,01111011
EXSH0001,2016-10-29T04:24:32Z,48.3600,-4.7800,1032.4,0,5.7186,-0.0809,01111011
EXSH0001,2016-10-29T04:29:32Z,48.3600,-4.7800,1032.4,0,5.6531,-0.0714,01111011
EXSH0001,2016-10-29T05:35:32Z,48.3600,-4.7800,,0,4.5909,-0.0444,01119011
EXSH0001,2016-10-29T05:40:32Z,48.3600,-4.7800,,0,4.4923,-0.053,01119011
EXSH0001,2016-10-29T05:45:32Z,48.3600,-4.7800,,0,4.3933,-0.0545,01119011
EXSH0001,2016-10-29T05:50:32Z,48.3600,-4.7800,,0,4.3021,-0.0532,01119011
EXSH0001,2016-10-29T05:55:32Z,48.3600,-4.7800,,0,4.2207,-0.0446,01119011
EXSH0001,2016-10-29T06:00:32Z,48.3600,-4.7800,1032.3,0,4.1433,-0.022,01111011
EXSH0001,2016-10-29T06:05:32Z,48.3600,-4.7800,1032.3,0,4.0431,-0.0322,01111011
EXSH0001,2016-10-29T06:10:32Z,48.3600,-4.7800,1032.3,0,3.9418,-0.041,01111011
EXSH0001,2016-10-29T06:15:32Z,48.3600,-4.7800,1032.3,0,3.8695,-0.0158,01111011
EXSH0001,2016-10-29T06:20:32Z,48.3600,-4.7800,1032.3,0,3.7759,-0.017,01111011
EXSH0001,2016-10-29T06:25:32Z,48.3600,-4.7800,1032.3,0,3.6753,-0.02,01111011
EXSH0001,2016-10-29T06:30:32Z,48.3600,-4.7800,1032.3,0,3.5868,-0.0185,01111011
EXSH0001,2016-10-29T06:35:32Z,48.3600,-4.7800,1032.3,0,3.4917,-0.0452,01111011
EXSH0001,2016-10-29T06:40:32Z,48.3600,-4.7800,1032.3,0,3.4097,-0.0284,01111011
EXSH0001,2016-10-29T06:45:32Z,48.3600,-4.7800,1032.3,0,3.324,-0.0229,01111011
EXSH0001,2016-10-29T06:50:32Z,48.3600,-4.7800,1032.3,0,3.2387,-0.0182,01111011
EXSH0001,2016-10-29T06:55:32Z,48.3600,-4.7800,1032.3,0,3.1457,-0.0212,01111011
EXSH0001,2016-10-29T07:00:32Z,48.3600,-4.7800,1032.5,0,3.0412,-0.0357,01111011
EXSH0001,2016-10-29T07:05:32Z,48.3600,-4.7800,1032.5,0,2.9683,-0.0186,01111011
EXSH0001,2016-10-29T07:10:32Z,48.3600,-4.7800,1032.5,0,2.8847,-0.0211,01111011
EXSH0001,2016-10-29T07:15:32Z,48.3600,-4.7800,1032.5,0,2.8141,-0.0028,01111011
EXSH0001,2016-10-29T07:20:32Z,48.3600,-4.7800,1032.5,0,2.7265,-0.0092,01111011
EXSH0001,2016-10-29T07:25:32Z,48.3600,-4.7800,1032.5,0,2.649,-0.0018,01111011
EXSH0001,2016-10-29T07:30:32Z,48.3600,-4.7800,1032.5,0,2.5639,-0.003,01111011
EXSH0001,2016-10-29T07:35:32Z,48.3600,-4.7800,1032.5,0,2.485,-0.025,01111011
EXSH0001,2016-10-29T07:40:32Z,48.3600,-4.7800,1032.5,0,2.4161,-0.0189,01111011
EXSH0001,2016-10-29T07:45:32Z,48.3600,-4.7800,1032.5,0,2.3391,-0.0209,01111011
EXSH0001,2016-10-29T07:50:32Z,48.3600,-4.7800,1032.5,0,2.2665,-0.0235,01111011
EXSH0001,2016-10-29T07:55:32Z,48.3600,-4.7800,1032.5,0,2.1907,-0.0293,01111011
EXSH0001,2016-10-29T08:00:32Z,48.3600,-4.7800,1032.5,0,2.1356,-0.0244,01111011
EXSH0001,2016-10-29T08:05:32Z,48.3600,-4.7800,1032.5,0,2.0597,-0.0303,01111011
EXSH0001,2016-10-29T08:10:32Z,48.3600,-4.7800,1032.5,0,2.0065,-0.0335,01111011
EXSH0001,2016-10-29T08:15:32Z,48.3600,-4.7800,1032.5,0,1.9409,-0.0391,01111011
EXSH0001,2016-10-29T08:20:32Z,48.3600,-4.7800,1032.5,0,1.8966,-0.0334,01111011
EXSH0001,2016-10-29T08:25:32Z,48.3600,-4.7800,1032.5,0,1.8477,-0.0323,01111011
EXSH0001,2016-10-29T08:30:32Z,48.3600,-4.7800,1032.5,0,1.8107,-0.0243,01111011
EXSH0001,2016-10-29T08:35:32Z,48.3600,-4.7800,1032.5,0,1.7729,-0.0348,01111011
EXSH0001,2016-10-29T08:40:32Z,48.3600,-4.7800,1032.5,0,1.7403,-0.0274,01111011
EXSH0001,2016-10-29T08:45:32Z,48.3600,-4.7800,1032.5,0,1.6858,-0.0519,01111011
EXSH0001,2016-10-29T08:50:32Z,48.3600,-4.7800,1032.5,0,1.6594,-0.0494,01111011
EXSH0001,2016-10-29T08:55:32Z,48.3600,-4.7800,1032.5,0,1.6135,-0.0742,01111011
EXSH0001,2016-10-29T09:00:32Z,48.3600,-4.7800,1032.3,0,1.6085,-0.0603,01111011
EXSH0001,2016-10-29T09:05:32Z,48.3600,-4.7800,1032.3,0,1.5817,-0.0721,01111011
EXSH0001,2016-10-29T09:10:32Z,48.3600,-4.7800,1032.3,0,1.5894,-0.0495,01111011
EXSH0001,2016-10-29T09:15:32Z,48.3600,-4.7800,1032.3,0,1.5874,-0.0426,01111011
EXSH0001,2016-10-29T09:20:32Z,48.3600,-4.7800,1032.3,0,1.5765,-0.0535,01111011
EXSH0001,2016-10-29T09:25:32Z,48.3600,-4.7800,1032.3,0,1.5863,-0.0437,01111011
EXSH0001,2016-10-29T09:30:32Z,48.3600,-4.7800,1032.3,0,1.5796,-0.0515,01111011
EXSH0001,2016-10-29T09:35:32Z,48.3600,-4.7800,1032.3,0,1.5889,-0.0536,01111011
EXSH0001,2016-10-29T09:40:32Z,48.3600,-4.7800,1032.3,0,1.5897,-0.0678,01111011
EXSH0001,2016-10-29T09:45:32Z,48.3600,-4.7800,1032.3,0,1.5916,-0.0809,01111011
EXSH0001,2016-10-29T09:50:32Z,48.3600,-4.7800,1032.3,0,1.6115,-0.0836,01111011
EXSH0001,2016-10-29T09:55:32Z,48.3600,-4.7800,1032.3,0,1.6193,-0.1058,01111011
EXSH0001,2016-10-29T10:00:32Z,48.3600,-4.7800,1031.9,0,1.6505,-0.1046,01111011
EXSH0001,2016-10-29T10:05:32Z,48.3600,-4.7800,1031.9,0,1.6825,-0.1052,01111011
EXSH0001,2016-10-29T10:10:32Z,48.3600,-4.7800,1031.9,0,1.7327,-0.1,01111011
EXSH0001,2016-10-29T10:15:32Z,48.3600,-4.7800,1031.9,0,1.7805,-0.0972,01111011
EXSH0001,2016-10-29T10:20:32Z,48.3600,-4.7800,1031.9,0,1.8212,-0.1015,01111011
EXSH0001,2016-10-29T10:25:32Z,48.3600,-4.7800,1031.9,0,1.8672,-0.113,01111011
EXSH0001,2016-10-29T10:30:32Z,48.3600,-4.7800,1031.9,0,1.9309,-0.1093,01111011
EXSH0001,2016-10-29T10:35:32Z,48.3600,-4.7800,1031.9,0,1.9793,-0.1057,01111011
EXSH0001,2016-10-29T10:40:32Z,48.3600,-4.7800,1031.9,0,2.0661,-0.0889,01111011
EXSH0001,2016-10-29T10:45:32Z,48.3600,-4.7800,1031.9,0,2.1143,-0.1094,01111011
EXSH0001,2016-10-29T10:50:32Z,48.3600,-4.7800,1031.9,0,2.2091,-0.0897,01111011
EXSH0001,2016-10-29T10:55:32Z,48.3600,-4.7800,1031.9,0,2.2736,-0.1089,01111011
EXSH0001,2016-10-29T11:00:32Z,48.3600,-4.7800,1031.4,0,2.3569,-0.1056,01111011
EXSH0001,2016-10-29T11:05:32Z,48.3600,-4.7800,1031.4,0,2.4361,-0.1164,01111011
EXSH0001,2016-10-29T11:10:32Z,48.3600,-4.7800,1031.4,0,2.5133,-0.1292,01111011
EXSH0001,2016-10-29T11:15:32Z,48.3600,-4.7800,1031.4,0,2.5989,-0.1423,01111011
EXSH0001,2016-10-29T11:20:32Z,48.3600,-4.7800,1031.4,0,2.6911,-0.1452,01111011
EXSH0001,2016-10-29T11:25:32Z,48.3600,-4.7800,1031.4,0,2.8077,-0.1336,01111011
EXSH0001,2016-10-29T11:30:32Z,48.3600,-4.7800,1031.4,0,2.9013,-0.1349,01111011
EXSH0001,2016-10-29T11:35:32Z,48.3600,-4.7800,1031.4,0,2.998,-0.1228,01111011
EXSH0001,2016-10-29T11:40:32Z,48.3600,-4.7800,1031.4,0,3.093,-0.1377,01111011
EXSH0001,2016-10-29T11:45:32Z,48.3600,-4.7800,1031.4,0,3.2145,-0.1212,01111011
EXSH0001,2016-10-29T11:50:32Z,48.3600,-4.7800,1031.4,0,3.3127,-0.138,01111011
EXSH0001,2016-10-29T11:55:32Z,48.3600,-4.7800,1031.4,0,3.4067,-0.1541,01111011
EXSH0001,2016-10-29T12:00:32Z,48.3600,-4.7800,1030.7,0,3.5205,-0.1503,01111011
EXSH0001,2016-10-29T12:05:32Z,48.3600,-4.7800,1030.7,0,3.6357,-0.15,01111011
EXSH0001,2016-10-29T12:10:32Z,48.3600,-4.7800,1030.7,0,3.7426,-0.1581,01111011
EXSH0001,2016-10-29T12:15:32Z,48.3600,-4.7800,1030.7,0,3.8628,-0.148,01111011
EXSH0001,2016-10-29T12:20:32Z,48.3600,-4.7800,1030.7,0,3.9663,-0.1545,01111011
EXSH0001,2016-10-29T12:25:32Z,48.3600,-4.7800,1030.7,0,4.0881,-0.1476,01111011
EXSH0001,2016-10-29T12:30:32Z,48.3600,-4.7800,1030.7,0,4.1812,-0.1695,01111011
EXSH0001,2016-10-29T12:35:32Z,48.3600,-4.7800,1030.7,0,4.2791,-0.1513,01111011
EXSH0001,2016-10-29T12:40:32Z,48.3600,-4.7800,1030.7,0,4.3873,-0.1568,01111011
EXSH0001,2016-10-29T12:45:32Z,48.3600,-4.7800,1030.7,0,4.4906,-0.1598,01111011
EXSH0001,2016-10-29T12:50:32Z,48.3600,-4.7800,1030.7,0,4.6104,-0.1537,01111011
EXSH0001,2016-10-29T12:55:32Z,48.3600,-4.7800,1030.7,0,4.7054,-0.1637,01111011
EXSH0001,2016-10-29T13:00:32Z,48.3600,-4.7800,1030,0,4.8042,-0.1699,01111011
EXSH0001,2016-10-29T13:05:32Z,48.3600,-4.7800,1030,0,4.9093,-0.1685,01111011
EXSH0001,2016-10-29T13:10:32Z,48.3600,-4.7800,1030,0,5.0207,-0.1534,01111011
EXSH0001,2016-10-29T13:15:32Z,48.3600,-4.7800,1030,0,5.1142,-0.1636,01111011
EXSH0001,2016-10-29T13:20:32Z,48.3600,-4.7800,1030,0,5.2033,-0.1708,01111011
EXSH0001,2016-10-29T13:25:32Z,48.3600,-4.7800,1030,0,5.2929,-0.1749,01111011
EXSH0001,2016-10-29T13:30:32Z,48.3600,-4.7800,1030,0,5.3901,-0.1677,01111011
EXSH0001,2016-10-29T13:35:32Z,48.3600,-4.7800,1030,0,5.4876,-0.1371,01111011
EXSH0001,2016-10-29T13:40:32Z,48.3600,-4.7800,1030,0,5.5759,-0.1388,01111011
EXSH0001,2016-10-29T13:45:32Z,48.3600,-4.7800,1030,0,5.6555,-0.1492,01111011
EXSH0001,2016-10-29T13:50:32Z,48.3600,-4.7800,1030,0,5.7282,-0.154,01111011
EXSH0001,2016-10-29T13:55:32Z,48.3600,-4.7800,1030,0,5.8071,-0.1501,01111011
EXSH0001,2016-10-29T14:00:32Z,48.3600,-4.7800,1029.4,0,5.8841,-0.1481,01111011
EXSH0001,2016-10-29T14:05:32Z,48.3600,-4.7800,1029.4,0,5.9577,-0.1496,01111011
EXSH0001,2016-10-29T14:10:32Z,48.3600,-4.7800,1029.4,0,6.013,-0.1593,01111011
EXSH0001,2016-10-29T14:15:32Z,48.3600,-4.7800,1029.4,0,6.0823,-0.1575,01111011
EXSH0001,2016-10-29T14:20:32Z,48.3600,-4.7800,1029.4,0,6.1292,-0.1681,01111011
EXSH0001,2016-10-29T14:25:32Z,48.3600,-4.7800,1029.4,0,6.1886,-0.1612,01111011
EXSH0001,2016-10-29T14:30:32Z,48.3600,-4.7800,1029.4,0,6.2504,-0.1469,01111011
EXSH0001,2016-10-29T14:35:32Z,48.3600,-4.7800,1029.4,0,6.2852,-0.1463,01111011
EXSH0001,2016-10-29T14:40:32Z,48.3600,-4.7800,1029.4,0,6.3155,-0.1522,01111011
EXSH0001,2016-10-29T14:45:32Z,48.3600,-4.7800,1029.4,0,6.3574,-0.1503,01111011
EXSH0001,2016-10-29T14:50:32Z,48.3600,-4.7800,1029.4,0,6.4028,-0.1349,01111011
EXSH0001,2016-10-29T14:55:32Z,48.3600,-4.7800,1029.4,0,6.4311,-0.1266,01111011
EXSH0001,2016-10-29T15:00:32Z,48.3600,-4.7800,1029.1,0,6.4531,-0.1258,01111011
EXSH0001,2016-10-29T15:05:32Z,48.3600,-4.7800,1029.1,0,6.4594,-0.1306,01111011
EXSH0001,2016-10-29T15:10:32Z,48.3600,-4.7800,1029.1,0,6.4695,-0.1293,01111011
EXSH0001,2016-10-29T15:15:32Z,48.3600,-4.7800,1029.1,0,6.4798,-0.1163,01111011
EXSH0001,2016-10-29T15:20:32Z,48.3600,-4.7800,1029.1,0,6.4769,-0.1131,01111011
EXSH0001,2016-10-29T15:25:32Z,48.3600,-4.7800,1029.1,0,6.4798,-0.0964,01111011
EXSH0001,2016-10-29T15:30:32Z,48.3600,-4.7800,1029.1,0,6.4724,-0.0888,01111011
EXSH0001,2016-10-29T15:35:32Z,48.3600,-4.7800,1029.1,0,6.4491,-0.1009,01111011
EXSH0001,2016-10-29T15:40:32Z,48.3600,-4.7800,1029.1,0,6.4191,-0.1009,01111011
EXSH0001,2016-10-29T15:45:32Z,48.3600,-4.7800,1029.1,0,6.3953,-0.0947,01111011
EXSH0001,2016-10-29T15:50:32Z,48.3600,-4.7800,1029.1,0,6.3621,-0.0929,01111011
EXSH0001,2016-10-29T15:55:32Z,48.3600,-4.7800,1029.1,0,6.3239,-0.0861,01111011
EXSH0001,2016-10-29T16:00:32Z,48.3600,-4.7800,1028.6,0,6.2857,-0.0793,01111011
EXSH0001,2016-10-29T16:05:32Z,48.3600,-4.7800,1028.6,0,6.2355,-0.0845,01111011
EXSH0001,2016-10-29T16:10:32Z,48.3600,-4.7800,1028.6,0,6.1685,-0.0915,01111011
EXSH0001,2016-10-29T16:15:32Z,48.3600,-4.7800,1028.6,0,6.1117,-0.0983,01111011
EXSH0001,2016-10-29T16:20:32Z,48.3600,-4.7800,1028.6,0,6.0467,-0.0933,01111011
EXSH0001,2016-10-29T16:25:32Z,48.3600,-4.7800,1028.6,0,6.0069,-0.0731,01111011
EXSH0001,2016-10-29T16:30:32Z,48.3600,-4.7800,1028.6,0,5.9557,-0.0543,01111011
EXSH0001,2016-10-29T16:35:32Z,48.3600,-4.7800,1028.6,0,5.8828,-0.0765,01111011
EXSH0001,2016-10-29T16:40:32Z,48.3600,-4.7800,1028.6,0,5.8044,-0.0798,01111011
EXSH0001,2016-10-29T16:45:32Z,48.3600,-4.7800,1028.6,0,5.7454,-0.0639,01111011
EXSH0001,2016-10-29T16:50:32Z,48.3600,-4.7800,1028.6,0,5.6763,-0.0568,01111011
EXSH0001,2016-10-29T16:55:32Z,48.3600,-4.7800,1028.6,0,5.6021,-0.0472,01111011
EXSH0001,2016-10-29T17:00:32Z,48.3600,-4.7800,1028.4,0,5.5199,-0.0444,01111011
EXSH0001,2016-10-29T17:05:32Z,48.3600,-4.7800,1028.4,0,5.4442,-0.0389,01111011
EXSH0001,2016-10-29T17:10:32Z,48.3600,-4.7800,1028.4,0,5.3585,-0.0346,01111011
EXSH0001,2016-10-29T17:15:32Z,48.3600,-4.7800,1028.4,0,5.2793,-0.03,01111011
EXSH0001,2016-10-29T17:20:32Z,48.3600,-4.7800,1028.4,0,5.1967,-0.0264,01111011
EXSH0001,2016-10-29T17:25:32Z,48.3600,-4.7800,1028.4,0,5.1054,-0.0215,01111011
EXSH0001,2016-10-29T17:30:32Z,48.3600,-4.7800,1028.4,0,5.0153,-0.0178,01111011
EXSH0001,2016-10-29T17:35:32Z,48.3600,-4.7800,1028.4,0,4.9102,-0.0545,01111011
EXSH0001,2016-10-29T17:40:32Z,48.3600,-4.7800,1028.4,0,4.8354,-0.0393,01111011
EXSH0001,2016-10-29T17:45:32Z,48.3600,-4.7800,1028.4,0,4.7475,-0.0272,01111011
EXSH0001,2016-10-29T17:50:32Z,48.3600,-4.7800,1028.4,0,4.647,-0.0377,01111011
EXSH0001,2016-10-29T17:55:32Z,48.3600,-4.7800,1028.4,0,4.5551,-0.037,01111011
EXSH0001,2016-10-29T18:00:32Z,48.3600,-4.7800,1028.8,0,4.4501,-0.0446,01111011
EXSH0001,2016-10-29T18:05:32Z,48.3600,-4.7800,1028.8,0,4.3695,-0.0252,01111011
EXSH0001,2016-10-29T18:10:32Z,48.3600,-4.7800,1028.8,0,4.2793,-0.0179,01111011
EXSH0001,2016-10-29T18:15:32Z,48.3600,-4.7800,1028.8,0,4.1811,-0.0236,01111011
EXSH0001,2016-10-29T18:20:32Z,48.3600,-4.7800,1028.8,0,4.1013,-0.0058,01111011
EXSH0001,2016-10-29T18:25:32Z,48.3600,-4.7800,1028.8,0,3.9917,-0.0205,01111011
EXSH0001,2016-10-29T18:30:32Z,48.3600,-4.7800,1028.8,0,3.8799,-0.0348,01111011
EXSH0001,2016-10-29T18:35:32Z,48.3600,-4.7800,1028.8,0,3.7945,-0.0442,01111011
EXSH0001,2016-10-29T18:40:32Z,48.3600,-4.7800,1028.8,0,3.7047,-0.0428,01111011
EXSH0001,2016-10-29T18:45:32Z,48.3600,-4.7800,1028.8,0,3.6032,-0.0455,01111011
EXSH0001,2016-10-29T18:50:32Z,48.3600,-4.7800,1028.8,0,3.5183,-0.0354,01111011
EXSH0001,2016-10-29T18:55:32Z,48.3600,-4.7800,1028.8,0,3.4347,-0.0228,01111011
EXSH0001,2016-10-29T19:00:32Z,48.3600,-4.7800,1028.5,0,3.3417,-0.022,01111011
EXSH0001,2016-10-29T19:05:32Z,48.3600,-4.7800,1028.5,0,3.2541,-0.0134,01111011
EXSH0001,2016-10-29T19:10:32Z,48.3600,-4.7800,1028.5,0,3.1715,-0.006,01111011
EXSH0001,2016-10-29T19:15:32Z,48.3600,-4.7800,1028.5,0,3.0827,-0.0048,01111011
EXSH0001,2016-10-29T19:20:32Z,48.3600,-4.7800,1028.5,0,2.979,-0.0085,01111011
EXSH0001,2016-10-29T19:25:32Z,48.3600,-4.7800,1028.5,0,2.9013,0.0038,01111011
EXSH0001,2016-10-29T19:30:32Z,48.3600,-4.7800,1028.5,0,2.8145,0.0032,01111011
EXSH0001,2016-10-29T19:35:32Z,48.3600,-4.7800,1028.5,0,2.7309,-0.0185,01111011
EXSH0001,2016-10-29T19:40:32Z,48.3600,-4.7800,1028.5,0,2.652,-0.0074,01111011
EXSH0001,2016-10-29T19:45:32Z,48.3600,-4.7800,1028.5,0,2.5693,-0.0052,01111011
EXSH0001,2016-10-29T19:50:32Z,48.3600,-4.7800,1028.5,0,2.4934,0.0039,01111011
EXSH0001,2016-10-29T19:55:32Z,48.3600,-4.7800,1028.5,0,2.403,-0.0115,01111011
EXSH0001,2016-10-29T20:00:32Z,48.3600,-4.7800,1028.4,0,2.3147,-0.0248,01111011
EXSH0001,2016-10-29T20:05:32Z,48.3600,-4.7800,1028.4,0,2.2577,-0.0068,01111011
EXSH0001,2016-10-29T20:10:32Z,48.3600,-4.7800,1028.4,0,2.1739,-0.0156,01111011
EXSH0001,2016-10-29T20:15:32Z,48.3600,-4.7800,1028.4,0,2.0965,-0.0231,01111011
EXSH0001,2016-10-29T20:20:32Z,48.3600,-4.7800,1028.4,0,2.0324,-0.0172,01111011
EXSH0001,2016-10-29T20:25:32Z,48.3600,-4.7800,1028.4,0,1.9681,-0.0215,01111011
EXSH0001,2016-10-29T20:30:32Z,48.3600,-4.7800,1028.4,0,1.9054,-0.0242,01111011
EXSH0001,2016-10-29T20:35:32Z,48.3600,-4.7800,1028.4,0,1.852,-0.0328,01111011
EXSH0001,2016-10-29T20:40:32Z,48.3600,-4.7800,1028.4,0,1.8061,-0.025,01111011
EXSH0001,2016-10-29T20:45:32Z,48.3600,-4.7800,1028.4,0,1.7644,-0.0204,01111011
EXSH0001,2016-10-29T20:50:32Z,48.3600,-4.7800,1028.4,0,1.7153,-0.0158,01111011
EXSH0001,2016-10-29T20:55:32Z,48.3600,-4.7800,1028.4,0,1.6699,-0.0262,01111011
EXSH0001,2016-10-29T21:00:32Z,48.3600,-4.7800,1028.3,0,1.6129,-0.0445,01111011
EXSH0001,2016-10-29T21:05:32Z,48.3600,-4.7800,1028.3,0,1.5891,-0.0283,01111011
EXSH0001,2016-10-29T21:10:32Z,48.3600,-4.7800,1028.3,0,1.5383,-0.0554,01111011
EXSH0001,2016-10-29T21:15:32Z,48.3600,-4.7800,1028.3,0,1.5077,-0.0597,01111011
EXSH0001,2016-10-29T21:20:32Z,48.3600,-4.7800,1028.3,0,1.4987,-0.045,01111011
EXSH0001,2016-10-29T21:25:32Z,48.3600,-4.7800,1028.3,0,1.4804,-0.0483,01111011
EXSH0001,2016-10-29T21:30:32Z,48.3600,-4.7800,1028.3,0,1.4535,-0.0602,01111011
EXSH0001,2016-10-29T21:35:32Z,48.3600,-4.7800,1028.3,0,1.4503,-0.0597,01111011
EXSH0001,2016-10-29T21:40:32Z,48.3600,-4.7800,1028.3,0,1.4691,-0.0384,01111011
EXSH0001,2016-10-29T21:45:32Z,48.3600,-4.7800,1028.3,0,1.4676,-0.0398,01111011
EXSH0001,2016-10-29T21:50:32Z,48.3600,-4.7800,1028.3,0,1.4753,-0.0347,01111011
EXSH0001,2016-10-29T21:55:32Z,48.3600,-4.7800,1028.3,0,1.4654,-0.0521,01111011
EXSH0001,2016-10-29T22:00:32Z,48.3600,-4.7800,1028.1,0,1.4681,-0.0644,01111011
EXSH0001,2016-10-29T22:05:32Z,48.3600,-4.7800,1028.1,0,1.4688,-0.0786,01111011
EXSH0001,2016-10-29T22:10:32Z,48.3600,-4.7800,1028.1,0,1.4803,-0.0946,01111011
EXSH0001,2016-10-29T22:15:32Z,48.3600,-4.7800,1028.1,0,1.5091,-0.0958,01111011
EXSH0001,2016-10-29T22:20:32Z,48.3600,-4.7800,1028.1,0,1.5501,-0.0848,01111011
EXSH0001,2016-10-29T22:25:32Z,48.3600,-4.7800,1028.1,0,1.5858,-0.0865,01111011
EXSH0001,2016-10-29T22:30:32Z,48.3600,-4.7800,1028.1,0,1.6307,-0.0867,01111011
EXSH0001,2016-10-29T22:35:32Z,48.3600,-4.7800,1028.1,0,1.7008,-0.0507,01111011
EXSH0001,2016-10-29T22:40:32Z,48.3600,-4.7800,1028.1,0,1.7295,-0.067,01111011
EXSH0001,2016-10-29T22:45:32Z,48.3600,-4.7800,1028.1,0,1.7933,-0.0621,01111011
EXSH0001,2016-10-29T22:50:32Z,48.3600,-4.7800,1028.1,0,1.8421,-0.0733,01111011
EXSH0001,2016-10-29T22:55:32Z,48.3600,-4.7800,1028.1,0,1.9013,-0.0779,01111011
EXSH0001,2016-10-29T23:00:32Z,48.3600,-4.7800,1027.6,0,1.9779,-0.0764,01111011
EXSH0001,2016-10-29T23:05:32Z,48.3600,-4.7800,1027.6,0,2.0473,-0.0758,01111011
EXSH0001,2016-10-29T23:10:32Z,48.3600,-4.7800,1027.6,0,2.1292,-0.0751,01111011
EXSH0001,2016-10-29T23:15:32Z,48.3600,-4.7800,1027.6,0,2.189,-0.1002,01111011
EXSH0001,2016-10-29T23:20:32Z,48.3600,-4.7800,1027.6,0,2.2893,-0.0838,01111011
EXSH0001,2016-10-29T23:25:32Z,48.3600,-4.7800,1027.6,0,2.3621,-0.1048,01111011
EXSH0001,2016-10-29T23:30:32Z,48.3600,-4.7800,1027.6,0,2.4587,-0.1044,01111011
EXSH0001,2016-10-29T23:35:32Z,48.3600,-4.7800,1027.6,0,2.5606,-0.0794,01111011
EXSH0001,2016-10-29T23:40:32Z,48.3600,-4.7800,1027.6,0,2.6627,-0.0723,01111011
EXSH0001,2016-10-29T23:45:32Z,48.3600,-4.7800,1027.6,0,2.7601,-0.0799,01111011
EXSH0001,2016-10-29T23:50:32Z,48.3600,-4.7800,1027.6,0,2.8603,-0.0847,01111011
EXSH0001,2016-10-29T23:55:32Z,48.3600,-4.7800,1027.6,0,2.9693,-0.0907,01111011
EXSH0001,2016-10-30T00:00:32Z,48.3600,-4.7800,1027.5,0,3.0589,-0.1111,01111011
EXSH0001,2016-10-30T00:05:32Z,48.3600,-4.7800,1027.5,0,3.1741,-0.1059,01111011
EXSH0001,2016-10-30T00:10:32Z,48.3600,-4.7800,1027.5,0,3.2955,-0.1045,01111011
EXSH0001,2016-10-30T00:15:32Z,48.3600,-4.7800,1027.5,0,3.3975,-0.1225,01111011
EXSH0001,2016-10-30T00:20:32Z,48.3600,-4.7800,1027.5,0,3.5091,-0.1209,01111011
EXSH0001,2016-10-30T00:25:32Z,48.3600,-4.7800,1027.5,0,3.6483,-0.1017,01111011
EXSH0001,2016-10-30T00:30:32Z,48.3600,-4.7800,1027.5,0,3.7487,-0.1213,01111011
EXSH0001,2016-10-30T00:35:32Z,48.3600,-4.7800,1027.5,0,3.8465,-0.1127,01111011
EXSH0001,2016-10-30T00:40:32Z,48.3600,-4.7800,1027.5,0,3.9636,-0.1156,01111011
EXSH0001,2016-10-30T00:45:32Z,48.3600,-4.7800,1027.5,0,4.084,-0.1152,01111011
EXSH0001,2016-10-30T00:50:32Z,48.3600,-4.7800,1027.5,0,4.2013,-0.1167,01111011
EXSH0001,2016-10-30T00:55:32Z,48.3600,-4.7800,1027.5,0,4.3038,-0.1254,01111011
EXSH0001,2016-10-30T01:00:32Z,48.3600,-4.7800,1027.3,0,4.4022,-0.1459,01111011
EXSH0001,2016-10-30T01:05:32Z,48.3600,-4.7800,1027.3,0,4.5208,-0.1384,01111011
EXSH0001,2016-10-30T01:10:32Z,48.3600,-4.7800,1027.3,0,4.6365,-0.1327,01111011
EXSH0001,2016-10-30T01:15:32Z,48.3600,-4.7800,1027.3,0,4.7519,-0.1311,01111011
EXSH0001,2016-10-30T01:20:32Z,48.3600,-4.7800,1027.3,0,4.86,-0.1292,01111011
EXSH0001,2016-10-30T01:25:32Z,48.3600,-4.7800,1027.3,0,4.9545,-0.1485,01111011
EXSH0001,2016-10-30T01:30:32Z,48.3600,-4.7800,1027.3,0,5.0695,-0.1386,01111011
EXSH0001,2016-10-30T01:35:32Z,48.3600,-4.7800,1027.3,0,5.1595,-0.1258,01111011
EXSH0001,2016-10-30T01:40:32Z,48.3600,-4.7800,1027.3,0,5.2549,-0.1279,01111011
EXSH0001,2016-10-30T01:45:32Z,48.3600,-4.7800,1027.3,0,5.3502,-0.1351,01111011
EXSH0001,2016-10-30T01:50:32Z,48.3600,-4.7800,1027.3,0,5.4442,-0.1311,01111011
EXSH0001,2016-10-30T01:55:32Z,48.3600,-4.7800,1027.3,0,5.5369,-0.1384,01111011
EXSH0001,2016-10-30T02:00:32Z,48.3600,-4.7800,1026.9,0,5.6251,-0.1402,01111011
EXSH0001,2016-10-30T02:05:32Z,48.3600,-4.7800,1026.9,0,5.7234,-0.1293,01111011
EXSH0001,2016-10-30T02:10:32Z,48.3600,-4.7800,1026.9,0,5.7978,-0.1375,01111011
EXSH0001,2016-10-30T02:15:32Z,48.3600,-4.7800,1026.9,0,5.8824,-0.1303,01111011
EXSH0001,2016-10-30T02:20:32Z,48.3600,-4.7800,1026.9,0,5.9725,-0.1152,01111011
EXSH0001,2016-10-30T02:25:32Z,48.3600,-4.7800,1026.9,0,6.0405,-0.1223,01111011
EXSH0001,2016-10-30T02:30:32Z,48.3600,-4.7800,1026.9,0,6.1059,-0.1243,01111011
EXSH0001,2016-10-30T02:35:32Z,48.3600,-4.7800,1026.9,0,6.1653,-0.1185,01111011
EXSH0001,2016-10-30T02:40:32Z,48.3600,-4.7800,1026.9,0,6.2124,-0.1326,01111011
EXSH0001,2016-10-30T02:45:32Z,48.3600,-4.7800,1026.9,0,6.2601,-0.1361,01111011
EXSH0001,2016-10-30T02:50:32Z,48.3600,-4.7800,1026.9,0,6.3144,-0.1368,01111011
EXSH0001,2016-10-30T02:55:32Z,48.3600,-4.7800,1026.9,0,6.3505,-0.1457,01111011
EXSH0001,2016-10-30T03:00:32Z,48.3600,-4.7800,1026.6,0,6.401,-0.1302,01111011
EXSH0001,2016-10-30T03:05:32Z,48.3600,-4.7800,1026.6,0,6.4372,-0.1303,01111011
EXSH0001,2016-10-30T03:10:32Z,48.3600,-4.7800,1026.6,0,6.4723,-0.1215,01111011
EXSH0001,2016-10-30T03:15:32Z,48.3600,-4.7800,1026.6,0,6.5151,-0.1024,01111011
EXSH0001,2016-10-30T03:20:32Z,48.3600,-4.7800,1026.6,0,6.5333,-0.0967,01111011
EXSH0001,2016-10-30T03:25:32Z,48.3600,-4.7800,1026.6,0,6.5457,-0.093,01111011
EXSH0001,2016-10-30T03:30:32Z,48.3600,-4.7800,1026.6,0,6.5459,-0.0941,01111011
EXSH0001,2016-10-30T03:35:32Z,48.3600,-4.7800,1026.6,0,6.5287,-0.1113,01111011
EXSH0001,2016-10-30T03:40:32Z,48.3600,-4.7800,1026.6,0,6.5381,-0.1018,01111011
EXSH0001,2016-10-30T03:45:32Z,48.3600,-4.7800,1026.6,0,6.5286,-0.0963,01111011
EXSH0001,2016-10-30T03:50:32Z,48.3600,-4.7800,1026.6,0,6.5091,-0.0908,01111011
EXSH0001,2016-10-30T03:55:32Z,48.3600,-4.7800,1026.6,0,6.5019,-0.0779,01111011
EXSH0001,2016-10-30T04:00:32Z,48.3600,-4.7800,1026.4,0,6.4831,-0.0667,01111011
EXSH0001,2016-10-30T04:05:32Z,48.3600,-4.7800,1026.4,0,6.4471,-0.0676,01111011
EXSH0001,2016-10-30T04:10:32Z,48.3600,-4.7800,1026.4,0,6.4035,-0.0762,01111011
EXSH0001,2016-10-30T04:15:32Z,48.3600,-4.7800,1026.4,0,6.3525,-0.0822,01111011
EXSH0001,2016-10-30T04:20:32Z,48.3600,-4.7800,1026.4,0,6.3025,-0.0772,01111011
EXSH0001,2016-10-30T04:25:32Z,48.3600,-4.7800,1026.4,0,6.2441,-0.0855,01111011
EXSH0001,2016-10-30T04:30:32Z,48.3600,-4.7800,1026.4,0,6.1979,-0.0717,01111011
EXSH0001,2016-10-30T05:36:32Z,48.3600,-4.7800,,0,5.2529,-0.0244,01119011
EXSH0001,2016-10-30T05:41:32Z,48.3600,-4.7800,,0,5.1779,-0.004,01119011
EXSH0001,2016-10-30T05:46:32Z,48.3600,-4.7800,,0,5.0888,0.0015,01119011
EXSH0001,2016-10-30T05:51:32Z,48.3600,-4.7800,,0,4.9974,0.0055,01119011
EXSH0001,2016-10-30T05:56:32Z,48.3600,-4.7800,,0,4.8852,-0.0116,01119011
EXSH0001,2016-10-30T06:01:32Z,48.3600,-4.7800,1026,0,4.8009,0.0036,01111011
EXSH0001,2016-10-30T06:06:32Z,48.3600,-4.7800,1026,0,4.7005,0.0032,01111011
EXSH0001,2016-10-30T06:11:32Z,48.3600,-4.7800,1026,0,4.6081,0.0062,01111011
EXSH0001,2016-10-30T06:16:32Z,48.3600,-4.7800,1026,0,4.5001,-0.0067,01111011
EXSH0001,2016-10-30T06:21:32Z,48.3600,-4.7800,1026,0,4.4005,-0.0068,01111011
EXSH0001,2016-10-30T06:26:32Z,48.3600,-4.7800,1026,0,4.3223,0.0155,01111011
EXSH0001,2016-10-30T06:31:32Z,48.3600,-4.7800,1026,0,4.2239,-0.005,01111011
EXSH0001,2016-10-30T06:36:32Z,48.3600,-4.7800,1026,0,4.1312,-0.0009,01111011
EXSH0001,2016-10-30T06:41:32Z,48.3600,-4.7800,1026,0,4.0281,-0.0008,01111011
EXSH0001,2016-10-30T06:46:32Z,48.3600,-4.7800,1026,0,3.9359,0.0038,01111011
EXSH0001,2016-10-30T06:51:32Z,48.3600,-4.7800,1026,0,3.8394,0.0023,01111011
EXSH0001,2016-10-30T06:56:32Z,48.3600,-4.7800,1026,0,3.7454,0.0133,01111011
EXSH0001,2016-10-30T07:01:32Z,48.3600,-4.7800,1025.9,0,3.6361,-0.001,01111011
EXSH0001,2016-10-30T07:06:32Z,48.3600,-4.7800,1025.9,0,3.5443,0.0054,01111011
EXSH0001,2016-10-30T07:11:32Z,48.3600,-4.7800,1025.9,0,3.4475,0.0086,01111011
EXSH0001,2016-10-30T07:16:32Z,48.3600,-4.7800,1025.9,0,3.3589,0.01,01111011
EXSH0001,2016-10-30T07:21:32Z,48.3600,-4.7800,1025.9,0,3.2787,0.0298,01111011
EXSH0001,2016-10-30T07:26:32Z,48.3600,-4.7800,1025.9,0,3.1767,0.0178,01111011
EXSH0001,2016-10-30T07:31:32Z,48.3600,-4.7800,1025.9,0,3.0896,0.0056,01111011
EXSH0001,2016-10-30T07:36:32Z,48.3600,-4.7800,1025.9,0,2.9861,-0.0059,01111011
EXSH0001,2016-10-30T07:41:32Z,48.3600,-4.7800,1025.9,0,2.9121,0.0101,01111011
EXSH0001,2016-10-30T07:46:32Z,48.3600,-4.7800,1025.9,0,2.8182,0.0062,01111011
EXSH0001,2016-10-30T07:51:32Z,48.3600,-4.7800,1025.9,0,2.7303,0.0083,01111011
EXSH0001,2016-10-30T07:56:32Z,48.3600,-4.7800,1025.9,0,2.6523,0.0103,01111011
EXSH0001,2016-10-30T08:01:32Z,48.3600,-4.7800,1026.2,0,2.5607,0.0087,01111011
EXSH0001,2016-10-30T08:06:32Z,48.3600,-4.7800,1026.2,0,2.4963,0.0243,01111011
EXSH0001,2016-10-30T08:11:32Z,48.3600,-4.7800,1026.2,0,2.4212,0.0312,01111011
EXSH0001,2016-10-30T08:16:32Z,48.3600,-4.7800,1026.2,0,2.3484,0.0334,01111011
EXSH0001,2016-10-30T08:21:32Z,48.3600,-4.7800,1026.2,0,2.2715,0.0315,01111011
EXSH0001,2016-10-30T08:26:32Z,48.3600,-4.7800,1026.2,0,2.2125,0.0445,01111011
EXSH0001,2016-10-30T08:31:32Z,48.3600,-4.7800,1026.2,0,2.135,0.0157,01111011
EXSH0001,2016-10-30T08:36:32Z,48.3600,-4.7800,1026.2,0,2.0563,0.0029,01111011
EXSH0001,2016-10-30T08:41:32Z,48.3600,-4.7800,1026.2,0,1.9969,0.0135,01111011
EXSH0001,2016-10-30T08:46:32Z,48.3600,-4.7800,1026.2,0,1.9205,-0.0029,01111011
EXSH0001,2016-10-30T08:51:32Z,48.3600,-4.7800,1026.2,0,1.8607,-0.0127,01111011
EXSH0001,2016-10-30T08:56:32Z,48.3600,-4.7800,1026.2,0,1.8287,0.0153,01111011
EXSH0001,2016-10-30T09:01:32Z,48.3600,-4.7800,1025.9,0,1.7783,0.0108,01111011
EXSH0001,2016-10-30T09:06:32Z,48.3600,-4.7800,1025.9,0,1.7457,0.0232,01111011
EXSH0001,2016-10-30T09:11:32Z,48.3600,-4.7800,1025.9,0,1.6907,0.009,01111011
EXSH0001,2016-10-30T09:16:32Z,48.3600,-4.7800,1025.9,0,1.6622,0.0196,01111011
EXSH0001,2016-10-30T09:21:32Z,48.3600,-4.7800,1025.9,0,1.6161,0.0044,01111011
EXSH0001,2016-10-30T09:26:32Z,48.3600,-4.7800,1025.9,0,1.596,0.0143,01111011
EXSH0001,2016-10-30T09:31:32Z,48.3600,-4.7800,1025.9,0,1.573,0.0041,01111011
EXSH0001,2016-10-30T09:36:32Z,48.3600,-4.7800,1025.9,0,1.5428,-0.0017,01111011
EXSH0001,2016-10-30T09:41:32Z,48.3600,-4.7800,1025.9,0,1.5376,0.0082,01111011
EXSH0001,2016-10-30T09:46:32Z,48.3600,-4.7800,1025.9,0,1.5282,0.0082,01111011
EXSH0001,2016-10-30T09:51:32Z,48.3600,-4.7800,1025.9,0,1.5251,0.0151,01111011
EXSH0001,2016-10-30T09:56:32Z,48.3600,-4.7800,1025.9,0,1.5192,0.0092,01111011
EXSH0001,2016-10-30T10:01:32Z,48.3600,-4.7800,1025.7,0,1.5187,0.0082,01111011
EXSH0001,2016-10-30T10:06:32Z,48.3600,-4.7800,1025.7,0,1.5226,0.0026,01111011
EXSH0001,2016-10-30T10:11:32Z,48.3600,-4.7800,1025.7,0,1.5183,-0.0122,01111011
EXSH0001,2016-10-30T10:16:32Z,48.3600,-4.7800,1025.7,0,1.5263,-0.0192,01111011
EXSH0001,2016-10-30T10:21:32Z,48.3600,-4.7800,1025.7,0,1.5331,-0.0374,01111011
EXSH0001,2016-10-30T10:26:32Z,48.3600,-4.7800,1025.7,0,1.5586,-0.0325,01111011
EXSH0001,2016-10-30T10:31:32Z,48.3600,-4.7800,1025.7,0,1.568,-0.0455,01111011
EXSH0001,2016-10-30T10:36:32Z,48.3600,-4.7800,1025.7,0,1.603,-0.0422,01111011
EXSH0001,2016-10-30T10:41:32Z,48.3600,-4.7800,1025.7,0,1.6433,-0.0469,01111011
EXSH0001,2016-10-30T10:46:32Z,48.3600,-4.7800,1025.7,0,1.6723,-0.063,01111011
EXSH0001,2016-10-30T10:51:32Z,48.3600,-4.7800,1025.7,0,1.7343,-0.046,01111011
EXSH0001,2016-10-30T10:56:32Z,48.3600,-4.7800,1025.7,0,1.7983,-0.0369,01111011
EXSH0001,2016-10-30T11:01:32Z,48.3600,-4.7800,1025.5,0,1.8403,-0.0467,01111011
EXSH0001,2016-10-30T11:06:32Z,48.3600,-4.7800,1025.5,0,1.9085,-0.0485,01111011
EXSH0001,2016-10-30T11:11:32Z,48.3600,-4.7800,1025.5,0,1.9833,-0.0405,01111011
EXSH0001,2016-10-30T11:16:32Z,48.3600,-4.7800,1025.5,0,2.0477,-0.0511,01111011
EXSH0001,2016-10-30T11:21:32Z,48.3600,-4.7800,1025.5,0,2.1061,-0.0676,01111011
EXSH0001,2016-10-30T11:26:32Z,48.3600,-4.7800,1025.5,0,2.2037,-0.0468,01111011
EXSH0001,2016-10-30T11:31:32Z,48.3600,-4.7800,1025.5,0,2.2755,-0.0431,01111011
EXSH0001,2016-10-30T11:36:32Z,48.3600,-4.7800,1025.5,0,2.3761,-0.0325,01111011
EXSH0001,2016-10-30T11:41:32Z,48.3600,-4.7800,1025.5,0,2.4334,-0.0652,01111011
EXSH0001,2016-10-30T11:46:32Z,48.3600,-4.7800,1025.5,0,2.5499,-0.0468,01111011
EXSH0001,2016-10-30T11:51:32Z,48.3600,-4.7800,1025.5,0,2.6233,-0.0784,01111011
EXSH0001,2016-10-30T11:56:32Z,48.3600,-4.7800,1025.5,0,2.7399,-0.0587,01111011
EXSH0001,2016-10-30T12:01:32Z,48.3600,-4.7800,1024.4,0,2.8333,-0.0784,01111011
EXSH0001,2016-10-30T12:06:32Z,48.3600,-4.7800,1024.4,0,2.9382,-0.0785,01111011
EXSH0001,2016-10-30T12:11:32Z,48.3600,-4.7800,1024.4,0,3.0537,-0.078,01111011
EXSH0001,2016-10-30T12:16:32Z,48.3600,-4.7800,1024.4,0,3.1619,-0.0829,01111011
EXSH0001,2016-10-30T12:21:32Z,48.3600,-4.7800,1024.4,0,3.2619,-0.0929,01111011
EXSH0001,2016-10-30T12:26:32Z,48.3600,-4.7800,1024.4,0,3.3773,-0.0975,01111011
EXSH0001,2016-10-30T12:31:32Z,48.3600,-4.7800,1024.4,0,3.4871,-0.0773,01111011
EXSH0001,2016-10-30T12:36:32Z,48.3600,-4.7800,1024.4,0,3.6045,-0.0799,01111011
EXSH0001,2016-10-30T12:41:32Z,48.3600,-4.7800,1024.4,0,3.7333,-0.0711,01111011
EXSH0001,2016-10-30T12:46:32Z,48.3600,-4.7800,1024.4,0,3.8485,-0.0659,01111011
EXSH0001,2016-10-30T12:51:32Z,48.3600,-4.7800,1024.4,0,3.9604,-0.074,01111011
EXSH0001,2016-10-30T12:56:32Z,48.3600,-4.7800,1024.4,0,4.0729,-0.0815,01111011
EXSH0001,2016-10-30T13:01:32Z,48.3600,-4.7800,1023.7,0,4.185,-0.0894,01111011
EXSH0001,2016-10-30T13:06:32Z,48.3600,-4.7800,1023.7,0,4.2872,-0.1072,01111011
EXSH0001,2016-10-30T13:11:32Z,48.3600,-4.7800,1023.7,0,4.3957,-0.1094,01111011
EXSH0001,2016-10-30T13:16:32Z,48.3600,-4.7800,1023.7,0,4.5115,-0.1129,01111011
EXSH0001,2016-10-30T13:21:32Z,48.3600,-4.7800,1023.7,0,4.6355,-0.0996,01111011
EXSH0001,2016-10-30T13:26:32Z,48.3600,-4.7800,1023.7,0,4.7367,-0.1134,01111011
EXSH0001,2016-10-30T13:31:32Z,48.3600,-4.7800,1023.7,0,4.8439,-0.0843,01111011
EXSH0001,2016-10-30T13:36:32Z,48.3600,-4.7800,1023.7,0,4.9437,-0.0899,01111011
EXSH0001,2016-10-30T13:41:32Z,48.3600,-4.7800,1023.7,0,5.0656,-0.0826,01111011
EXSH0001,2016-10-30T13:46:32Z,48.3600,-4.7800,1023.7,0,5.161,-0.0917,01111011
EXSH0001,2016-10-30T13:51:32Z,48.3600,-4.7800,1023.7,0,5.2621,-0.0861,01111011
EXSH0001,2016-10-30T13:56:32Z,48.3600,-4.7800,1023.7,0,5.3534,-0.0993,01111011
EXSH0001,2016-10-30T14:01:32Z,48.3600,-4.7800,1022.7,0,5.4629,-0.0852,01111011
EXSH0001,2016-10-30T14:06:32Z,48.3600,-4.7800,1022.7,0,5.5518,-0.0909,01111011
EXSH0001,2016-10-30T14:11:32Z,48.3600,-4.7800,1022.7,0,5.6395,-0.0932,01111011
EXSH0001,2016-10-30T14:16:32Z,48.3600,-4.7800,1022.7,0,5.7155,-0.1072,01111011
EXSH0001,2016-10-30T14:21:32Z,48.3600,-4.7800,1022.7,0,5.8001,-0.1072,01111011
EXSH0001,2016-10-30T14:26:32Z,48.3600,-4.7800,1022.7,0,5.8867,-0.1055,01111011
EXSH0001,2016-10-30T14:31:32Z,48.3600,-4.7800,1022.7,0,5.9793,-0.0699,01111011
EXSH0001,2016-10-30T14:36:32Z,48.3600,-4.7800,1022.7,0,6.0511,-0.0732,01111011
EXSH0001,2016-10-30T14:41:32Z,48.3600,-4.7800,1022.7,0,6.1145,-0.0848,01111011
EXSH0001,2016-10-30T14:46:32Z,48.3600,-4.7800,1022.7,0,6.1731,-0.0943,01111011
EXSH0001,2016-10-30T14:51:32Z,48.3600,-4.7800,1022.7,0,6.2375,-0.0899,01111011
EXSH0001,2016-10-30T14:56:32Z,48.3600,-4.7800,1022.7,0,6.2999,-0.0875,01111011
EXSH0001,2016-10-30T15:01:32Z,48.3600,-4.7800,1022.3,0,6.3466,-0.0908,01111011
EXSH0001,2016-10-30T15:06:32Z,48.3600,-4.7800,1022.3,0,6.3939,-0.0967,01111011
EXSH0001,2016-10-30T15:11:32Z,48.3600,-4.7800,1022.3,0,6.4455,-0.08,01111011
EXSH0001,2016-10-30T15:16:32Z,48.3600,-4.7800,1022.3,0,6.4913,-0.0724,01111011
EXSH0001,2016-10-30T15:21:32Z,48.3600,-4.7800,1022.3,0,6.5329,-0.0608,01111011
EXSH0001,2016-10-30T15:26:32Z,48.3600,-4.7800,1022.3,0,6.5507,-0.073,01111011
EXSH0001,2016-10-30T15:31:32Z,48.3600,-4.7800,1022.3,0,6.577,-0.061,01111011
EXSH0001,2016-10-30T15:36:32Z,48.3600,-4.7800,1022.3,0,6.5964,-0.0566,01111011
EXSH0001,2016-10-30T15:41:32Z,48.3600,-4.7800,1022.3,0,6.6076,-0.0524,01111011
EXSH0001,2016-10-30T15:46:32Z,48.3600,-4.7800,1022.3,0,6.605,-0.065,01111011
EXSH0001,2016-10-30T15:51:32Z,48.3600,-4.7800,1022.3,0,6.6171,-0.0449,01111011
EXSH0001,2016-10-30T15:56:32Z,48.3600,-4.7800,1022.3,0,6.6079,-0.0491,01111011
EXSH0001,2016-10-30T16:01:32Z,48.3600,-4.7800,1022.1,0,6.5968,-0.0452,01111011
EXSH0001,2016-10-30T16:06:32Z,48.3600,-4.7800,1022.1,0,6.5943,-0.0227,01111011
EXSH0001,2016-10-30T16:11:32Z,48.3600,-4.7800,1022.1,0,6.5798,-0.0142,01111011
EXSH0001,2016-10-30T16:16:32Z,48.3600,-4.7800,1022.1,0,6.5419,-0.0221,01111011
EXSH0001,2016-10-30T16:21:32Z,48.3600,-4.7800,1022.1,0,6.5074,-0.0186,01111011
EXSH0001,2016-10-30T16:26:32Z,48.3600,-4.7800,1022.1,0,6.4503,-0.0337,01111011
EXSH0001,2016-10-30T16:31:32Z,48.3600,-4.7800,1022.1,0,6.4085,-0.0449,01111011
EXSH0001,2016-10-30T16:36:32Z,48.3600,-4.7800,1022.1,0,6.3583,-0.0443,01111011
EXSH0001,2016-10-30T16:41:32Z,48.3600,-4.7800,1022.1,0,6.3157,-0.0319,01111011
EXSH0001,2016-10-30T16:46:32Z,48.3600,-4.7800,1022.1,0,6.2432,-0.0502,01111011
EXSH0001,2016-10-30T16:51:32Z,48.3600,-4.7800,1022.1,0,6.1917,-0.0376,01111011
EXSH0001,2016-10-30T16:56:32Z,48.3600,-4.7800,1022.1,0,6.1431,-0.0203,01111011
EXSH0001,2016-10-30T17:01:32Z,48.3600,-4.7800,1021.9,0,6.0923,-0.0011,01111011
EXSH0001,2016-10-30T17:06:32Z,48.3600,-4.7800,1021.9,0,6.016,-0.0083,01111011
EXSH0001,2016-10-30T17:11:32Z,48.3600,-4.7800,1021.9,0,5.9515,0.0023,01111011
EXSH0001,2016-10-30T17:16:32Z,48.3600,-4.7800,1021.9,0,5.8651,-0.0091,01111011
EXSH0001,2016-10-30T17:21:32Z,48.3600,-4.7800,1021.9,0,5.8062,0.017,01111011
EXSH0001,2016-10-30T17:26:32Z,48.3600,-4.7800,1021.9,0,5.716,0.0109,01111011
EXSH0001,2016-10-30T17:31:32Z,48.3600,-4.7800,1021.9,0,5.6416,-0.0051,01111011
EXSH0001,2016-10-30T17:36:32Z,48.3600,-4.7800,1021.9,0,5.5567,0,01111011
EXSH0001,2016-10-30T17:41:32Z,48.3600,-4.7800,1021.9,0,5.4888,0.0221,01111011
EXSH0001,2016-10-30T17:46:32Z,48.3600,-4.7800,1021.9,0,5.3944,0.0177,01111011
EXSH0001,2016-10-30T17:51:32Z,48.3600,-4.7800,1021.9,0,5.3048,0.0181,01111011
EXSH0001,2016-10-30T17:56:32Z,48.3600,-4.7800,1021.9,0,5.2287,0.032,01111011
EXSH0001,2016-10-30T18:01:32Z,48.3600,-4.7800,1021.9,0,5.1349,0.0382,01111011
EXSH0001,2016-10-30T18:06:32Z,48.3600,-4.7800,1021.9,0,5.0495,0.0428,01111011
EXSH0001,2016-10-30T18:11:32Z,48.3600,-4.7800,1021.9,0,4.9482,0.0415,01111011
EXSH0001,2016-10-30T18:16:32Z,48.3600,-4.7800,1021.9,0,4.8529,0.0418,01111011
EXSH0001,2016-10-30T18:21:32Z,48.3600,-4.7800,1021.9,0,4.7707,0.0545,01111011
EXSH0001,2016-10-30T18:26:32Z,48.3600,-4.7800,1021.9,0,4.6829,0.0662,01111011
EXSH0001,2016-10-30T18:31:32Z,48.3600,-4.7800,1021.9,0,4.5721,0.0293,01111011
EXSH0001,2016-10-30T18:36:32Z,48.3600,-4.7800,1021.9,0,4.4735,0.034,01111011
EXSH0001,2016-10-30T18:41:32Z,48.3600,-4.7800,1021.9,0,4.3688,0.026,01111011
EXSH0001,2016-10-30T18:46:32Z,48.3600,-4.7800,1021.9,0,4.2874,0.0396,01111011
EXSH0001,2016-10-30T18:51:32Z,48.3600,-4.7800,1021.9,0,4.1878,0.045,01111011
EXSH0001,2016-10-30T18:56:32Z,48.3600,-4.7800,1021.9,0,4.103,0.0553,01111011
EXSH0001,2016-10-30T19:01:32Z,48.3600,-4.7800,1022.2,0,3.9991,0.0563,01111011
EXSH0001,2016-10-30T19:06:32Z,48.3600,-4.7800,1022.2,0,3.8963,0.0486,01111011
EXSH0001,2016-10-30T19:11:32Z,48.3600,-4.7800,1022.2,0,3.7944,0.0449,01111011
EXSH0001,2016-10-30T19:16:32Z,48.3600,-4.7800,1022.2,0,3.7051,0.0574,01111011
EXSH0001,2016-10-30T19:21:32Z,48.3600,-4.7800,1022.2,0,3.6075,0.058,01111011
EXSH0001,2016-10-30T19:26:32Z,48.3600,-4.7800,1022.2,0,3.4993,0.0498,01111011
EXSH0001,2016-10-30T19:31:32Z,48.3600,-4.7800,1022.2,0,3.4094,0.028,01111011
EXSH0001,2016-10-30T19:36:32Z,48.3600,-4.7800,1022.2,0,3.3237,0.0404,01111011
EXSH0001,2016-10-30T19:41:32Z,48.3600,-4.7800,1022.2,0,3.2255,0.0372,01111011
EXSH0001,2016-10-30T19:46:32Z,48.3600,-4.7800,1022.2,0,3.1451,0.0537,01111011
EXSH0001,2016-10-30T19:51:32Z,48.3600,-4.7800,1022.2,0,3.0527,0.0513,01111011
EXSH0001,2016-10-30T19:56:32Z,48.3600,-4.7800,1022.2,0,2.9517,0.0403,01111011
EXSH0001,2016-10-30T20:01:32Z,48.3600,-4.7800,1022.3,0,2.8745,0.0531,01111011
EXSH0001,2016-10-30T20:06:32Z,48.3600,-4.7800,1022.3,0,2.7861,0.0547,01111011
EXSH0001,2016-10-30T20:11:32Z,48.3600,-4.7800,1022.3,0,2.6915,0.0501,01111011
EXSH0001,2016-10-30T20:16:32Z,48.3600,-4.7800,1022.3,0,2.6163,0.0568,01111011
EXSH0001,2016-10-30T20:21:32Z,48.3600,-4.7800,1022.3,0,2.5201,0.0456,01111011
EXSH0001,2016-10-30T20:26:32Z,48.3600,-4.7800,1022.3,0,2.4337,0.0423,01111011
EXSH0001,2016-10-30T20:31:32Z,48.3600,-4.7800,1022.3,0,2.3612,0.0277,01111011
EXSH0001,2016-10-30T20:36:32Z,48.3600,-4.7800,1022.3,0,2.2846,0.0261,01111011
EXSH0001,2016-10-30T20:41:32Z,48.3600,-4.7800,1022.3,0,2.1948,0.0113,01111011
EXSH0001,2016-10-30T20:46:32Z,48.3600,-4.7800,1022.3,0,2.1337,0.0252,01111011
EXSH0001,2016-10-30T20:51:32Z,48.3600,-4.7800,1022.3,0,2.0695,0.0267,01111011
EXSH0001,2016-10-30T20:56:32Z,48.3600,-4.7800,1022.3,0,2.0049,0.0321,01111011
EXSH0001,2016-10-30T21:01:32Z,48.3600,-4.7800,1022.3,0,1.9394,0.0266,01111011
EXSH0001,2016-10-30T21:06:32Z,48.3600,-4.7800,1022.3,0,1.8838,0.031,01111011
EXSH0001,2016-10-30T21:11:32Z,48.3600,-4.7800,1022.3,0,1.8205,0.0184,01111011
EXSH0001,2016-10-30T21:16:32Z,48.3600,-4.7800,1022.3,0,1.7859,0.0388,01111011
EXSH0001,2016-10-30T21:21:32Z,48.3600,-4.7800,1022.3,0,1.7231,0.021,01111011
EXSH0001,2016-10-30T21:26:32Z,48.3600,-4.7800,1022.3,0,1.6871,0.03,01111011
EXSH0001,2016-10-30T21:31:32Z,48.3600,-4.7800,1022.3,0,1.6215,-0.0076,01111011
EXSH0001,2016-10-30T21:36:32Z,48.3600,-4.7800,1022.3,0,1.5891,0,01111011
EXSH0001,2016-10-30T21:41:32Z,48.3600,-4.7800,1022.3,0,1.5685,0.0094,01111011
EXSH0001,2016-10-30T21:46:32Z,48.3600,-4.7800,1022.3,0,1.5288,-0.0003,01111011
EXSH0001,2016-10-30T21:51:32Z,48.3600,-4.7800,1022.3,0,1.5053,0.0008,01111011
EXSH0001,2016-10-30T21:56:32Z,48.3600,-4.7800,1022.3,0,1.4934,0.0039,01111011
EXSH0001,2016-10-30T22:01:32Z,48.3600,-4.7800,1022.3,0,1.4877,0.0131,01111011
EXSH0001,2016-10-30T22:06:32Z,48.3600,-4.7800,1022.3,0,1.4649,0.0049,01111011
EXSH0001,2016-10-30T22:11:32Z,48.3600,-4.7800,1022.3,0,1.4691,0.0146,01111011
EXSH0001,2016-10-30T22:16:32Z,48.3600,-4.7800,1022.3,0,1.4794,0.029,01111011
EXSH0001,2016-10-30T22:21:32Z,48.3600,-4.7800,1022.3,0,1.4621,0.0021,01111011
EXSH0001,2016-10-30T22:26:32Z,48.3600,-4.7800,1022.3,0,1.4631,-0.0069,01111011
EXSH0001,2016-10-30T22:31:32Z,48.3600,-4.7800,1022.3,0,1.4624,-0.0094,01111011
EXSH0001,2016-10-30T22:36:32Z,48.3600,-4.7800,1022.3,0,1.4728,-0.0209,01111011
EXSH0001,2016-10-30T22:41:32Z,48.3600,-4.7800,1022.3,0,1.497,-0.0167,01111011
EXSH0001,2016-10-30T22:46:32Z,48.3600,-4.7800,1022.3,0,1.5167,-0.027,01111011
EXSH0001,2016-10-30T22:51:32Z,48.3600,-4.7800,1022.3,0,1.5716,-0.0021,01111011
EXSH0001,2016-10-30T22:56:32Z,48.3600,-4.7800,1022.3,0,1.5811,-0.0226,01111011
EXSH0001,2016-10-30T23:01:32Z,48.3600,-4.7800,1022.2,0,1.6271,-0.0184,01111011
EXSH0001,2016-10-30T23:06:32Z,48.3600,-4.7800,1022.2,0,1.672,-0.0186,01111011
EXSH0001,2016-10-30T23:11:32Z,48.3600,-4.7800,1022.2,0,1.7345,-0.0111,01111011
EXSH0001,2016-10-30T23:16:32Z,48.3600,-4.7800,1022.2,0,1.8007,0.0033,01111011
EXSH0001,2016-10-30T23:21:32Z,48.3600,-4.7800,1022.2,0,1.8385,-0.0207,01111011
EXSH0001,2016-10-30T23:26:32Z,48.3600,-4.7800,1022.2,0,1.9239,-0.0035,01111011
EXSH0001,2016-10-30T23:31:32Z,48.3600,-4.7800,1022.2,0,1.9679,-0.0121,01111011
EXSH0001,2016-10-30T23:36:32Z,48.3600,-4.7800,1022.2,0,2.0605,0.0055,01111011
EXSH0001,2016-10-30T23:41:32Z,48.3600,-4.7800,1022.2,0,2.1297,-0.0003,01111011
EXSH0001,2016-10-30T23:46:32Z,48.3600,-4.7800,1022.2,0,2.2393,0.0213,01111011
EXSH0001,2016-10-30T23:51:32Z,48.3600,-4.7800,1022.2,0,2.3131,0.0051,01111011
EXSH0001,2016-10-30T23:56:32Z,48.3600,-4.7800,1022.2,0,2.3981,0.0001,01111011
EXSH0001,2016-10-31T00:01:32Z,48.3600,-4.7800,1022,0,2.4861,-0.0099,01111011
EXSH0001,2016-10-31T00:06:32Z,48.3600,-4.7800,1022,0,2.5839,-0.0071,01111011
EXSH0001,2016-10-31T00:11:32Z,48.3600,-4.7800,1022,0,2.6817,-0.0143,01111011
EXSH0001,2016-10-31T00:16:32Z,48.3600,-4.7800,1022,0,2.7848,-0.0192,01111011
EXSH0001,2016-10-31T00:21:32Z,48.3600,-4.7800,1022,0,2.9184,0.0024,01111011
EXSH0001,2016-10-31T00:26:32Z,48.3600,-4.7800,1022,0,3.0184,-0.0126,01111011
EXSH0001,2016-10-31T00:31:32Z,48.3600,-4.7800,1022,0,3.1461,0.0229,01111011
EXSH0001,2016-10-31T00:36:32Z,48.3600,-4.7800,1022,0,3.2361,0.002,01111011
EXSH0001,2016-10-31T00:41:32Z,48.3600,-4.7800,1022,0,3.3573,0.0041,01111011
EXSH0001,2016-10-31T00:46:32Z,48.3600,-4.7800,1022,0,3.4695,-0.0037,01111011
EXSH0001,2016-10-31T00:51:32Z,48.3600,-4.7800,1022,0,3.5779,-0.0153,01111011
EXSH0001,2016-10-31T00:56:32Z,48.3600,-4.7800,1022,0,3.7091,-0.0041,01111011
EXSH0001,2016-10-31T01:01:32Z,48.3600,-4.7800,1021.8,0,3.8115,-0.0317,01111011
EXSH0001,2016-10-31T01:06:32Z,48.3600,-4.7800,1021.8,0,3.9286,-0.0346,01111011
EXSH0001,2016-10-31T01:11:32Z,48.3600,-4.7800,1021.8,0,4.0603,-0.0229,01111011
EXSH0001,2016-10-31T01:16:32Z,48.3600,-4.7800,1021.8,0,4.1681,-0.0351,01111011
EXSH0001,2016-10-31T01:21:32Z,48.3600,-4.7800,1021.8,0,4.2855,-0.0377,01111011
EXSH0001,2016-10-31T01:26:32Z,48.3600,-4.7800,1021.8,0,4.4002,-0.043,01111011
EXSH0001,2016-10-31T01:31:32Z,48.3600,-4.7800,1021.8,0,4.5188,-0.0156,01111011
EXSH0001,2016-10-31T01:36:32Z,48.3600,-4.7800,1021.8,0,4.6442,-0.0102,01111011
EXSH0001,2016-10-31T01:41:32Z,48.3600,-4.7800,1021.8,0,4.7527,-0.0117,01111011
EXSH0001,2016-10-31T01:46:32Z,48.3600,-4.7800,1021.8,0,4.8521,-0.0323,01111011
EXSH0001,2016-10-31T01:51:32Z,48.3600,-4.7800,1021.8,0,4.9601,-0.0338,01111011
EXSH0001,2016-10-31T01:56:32Z,48.3600,-4.7800,1021.8,0,5.0812,-0.0232,01111011
EXSH0001,2016-10-31T02:01:32Z,48.3600,-4.7800,1021.7,0,5.1653,-0.0485,01111011
EXSH0001,2016-10-31T02:06:32Z,48.3600,-4.7800,1021.7,0,5.2639,-0.055,01111011
EXSH0001,2016-10-31T02:11:32Z,48.3600,-4.7800,1021.7,0,5.3635,-0.0603,01111011
EXSH0001,2016-10-31T02:16:32Z,48.3600,-4.7800,1021.7,0,5.4743,-0.049,01111011
EXSH0001,2016-10-31T02:21:32Z,48.3600,-4.7800,1021.7,0,5.5726,-0.0507,01111011
EXSH0001,2016-10-31T02:26:32Z,48.3600,-4.7800,1021.7,0,5.6825,-0.0363,01111011
EXSH0001,2016-10-31T02:31:32Z,48.3600,-4.7800,1021.7,0,5.7547,-0.0358,01111011
EXSH0001,2016-10-31T02:36:32Z,48.3600,-4.7800,1021.7,0,5.8528,-0.0277,01111011
EXSH0001,2016-10-31T02:41:32Z,48.3600,-4.7800,1021.7,0,5.9304,-0.0334,01111011
EXSH0001,2016-10-31T02:46:32Z,48.3600,-4.7800,1021.7,0,5.996,-0.0527,01111011
EXSH0001,2016-10-31T02:51:32Z,48.3600,-4.7800,1021.7,0,6.0753,-0.0484,01111011
EXSH0001,2016-10-31T02:56:32Z,48.3600,-4.7800,1021.7,0,6.1529,-0.0458,01111011
EXSH0001,2016-10-31T03:01:32Z,48.3600,-4.7800,1021.3,0,6.2133,-0.0604,01111011
EXSH0001,2016-10-31T03:06:32Z,48.3600,-4.7800,1021.3,0,6.2938,-0.0432,01111011
EXSH0001,2016-10-31T03:11:32Z,48.3600,-4.7800,1021.3,0,6.3438,-0.0532,01111011
EXSH0001,2016-10-31T03:16:32Z,48.3600,-4.7800,1021.3,0,6.4045,-0.0507,01111011
EXSH0001,2016-10-31T03:21:32Z,48.3600,-4.7800,1021.3,0,6.4757,-0.0313,01111011
EXSH0001,2016-10-31T03:26:32Z,48.3600,-4.7800,1021.3,0,6.5161,-0.0391,01111011
EXSH0001,2016-10-31T03:31:32Z,48.3600,-4.7800,1021.3,0,6.5607,-0.0255,01111011
EXSH0001,2016-10-31T03:36:32Z,48.3600,-4.7800,1021.3,0,6.5861,-0.0301,01111011
EXSH0001,2016-10-31T03:41:32Z,48.3600,-4.7800,1021.3,0,6.5943,-0.0519,01111011
EXSH0001,2016-10-31T03:46:32Z,48.3600,-4.7800,1021.3,0,6.6225,-0.0537,01111011
EXSH0001,2016-10-31T03:51:32Z,48.3600,-4.7800,1021.3,0,6.6524,-0.0407,01111011
EXSH0001,2016-10-31T03:56:32Z,48.3600,-4.7800,1021.3,0,6.6601,-0.0399,01111011
EXSH0001,2016-10-31T04:01:32Z,48.3600,-4.7800,1021.3,0,6.696,-0.014,01111011
EXSH0001,2016-10-31T04:06:32Z,48.3600,-4.7800,1021.3,0,6.6934,-0.0166,01111011
EXSH0001,2016-10-31T04:11:32Z,48.3600,-4.7800,1021.3,0,6.6999,0.003,01111011
EXSH0001,2016-10-31T04:16:32Z,48.3600,-4.7800,1021.3,0,6.6907,0.0088,01111011
EXSH0001,2016-10-31T04:21:32Z,48.3600,-4.7800,1021.3,0,6.656,-0.0109,01111011
EXSH0001,2016-10-31T04:26:32Z,48.3600,-4.7800,1021.3,0,6.6341,-0.0097,01111011
EXSH0001,2016-10-31T04:31:32Z,48.3600,-4.7800,1021.3,0,6.5945,-0.0269,01111011
EXSH0001,2016-10-31T05:37:42Z,48.3600,-4.7800,,0,5.8555,0.0192,01119011
EXSH0001,2016-10-31T05:42:42Z,48.3600,-4.7800,,0,5.7738,0.0185,01119011
EXSH0001,2016-10-31T05:47:42Z,48.3600,-4.7800,,0,5.6979,0.0316,01119011
EXSH0001,2016-10-31T05:52:42Z,48.3600,-4.7800,,0,5.6165,0.0402,01119011
EXSH0001,2016-10-31T05:57:42Z,48.3600,-4.7800,,0,5.5277,0.0414,01119011
EXSH0001,2016-10-31T06:02:42Z,48.3600,-4.7800,1021,0,5.4319,0.0356,01111011
EXSH0001,2016-10-31T06:07:42Z,48.3600,-4.7800,1021,0,5.3402,0.0339,01111011
EXSH0001,2016-10-31T06:12:42Z,48.3600,-4.7800,1021,0,5.2632,0.0559,01111011
EXSH0001,2016-10-31T06:17:42Z,48.3600,-4.7800,1021,0,5.1683,0.056,01111011
EXSH0001,2016-10-31T06:22:42Z,48.3600,-4.7800,1021,0,5.0834,0.0671,01111011
EXSH0001,2016-10-31T06:27:42Z,48.3600,-4.7800,1021,0,4.9717,0.0554,01111011
EXSH0001,2016-10-31T06:32:42Z,48.3600,-4.7800,1021,0,4.8891,0.0465,01111011
EXSH0001,2016-10-31T15:10:25Z,48.3600,-4.7800,,0,6.1462,-0.0192,01119011
EXSH0001,2016-10-31T15:15:25Z,48.3600,-4.7800,,0,6.2011,-0.0343,01119011
EXSH0001,2016-10-31T15:20:25Z,48.3600,-4.7800,,0,6.2719,-0.0299,01119011
EXSH0001,2016-10-31T15:25:25Z,48.3600,-4.7800,,0,6.3341,-0.03,01119011
EXSH0001,2016-10-31T15:30:25Z,48.3600,-4.7800,,0,6.3845,-0.0309,01119011
EXSH0001,2016-10-31T15:35:25Z,48.3600,-4.7800,,0,6.4526,-0.0114,01119011
EXSH0001,2016-10-31T15:40:25Z,48.3600,-4.7800,,0,6.502,-0.0071,01119011
EXSH0001,2016-10-31T15:45:25Z,48.3600,-4.7800,,0,6.5471,-0.0056,01119011
EXSH0001,2016-10-31T15:50:25Z,48.3600,-4.7800,,0,6.5786,-0.0105,01119011
EXSH0001,2016-10-31T15:55:25Z,48.3600,-4.7800,,0,6.6065,-0.0062,01119011
EXSH0001,2016-10-31T16:00:25Z,48.3600,-4.7800,1021.6,0,6.6189,-0.0175,01111011
EXSH0001,2016-10-31T16:05:25Z,48.3600,-4.7800,1021.6,0,6.6493,0.0015,01111011
EXSH0001,2016-10-31T16:10:25Z,48.3600,-4.7800,1021.6,0,6.6567,-0.0061,01111011
EXSH0001,2016-10-31T16:15:25Z,48.3600,-4.7800,1021.6,0,6.6619,-0.0081,01111011
EXSH0001,2016-10-31T16:20:25Z,48.3600,-4.7800,1021.6,0,6.6757,0.0057,01111011
EXSH0001,2016-10-31T16:25:25Z,48.3600,-4.7800,1021.6,0,6.6824,0.0202,01111011
EXSH0001,2016-10-31T16:30:25Z,48.3600,-4.7800,1021.6,0,6.6835,0.0263,01111011
EXSH0001,2016-10-31T16:35:25Z,48.3600,-4.7800,1021.6,0,6.6629,0.0284,01111011
EXSH0001,2016-10-31T16:40:25Z,48.3600,-4.7800,1021.6,0,6.6329,0.0184,01111011
EXSH0001,2016-10-31T16:45:25Z,48.3600,-4.7800,1021.6,0,6.6115,0.027,01111011
EXSH0001,2016-10-31T16:50:25Z,48.3600,-4.7800,1021.6,0,6.5695,0.0178,01111011
EXSH0001,2016-10-31T16:55:25Z,48.3600,-4.7800,1021.6,0,6.5427,0.0359,01111011
EXSH0001,2016-10-31T17:00:25Z,48.3600,-4.7800,1021.6,0,6.4895,0.0277,01111011
EXSH0001,2016-10-31T17:05:25Z,48.3600,-4.7800,1021.6,0,6.4423,0.014,01111011
EXSH0001,2016-10-31T17:10:25Z,48.3600,-4.7800,1021.6,0,6.392,0.0176,01111011
EXSH0001,2016-10-31T17:15:25Z,48.3600,-4.7800,1021.6,0,6.3421,0.0277,01111011
EXSH0001,2016-10-31T17:20:25Z,48.3600,-4.7800,1021.6,0,6.2885,0.0341,01111011
EXSH0001,2016-10-31T17:25:25Z,48.3600,-4.7800,1021.6,0,6.2199,0.0255,01111011
EXSH0001,2016-10-31T17:30:25Z,48.3600,-4.7800,1021.6,0,6.1572,0.0317,01111011
EXSH0001,2016-10-31T17:35:25Z,48.3600,-4.7800,1021.6,0,6.0851,0.0346,01111011
EXSH0001,2016-10-31T17:40:25Z,48.3600,-4.7800,1021.6,0,6.0157,0.0402,01111011
EXSH0001,2016-10-31T17:45:25Z,48.3600,-4.7800,1021.6,0,5.9465,0.046,01111011
EXSH0001,2016-10-31T17:50:25Z,48.3600,-4.7800,1021.6,0,5.8718,0.0463,01111011
EXSH0001,2016-10-31T17:55:25Z,48.3600,-4.7800,1021.6,0,5.7891,0.0486,01111011
EXSH0001,2016-10-31T18:00:25Z,48.3600,-4.7800,1021.7,0,5.7131,0.0565,01111011
EXSH0001,2016-10-31T18:05:25Z,48.3600,-4.7800,1021.7,0,5.6341,0.0446,01111011
EXSH0001,2016-10-31T18:10:25Z,48.3600,-4.7800,1021.7,0,5.5587,0.0493,01111011
EXSH0001,2016-10-31T18:15:25Z,48.3600,-4.7800,1021.7,0,5.4693,0.0499,01111011
EXSH0001,2016-10-31T18:20:25Z,48.3600,-4.7800,1021.7,0,5.3754,0.046,01111011
EXSH0001,2016-10-31T18:25:25Z,48.3600,-4.7800,1021.7,0,5.2951,0.0657,01111011
EXSH0001,2016-10-31T18:30:25Z,48.3600,-4.7800,1021.7,0,5.2057,0.0663,01111011
EXSH0001,2016-10-31T18:35:25Z,48.3600,-4.7800,1021.7,0,5.1055,0.0562,01111011
EXSH0001,2016-10-31T18:40:25Z,48.3600,-4.7800,1021.7,0,5.0139,0.0645,01111011
EXSH0001,2016-10-31T18:45:25Z,48.3600,-4.7800,1021.7,0,4.9083,0.0589,01111011
EXSH0001,2016-10-31T18:50:25Z,48.3600,-4.7800,1021.7,0,4.8193,0.0599,01111011
EXSH0001,2016-10-31T18:55:25Z,48.3600,-4.7800,1021.7,0,4.7271,0.0678,01111011
EXSH0001,2016-10-31T19:00:25Z,48.3600,-4.7800,1021.9,0,4.6401,0.0807,01111011
EXSH0001,2016-10-31T19:05:25Z,48.3600,-4.7800,1021.9,0,4.5407,0.0559,01111011
EXSH0001,2016-10-31T19:10:25Z,48.3600,-4.7800,1021.9,0,4.4355,0.0457,01111011
EXSH0001,2016-10-31T19:15:25Z,48.3600,-4.7800,1021.9,0,4.3448,0.0535,01111011
EXSH0001,2016-10-31T19:20:25Z,48.3600,-4.7800,1021.9,0,4.2528,0.0629,01111011
EXSH0001,2016-10-31T19:25:25Z,48.3600,-4.7800,1021.9,0,4.1593,0.068,01111011
EXSH0001,2016-10-31T19:30:25Z,48.3600,-4.7800,1021.9,0,4.0466,0.0568,01111011
EXSH0001,2016-10-31T19:35:25Z,48.3600,-4.7800,1021.9,0,3.9497,0.0584,01111011
EXSH0001,2016-10-31T19:40:25Z,48.3600,-4.7800,1021.9,0,3.8559,0.0646,01111011
EXSH0001,2016-10-31T19:45:25Z,48.3600,-4.7800,1021.9,0,3.7673,0.0724,01111011
EXSH0001,2016-10-31T19:50:25Z,48.3600,-4.7800,1021.9,0,3.6765,0.0766,01111011
EXSH0001,2016-10-31T19:55:25Z,48.3600,-4.7800,1021.9,0,3.5756,0.0743,01111011
EXSH0001,2016-10-31T20:00:25Z,48.3600,-4.7800,1022.2,0,3.4909,0.0896,01111011
EXSH0001,2016-10-31T20:05:25Z,48.3600,-4.7800,1022.2,0,3.3993,0.0678,01111011
EXSH0001,2016-10-31T20:10:25Z,48.3600,-4.7800,1022.2,0,3.3115,0.0774,01111011
EXSH0001,2016-10-31T20:15:25Z,48.3600,-4.7800,1022.2,0,3.2249,0.0808,01111011
EXSH0001,2016-10-31T20:20:25Z,48.3600,-4.7800,1022.2,0,3.1241,0.0777,01111011
EXSH0001,2016-10-31T20:25:25Z,48.3600,-4.7800,1022.2,0,3.0313,0.0772,01111011
EXSH0001,2016-10-31T20:30:25Z,48.3600,-4.7800,1022.2,0,2.9326,0.0685,01111011
EXSH0001,2016-10-31T20:35:25Z,48.3600,-4.7800,1022.2,0,2.8527,0.0786,01111011
EXSH0001,2016-10-31T20:40:25Z,48.3600,-4.7800,1022.2,0,2.7617,0.0699,01111011
EXSH0001,2016-10-31T20:45:25Z,48.3600,-4.7800,1022.2,0,2.6859,0.0818,01111011
EXSH0001,2016-10-31T20:50:25Z,48.3600,-4.7800,1022.2,0,2.5897,0.068,01111011
EXSH0001,2016-10-31T20:55:25Z,48.3600,-4.7800,1022.2,0,2.5005,0.0638,01111011
EXSH0001,2016-10-31T21:00:25Z,48.3600,-4.7800,1022.3,0,2.4335,0.0717,01111011
EXSH0001,2016-10-31T21:05:25Z,48.3600,-4.7800,1022.3,0,2.3482,0.0432,01111011
EXSH0001,2016-10-31T21:10:25Z,48.3600,-4.7800,1022.3,0,2.2804,0.0504,01111011
EXSH0001,2016-10-31T21:15:25Z,48.3600,-4.7800,1022.3,0,2.2116,0.0566,01111011
EXSH0001,2016-10-31T21:20:25Z,48.3600,-4.7800,1022.3,0,2.1359,0.0459,01111011
EXSH0001,2016-10-31T21:25:25Z,48.3600,-4.7800,1022.3,0,2.0639,0.0399,01111011
EXSH0001,2016-10-31T21:30:25Z,48.3600,-4.7800,1022.3,0,1.9965,0.0325,01111011
EXSH0001,2016-10-31T21:35:25Z,48.3600,-4.7800,1022.3,0,1.9269,0.0229,01111011
EXSH0001,2016-10-31T21:40:25Z,48.3600,-4.7800,1022.3,0,1.8836,0.0396,01111011
EXSH0001,2016-10-31T21:45:25Z,48.3600,-4.7800,1022.3,0,1.833,0.04,01111011
EXSH0001,2016-10-31T21:50:25Z,48.3600,-4.7800,1022.3,0,1.7945,0.0505,01111011
EXSH0001,2016-10-31T21:55:25Z,48.3600,-4.7800,1022.3,0,1.7493,0.0563,01111011
EXSH0001,2016-10-31T22:00:25Z,48.3600,-4.7800,1022.2,0,1.7089,0.0509,01111011
EXSH0001,2016-10-31T22:05:25Z,48.3600,-4.7800,1022.2,0,1.68,0.0504,01111011
EXSH0001,2016-10-31T22:10:25Z,48.3600,-4.7800,1022.2,0,1.6168,0.0174,01111011
EXSH0001,2016-10-31T22:15:25Z,48.3600,-4.7800,1022.2,0,1.6017,0.0369,01111011
EXSH0001,2016-10-31T22:20:25Z,48.3600,-4.7800,1022.2,0,1.5553,0.0157,01111011
EXSH0001,2016-10-31T22:25:25Z,48.3600,-4.7800,1022.2,0,1.5603,0.0455,01111011
EXSH0001,2016-10-31T22:30:25Z,48.3600,-4.7800,1022.2,0,1.5345,0.0347,01111011
EXSH0001,2016-10-31T22:35:25Z,48.3600,-4.7800,1022.2,0,1.5234,0.0334,01111011
EXSH0001,2016-10-31T22:40:25Z,48.3600,-4.7800,1022.2,0,1.5109,0.0309,01111011
EXSH0001,2016-10-31T22:45:25Z,48.3600,-4.7800,1022.2,0,1.5163,0.0363,01111011
EXSH0001,2016-10-31T22:50:25Z,48.3600,-4.7800,1022.2,0,1.523,0.043,01111011
EXSH0001,2016-10-31T22:55:25Z,48.3600,-4.7800,1022.2,0,1.5191,0.0339,01111011
EXSH0001,2016-10-31T23:00:25Z,48.3600,-4.7800,1022.3,0,1.5381,0.0479,01111011
EXSH0001,2016-10-31T23:05:25Z,48.3600,-4.7800,1022.3,0,1.5349,0.0322,01111011
EXSH0001,2016-10-31T23:10:25Z,48.3600,-4.7800,1022.3,0,1.5539,0.0276,01111011
EXSH0001,2016-10-31T23:15:25Z,48.3600,-4.7800,1022.3,0,1.5713,0.0199,01111011
EXSH0001,2016-10-31T23:20:25Z,48.3600,-4.7800,1022.3,0,1.5911,0.0184,01111011
EXSH0001,2016-10-31T23:25:25Z,48.3600,-4.7800,1022.3,0,1.6161,0.0034,01111011
EXSH0001,2016-10-31T23:30:25Z,48.3600,-4.7800,1022.3,0,1.6558,0.0068,01111011
EXSH0001,2016-10-31T23:35:25Z,48.3600,-4.7800,1022.3,0,1.7211,0.0271,01111011
EXSH0001,2016-10-31T23:40:25Z,48.3600,-4.7800,1022.3,0,1.7655,0.0264,01111011
EXSH0001,2016-10-31T23:45:25Z,48.3600,-4.7800,1022.3,0,1.8296,0.0342,01111011
EXSH0001,2016-10-31T23:50:25Z,48.3600,-4.7800,1022.3,0,1.8752,0.0198,01111011
EXSH0001,2016-10-31T23:55:25Z,48.3600,-4.7800,1022.3,0,1.9387,0.0233,01111011
